filename,filepath,width,height,mode,split,label,aspect_ratio
IM-0115-0001.jpeg,data/train/NORMAL/IM-0115-0001.jpeg,2090,1858,L,train,NORMAL,1.1248654467169
IM-0117-0001.jpeg,data/train/NORMAL/IM-0117-0001.jpeg,1422,1152,L,train,NORMAL,1.234375
IM-0119-0001.jpeg,data/train/NORMAL/IM-0119-0001.jpeg,1810,1434,L,train,NORMAL,1.2622036262203626
IM-0122-0001.jpeg,data/train/NORMAL/IM-0122-0001.jpeg,1618,1279,L,train,NORMAL,1.2650508209538702
IM-0125-0001.jpeg,data/train/NORMAL/IM-0125-0001.jpeg,1600,1125,L,train,NORMAL,1.4222222222222223
IM-0127-0001.jpeg,data/train/NORMAL/IM-0127-0001.jpeg,1974,1306,L,train,NORMAL,1.5114854517611025
IM-0128-0001.jpeg,data/train/NORMAL/IM-0128-0001.jpeg,1528,1013,L,train,NORMAL,1.508390918065153
IM-0129-0001.jpeg,data/train/NORMAL/IM-0129-0001.jpeg,1384,1167,L,train,NORMAL,1.1859468723221938
IM-0131-0001.jpeg,data/train/NORMAL/IM-0131-0001.jpeg,1450,1144,L,train,NORMAL,1.2674825174825175
IM-0133-0001.jpeg,data/train/NORMAL/IM-0133-0001.jpeg,1468,993,L,train,NORMAL,1.4783484390735147
IM-0135-0001.jpeg,data/train/NORMAL/IM-0135-0001.jpeg,1724,1581,L,train,NORMAL,1.09044908285895
IM-0137-0001.jpeg,data/train/NORMAL/IM-0137-0001.jpeg,1346,1044,L,train,NORMAL,1.289272030651341
IM-0140-0001.jpeg,data/train/NORMAL/IM-0140-0001.jpeg,1156,1237,L,train,NORMAL,0.9345189975747777
IM-0141-0001.jpeg,data/train/NORMAL/IM-0141-0001.jpeg,1740,1453,L,train,NORMAL,1.1975223675154851
IM-0143-0001.jpeg,data/train/NORMAL/IM-0143-0001.jpeg,2138,1928,L,train,NORMAL,1.1089211618257262
IM-0145-0001.jpeg,data/train/NORMAL/IM-0145-0001.jpeg,1596,1156,L,train,NORMAL,1.3806228373702423
IM-0147-0001.jpeg,data/train/NORMAL/IM-0147-0001.jpeg,2102,1974,L,train,NORMAL,1.0648429584599797
IM-0149-0001.jpeg,data/train/NORMAL/IM-0149-0001.jpeg,1542,1152,L,train,NORMAL,1.3385416666666667
IM-0151-0001.jpeg,data/train/NORMAL/IM-0151-0001.jpeg,1518,1156,L,train,NORMAL,1.3131487889273357
IM-0152-0001.jpeg,data/train/NORMAL/IM-0152-0001.jpeg,1612,1133,L,train,NORMAL,1.4227714033539276
IM-0154-0001.jpeg,data/train/NORMAL/IM-0154-0001.jpeg,1844,1438,L,train,NORMAL,1.282336578581363
IM-0156-0001.jpeg,data/train/NORMAL/IM-0156-0001.jpeg,1488,1209,L,train,NORMAL,1.2307692307692308
IM-0158-0001.jpeg,data/train/NORMAL/IM-0158-0001.jpeg,994,758,L,train,NORMAL,1.3113456464379947
IM-0160-0001.jpeg,data/train/NORMAL/IM-0160-0001.jpeg,1750,1314,L,train,NORMAL,1.3318112633181127
IM-0162-0001.jpeg,data/train/NORMAL/IM-0162-0001.jpeg,1762,1430,L,train,NORMAL,1.2321678321678322
IM-0164-0001.jpeg,data/train/NORMAL/IM-0164-0001.jpeg,1202,808,L,train,NORMAL,1.4876237623762376
IM-0166-0001.jpeg,data/train/NORMAL/IM-0166-0001.jpeg,1972,1719,L,train,NORMAL,1.1471785922047701
IM-0168-0001.jpeg,data/train/NORMAL/IM-0168-0001.jpeg,1534,1187,L,train,NORMAL,1.2923336141533277
IM-0170-0001.jpeg,data/train/NORMAL/IM-0170-0001.jpeg,2148,1496,L,train,NORMAL,1.4358288770053476
IM-0172-0001.jpeg,data/train/NORMAL/IM-0172-0001.jpeg,1876,1893,L,train,NORMAL,0.9910195456946645
IM-0176-0001.jpeg,data/train/NORMAL/IM-0176-0001.jpeg,1680,1557,L,train,NORMAL,1.0789980732177264
IM-0177-0001.jpeg,data/train/NORMAL/IM-0177-0001.jpeg,2172,1615,L,train,NORMAL,1.344891640866873
IM-0178-0001.jpeg,data/train/NORMAL/IM-0178-0001.jpeg,1646,1124,L,train,NORMAL,1.4644128113879002
IM-0180-0001.jpeg,data/train/NORMAL/IM-0180-0001.jpeg,2136,1650,L,train,NORMAL,1.2945454545454544
IM-0182-0001.jpeg,data/train/NORMAL/IM-0182-0001.jpeg,1372,1005,L,train,NORMAL,1.3651741293532338
IM-0183-0001.jpeg,data/train/NORMAL/IM-0183-0001.jpeg,2338,2025,L,train,NORMAL,1.154567901234568
IM-0185-0001.jpeg,data/train/NORMAL/IM-0185-0001.jpeg,1458,1190,L,train,NORMAL,1.2252100840336135
IM-0187-0001.jpeg,data/train/NORMAL/IM-0187-0001.jpeg,1854,1572,L,train,NORMAL,1.1793893129770991
IM-0189-0001.jpeg,data/train/NORMAL/IM-0189-0001.jpeg,1466,1109,L,train,NORMAL,1.3219116321009918
IM-0191-0001.jpeg,data/train/NORMAL/IM-0191-0001.jpeg,2164,1746,L,train,NORMAL,1.2394043528064147
IM-0193-0001.jpeg,data/train/NORMAL/IM-0193-0001.jpeg,2010,1747,L,train,NORMAL,1.150543789353177
IM-0195-0001.jpeg,data/train/NORMAL/IM-0195-0001.jpeg,1774,1546,L,train,NORMAL,1.147477360931436
IM-0199-0001.jpeg,data/train/NORMAL/IM-0199-0001.jpeg,1506,833,L,train,NORMAL,1.8079231692677071
IM-0201-0001.jpeg,data/train/NORMAL/IM-0201-0001.jpeg,1446,1310,L,train,NORMAL,1.1038167938931298
IM-0203-0001.jpeg,data/train/NORMAL/IM-0203-0001.jpeg,1434,1260,L,train,NORMAL,1.138095238095238
IM-0205-0001.jpeg,data/train/NORMAL/IM-0205-0001.jpeg,1554,1075,L,train,NORMAL,1.4455813953488372
IM-0206-0001.jpeg,data/train/NORMAL/IM-0206-0001.jpeg,1040,747,L,train,NORMAL,1.392235609103079
IM-0207-0001.jpeg,data/train/NORMAL/IM-0207-0001.jpeg,1426,1049,L,train,NORMAL,1.3593898951382268
IM-0209-0001.jpeg,data/train/NORMAL/IM-0209-0001.jpeg,1164,1021,L,train,NORMAL,1.1400587659157688
IM-0210-0001.jpeg,data/train/NORMAL/IM-0210-0001.jpeg,1688,1105,L,train,NORMAL,1.527601809954751
IM-0211-0001.jpeg,data/train/NORMAL/IM-0211-0001.jpeg,1642,1245,L,train,NORMAL,1.318875502008032
IM-0213-0001.jpeg,data/train/NORMAL/IM-0213-0001.jpeg,1928,1303,L,train,NORMAL,1.4796623177283192
IM-0214-0001.jpeg,data/train/NORMAL/IM-0214-0001.jpeg,1522,1221,L,train,NORMAL,1.2465192465192465
IM-0215-0001.jpeg,data/train/NORMAL/IM-0215-0001.jpeg,1666,1209,L,train,NORMAL,1.3779983457402811
IM-0216-0001.jpeg,data/train/NORMAL/IM-0216-0001.jpeg,1944,1367,L,train,NORMAL,1.4220921726408193
IM-0217-0001.jpeg,data/train/NORMAL/IM-0217-0001.jpeg,1654,1275,L,train,NORMAL,1.2972549019607844
IM-0218-0001.jpeg,data/train/NORMAL/IM-0218-0001.jpeg,1678,1654,L,train,NORMAL,1.014510278113664
IM-0219-0001.jpeg,data/train/NORMAL/IM-0219-0001.jpeg,1592,1272,L,train,NORMAL,1.251572327044025
IM-0220-0001.jpeg,data/train/NORMAL/IM-0220-0001.jpeg,1484,1399,L,train,NORMAL,1.0607576840600428
IM-0221-0001.jpeg,data/train/NORMAL/IM-0221-0001.jpeg,1804,1480,L,train,NORMAL,1.218918918918919
IM-0222-0001.jpeg,data/train/NORMAL/IM-0222-0001.jpeg,1604,1179,L,train,NORMAL,1.3604749787955894
IM-0223-0001.jpeg,data/train/NORMAL/IM-0223-0001.jpeg,1852,1433,L,train,NORMAL,1.292393579902303
IM-0224-0001.jpeg,data/train/NORMAL/IM-0224-0001.jpeg,1766,1287,L,train,NORMAL,1.3721833721833723
IM-0225-0001.jpeg,data/train/NORMAL/IM-0225-0001.jpeg,2214,1974,L,train,NORMAL,1.121580547112462
IM-0226-0001.jpeg,data/train/NORMAL/IM-0226-0001.jpeg,1770,1387,L,train,NORMAL,1.2761355443403029
IM-0227-0001.jpeg,data/train/NORMAL/IM-0227-0001.jpeg,1870,1612,L,train,NORMAL,1.1600496277915633
IM-0228-0001.jpeg,data/train/NORMAL/IM-0228-0001.jpeg,1608,1175,L,train,NORMAL,1.3685106382978725
IM-0229-0001.jpeg,data/train/NORMAL/IM-0229-0001.jpeg,1442,1101,L,train,NORMAL,1.309718437783833
IM-0230-0001.jpeg,data/train/NORMAL/IM-0230-0001.jpeg,1624,1256,L,train,NORMAL,1.2929936305732483
IM-0231-0001.jpeg,data/train/NORMAL/IM-0231-0001.jpeg,1650,1437,L,train,NORMAL,1.1482254697286012
IM-0234-0001.jpeg,data/train/NORMAL/IM-0234-0001.jpeg,1550,1075,L,train,NORMAL,1.441860465116279
IM-0235-0001.jpeg,data/train/NORMAL/IM-0235-0001.jpeg,1816,1500,L,train,NORMAL,1.2106666666666666
IM-0236-0001.jpeg,data/train/NORMAL/IM-0236-0001.jpeg,1442,974,L,train,NORMAL,1.4804928131416837
IM-0237-0001.jpeg,data/train/NORMAL/IM-0237-0001.jpeg,1790,1140,L,train,NORMAL,1.5701754385964912
IM-0238-0001.jpeg,data/train/NORMAL/IM-0238-0001.jpeg,1464,1051,L,train,NORMAL,1.3929590865842054
IM-0239-0001.jpeg,data/train/NORMAL/IM-0239-0001.jpeg,1690,1314,L,train,NORMAL,1.2861491628614916
IM-0240-0001.jpeg,data/train/NORMAL/IM-0240-0001.jpeg,1944,1708,L,train,NORMAL,1.1381733021077283
IM-0241-0001.jpeg,data/train/NORMAL/IM-0241-0001.jpeg,1806,1392,L,train,NORMAL,1.2974137931034482
IM-0242-0001.jpeg,data/train/NORMAL/IM-0242-0001.jpeg,1844,1468,L,train,NORMAL,1.2561307901907357
IM-0243-0001.jpeg,data/train/NORMAL/IM-0243-0001.jpeg,1936,1677,L,train,NORMAL,1.1544424567680382
IM-0244-0001.jpeg,data/train/NORMAL/IM-0244-0001.jpeg,1354,1024,L,train,NORMAL,1.322265625
IM-0245-0001.jpeg,data/train/NORMAL/IM-0245-0001.jpeg,1724,1480,L,train,NORMAL,1.164864864864865
IM-0248-0001.jpeg,data/train/NORMAL/IM-0248-0001.jpeg,1608,1228,L,train,NORMAL,1.3094462540716612
IM-0249-0001.jpeg,data/train/NORMAL/IM-0249-0001.jpeg,2396,1990,L,train,NORMAL,1.2040201005025126
IM-0250-0001.jpeg,data/train/NORMAL/IM-0250-0001.jpeg,1550,1368,L,train,NORMAL,1.1330409356725146
IM-0251-0001.jpeg,data/train/NORMAL/IM-0251-0001.jpeg,1812,1206,L,train,NORMAL,1.5024875621890548
IM-0253-0001.jpeg,data/train/NORMAL/IM-0253-0001.jpeg,1720,1306,L,train,NORMAL,1.3169984686064318
IM-0255-0001.jpeg,data/train/NORMAL/IM-0255-0001.jpeg,1512,1171,L,train,NORMAL,1.291204099060632
IM-0256-0001.jpeg,data/train/NORMAL/IM-0256-0001.jpeg,1562,1086,L,train,NORMAL,1.438305709023941
IM-0257-0001.jpeg,data/train/NORMAL/IM-0257-0001.jpeg,1682,1418,L,train,NORMAL,1.1861777150916784
IM-0261-0001.jpeg,data/train/NORMAL/IM-0261-0001.jpeg,1596,1330,L,train,NORMAL,1.2
IM-0262-0001.jpeg,data/train/NORMAL/IM-0262-0001.jpeg,1690,1538,L,train,NORMAL,1.0988296488946685
IM-0264-0001.jpeg,data/train/NORMAL/IM-0264-0001.jpeg,1810,1545,L,train,NORMAL,1.1715210355987056
IM-0265-0001.jpeg,data/train/NORMAL/IM-0265-0001.jpeg,1616,1109,L,train,NORMAL,1.4571686203787195
IM-0266-0001.jpeg,data/train/NORMAL/IM-0266-0001.jpeg,1848,1495,L,train,NORMAL,1.2361204013377927
IM-0268-0001.jpeg,data/train/NORMAL/IM-0268-0001.jpeg,1620,1356,L,train,NORMAL,1.1946902654867257
IM-0269-0001.jpeg,data/train/NORMAL/IM-0269-0001.jpeg,2002,1786,L,train,NORMAL,1.1209406494960805
IM-0270-0001.jpeg,data/train/NORMAL/IM-0270-0001.jpeg,1346,1109,L,train,NORMAL,1.2137060414788097
IM-0272-0001.jpeg,data/train/NORMAL/IM-0272-0001.jpeg,1582,1155,L,train,NORMAL,1.3696969696969696
IM-0273-0001.jpeg,data/train/NORMAL/IM-0273-0001.jpeg,1522,1093,L,train,NORMAL,1.392497712717292
IM-0274-0001.jpeg,data/train/NORMAL/IM-0274-0001.jpeg,1704,1449,L,train,NORMAL,1.175983436853002
IM-0275-0001.jpeg,data/train/NORMAL/IM-0275-0001.jpeg,1866,1595,L,train,NORMAL,1.1699059561128526
IM-0276-0001.jpeg,data/train/NORMAL/IM-0276-0001.jpeg,1828,1654,L,train,NORMAL,1.1051995163240629
IM-0277-0001.jpeg,data/train/NORMAL/IM-0277-0001.jpeg,1608,1345,L,train,NORMAL,1.195539033457249
IM-0278-0001.jpeg,data/train/NORMAL/IM-0278-0001.jpeg,1766,1503,L,train,NORMAL,1.174983366600133
IM-0279-0001.jpeg,data/train/NORMAL/IM-0279-0001.jpeg,1616,1121,L,train,NORMAL,1.44157002676182
IM-0280-0001.jpeg,data/train/NORMAL/IM-0280-0001.jpeg,1728,1222,L,train,NORMAL,1.414075286415712
IM-0282-0001.jpeg,data/train/NORMAL/IM-0282-0001.jpeg,1588,1372,L,train,NORMAL,1.1574344023323615
IM-0283-0001.jpeg,data/train/NORMAL/IM-0283-0001.jpeg,1936,1612,L,train,NORMAL,1.2009925558312655
IM-0285-0001.jpeg,data/train/NORMAL/IM-0285-0001.jpeg,1426,1101,L,train,NORMAL,1.2951861943687557
IM-0286-0001.jpeg,data/train/NORMAL/IM-0286-0001.jpeg,1982,1804,L,train,NORMAL,1.098669623059867
IM-0288-0001.jpeg,data/train/NORMAL/IM-0288-0001.jpeg,1438,1140,L,train,NORMAL,1.2614035087719297
IM-0289-0001.jpeg,data/train/NORMAL/IM-0289-0001.jpeg,2280,2066,L,train,NORMAL,1.1035818005808324
IM-0290-0001.jpeg,data/train/NORMAL/IM-0290-0001.jpeg,1708,1434,L,train,NORMAL,1.191073919107392
IM-0291-0001.jpeg,data/train/NORMAL/IM-0291-0001.jpeg,1518,1005,L,train,NORMAL,1.51044776119403
IM-0292-0001.jpeg,data/train/NORMAL/IM-0292-0001.jpeg,1858,1500,L,train,NORMAL,1.2386666666666666
IM-0293-0001.jpeg,data/train/NORMAL/IM-0293-0001.jpeg,1438,1059,L,train,NORMAL,1.3578847969782815
IM-0294-0001.jpeg,data/train/NORMAL/IM-0294-0001.jpeg,1700,1383,L,train,NORMAL,1.2292118582791034
IM-0295-0001.jpeg,data/train/NORMAL/IM-0295-0001.jpeg,1828,1511,L,train,NORMAL,1.2097948378557246
IM-0297-0001.jpeg,data/train/NORMAL/IM-0297-0001.jpeg,1708,1415,L,train,NORMAL,1.2070671378091873
IM-0298-0001.jpeg,data/train/NORMAL/IM-0298-0001.jpeg,1704,1487,L,train,NORMAL,1.1459314055144587
IM-0299-0001.jpeg,data/train/NORMAL/IM-0299-0001.jpeg,1800,1503,L,train,NORMAL,1.1976047904191616
IM-0300-0001.jpeg,data/train/NORMAL/IM-0300-0001.jpeg,2020,1565,L,train,NORMAL,1.29073482428115
IM-0301-0001.jpeg,data/train/NORMAL/IM-0301-0001.jpeg,1708,1267,L,train,NORMAL,1.3480662983425415
IM-0302-0001.jpeg,data/train/NORMAL/IM-0302-0001.jpeg,1430,1128,L,train,NORMAL,1.2677304964539007
IM-0303-0001.jpeg,data/train/NORMAL/IM-0303-0001.jpeg,1762,1264,L,train,NORMAL,1.393987341772152
IM-0304-0001.jpeg,data/train/NORMAL/IM-0304-0001.jpeg,1472,978,L,train,NORMAL,1.5051124744376279
IM-0305-0001.jpeg,data/train/NORMAL/IM-0305-0001.jpeg,1304,1097,L,train,NORMAL,1.1886964448495898
IM-0306-0001.jpeg,data/train/NORMAL/IM-0306-0001.jpeg,1380,1040,L,train,NORMAL,1.3269230769230769
IM-0307-0001.jpeg,data/train/NORMAL/IM-0307-0001.jpeg,1766,1557,L,train,NORMAL,1.1342324983943481
IM-0308-0001.jpeg,data/train/NORMAL/IM-0308-0001.jpeg,1654,1368,L,train,NORMAL,1.20906432748538
IM-0309-0001.jpeg,data/train/NORMAL/IM-0309-0001.jpeg,2144,1805,L,train,NORMAL,1.1878116343490304
IM-0311-0001.jpeg,data/train/NORMAL/IM-0311-0001.jpeg,1268,885,L,train,NORMAL,1.432768361581921
IM-0312-0001.jpeg,data/train/NORMAL/IM-0312-0001.jpeg,1508,1093,L,train,NORMAL,1.3796889295516925
IM-0313-0001.jpeg,data/train/NORMAL/IM-0313-0001.jpeg,1696,1298,L,train,NORMAL,1.3066255778120184
IM-0314-0001.jpeg,data/train/NORMAL/IM-0314-0001.jpeg,1014,846,L,train,NORMAL,1.198581560283688
IM-0315-0001.jpeg,data/train/NORMAL/IM-0315-0001.jpeg,1268,959,L,train,NORMAL,1.3222106360792492
IM-0316-0001.jpeg,data/train/NORMAL/IM-0316-0001.jpeg,1368,1009,L,train,NORMAL,1.3557978196233895
IM-0317-0001.jpeg,data/train/NORMAL/IM-0317-0001.jpeg,2106,1719,L,train,NORMAL,1.225130890052356
IM-0318-0001.jpeg,data/train/NORMAL/IM-0318-0001.jpeg,1634,1210,L,train,NORMAL,1.350413223140496
IM-0319-0001.jpeg,data/train/NORMAL/IM-0319-0001.jpeg,1292,1225,L,train,NORMAL,1.0546938775510204
IM-0320-0001.jpeg,data/train/NORMAL/IM-0320-0001.jpeg,1700,1271,L,train,NORMAL,1.3375295043273014
IM-0323-0001.jpeg,data/train/NORMAL/IM-0323-0001.jpeg,1824,1430,L,train,NORMAL,1.2755244755244755
IM-0324-0001.jpeg,data/train/NORMAL/IM-0324-0001.jpeg,1198,931,L,train,NORMAL,1.2867883995703544
IM-0325-0001.jpeg,data/train/NORMAL/IM-0325-0001.jpeg,1504,1174,L,train,NORMAL,1.2810902896081773
IM-0326-0001.jpeg,data/train/NORMAL/IM-0326-0001.jpeg,1520,1306,L,train,NORMAL,1.1638591117917305
IM-0327-0001.jpeg,data/train/NORMAL/IM-0327-0001.jpeg,1808,1507,L,train,NORMAL,1.1997345719973458
IM-0329-0001.jpeg,data/train/NORMAL/IM-0329-0001.jpeg,1196,974,L,train,NORMAL,1.2279260780287475
IM-0330-0001.jpeg,data/train/NORMAL/IM-0330-0001.jpeg,1422,1191,L,train,NORMAL,1.1939546599496222
IM-0331-0001.jpeg,data/train/NORMAL/IM-0331-0001.jpeg,1360,1341,L,train,NORMAL,1.0141685309470545
IM-0332-0001.jpeg,data/train/NORMAL/IM-0332-0001.jpeg,1512,1202,L,train,NORMAL,1.2579034941763727
IM-0333-0001.jpeg,data/train/NORMAL/IM-0333-0001.jpeg,1114,843,L,train,NORMAL,1.3214709371293
IM-0335-0001.jpeg,data/train/NORMAL/IM-0335-0001.jpeg,2538,1897,L,train,NORMAL,1.3379019504480758
IM-0337-0001.jpeg,data/train/NORMAL/IM-0337-0001.jpeg,1584,1237,L,train,NORMAL,1.280517380759903
IM-0338-0001.jpeg,data/train/NORMAL/IM-0338-0001.jpeg,1746,1392,L,train,NORMAL,1.2543103448275863
IM-0339-0001.jpeg,data/train/NORMAL/IM-0339-0001.jpeg,1792,1623,L,train,NORMAL,1.1041281577325939
IM-0340-0001.jpeg,data/train/NORMAL/IM-0340-0001.jpeg,1840,1480,L,train,NORMAL,1.2432432432432432
IM-0341-0001.jpeg,data/train/NORMAL/IM-0341-0001.jpeg,1654,1364,L,train,NORMAL,1.2126099706744868
IM-0343-0001.jpeg,data/train/NORMAL/IM-0343-0001.jpeg,1588,1217,L,train,NORMAL,1.304847986852917
IM-0345-0001.jpeg,data/train/NORMAL/IM-0345-0001.jpeg,1310,1071,L,train,NORMAL,1.223155929038282
IM-0346-0001.jpeg,data/train/NORMAL/IM-0346-0001.jpeg,1592,1411,L,train,NORMAL,1.1282778171509569
IM-0347-0001.jpeg,data/train/NORMAL/IM-0347-0001.jpeg,1638,1168,L,train,NORMAL,1.4023972602739727
IM-0348-0001.jpeg,data/train/NORMAL/IM-0348-0001.jpeg,1388,1063,L,train,NORMAL,1.305738476011289
IM-0349-0001.jpeg,data/train/NORMAL/IM-0349-0001.jpeg,1592,1329,L,train,NORMAL,1.1978931527464258
IM-0350-0001.jpeg,data/train/NORMAL/IM-0350-0001.jpeg,1392,998,L,train,NORMAL,1.3947895791583167
IM-0351-0001.jpeg,data/train/NORMAL/IM-0351-0001.jpeg,1774,1588,L,train,NORMAL,1.1171284634760705
IM-0353-0001.jpeg,data/train/NORMAL/IM-0353-0001.jpeg,1620,1151,L,train,NORMAL,1.4074717636837533
IM-0354-0001.jpeg,data/train/NORMAL/IM-0354-0001.jpeg,1538,986,L,train,NORMAL,1.5598377281947262
IM-0355-0001.jpeg,data/train/NORMAL/IM-0355-0001.jpeg,1372,1109,L,train,NORMAL,1.2371505861136158
IM-0356-0001.jpeg,data/train/NORMAL/IM-0356-0001.jpeg,1300,974,L,train,NORMAL,1.3347022587268993
IM-0357-0001.jpeg,data/train/NORMAL/IM-0357-0001.jpeg,2064,1951,L,train,NORMAL,1.0579190158892875
IM-0358-0001.jpeg,data/train/NORMAL/IM-0358-0001.jpeg,1646,1299,L,train,NORMAL,1.267128560431101
IM-0359-0001.jpeg,data/train/NORMAL/IM-0359-0001.jpeg,1634,1272,L,train,NORMAL,1.2845911949685536
IM-0361-0001.jpeg,data/train/NORMAL/IM-0361-0001.jpeg,1570,1156,L,train,NORMAL,1.3581314878892734
IM-0362-0001.jpeg,data/train/NORMAL/IM-0362-0001.jpeg,1582,1183,L,train,NORMAL,1.3372781065088757
IM-0363-0001.jpeg,data/train/NORMAL/IM-0363-0001.jpeg,1580,1402,L,train,NORMAL,1.1269614835948645
IM-0364-0001.jpeg,data/train/NORMAL/IM-0364-0001.jpeg,1396,1001,L,train,NORMAL,1.3946053946053947
IM-0365-0001.jpeg,data/train/NORMAL/IM-0365-0001.jpeg,1600,1229,L,train,NORMAL,1.3018714401952807
IM-0367-0001.jpeg,data/train/NORMAL/IM-0367-0001.jpeg,1472,1171,L,train,NORMAL,1.2570452604611444
IM-0368-0001.jpeg,data/train/NORMAL/IM-0368-0001.jpeg,1426,1164,L,train,NORMAL,1.225085910652921
IM-0369-0001.jpeg,data/train/NORMAL/IM-0369-0001.jpeg,1396,1024,L,train,NORMAL,1.36328125
IM-0370-0001.jpeg,data/train/NORMAL/IM-0370-0001.jpeg,1114,832,L,train,NORMAL,1.3389423076923077
IM-0371-0001.jpeg,data/train/NORMAL/IM-0371-0001.jpeg,2024,2036,L,train,NORMAL,0.9941060903732809
IM-0372-0001.jpeg,data/train/NORMAL/IM-0372-0001.jpeg,1790,1654,L,train,NORMAL,1.0822249093107619
IM-0374-0001.jpeg,data/train/NORMAL/IM-0374-0001.jpeg,1744,1402,L,train,NORMAL,1.2439372325249642
IM-0375-0001.jpeg,data/train/NORMAL/IM-0375-0001.jpeg,1816,1627,L,train,NORMAL,1.1161647203441918
IM-0377-0001.jpeg,data/train/NORMAL/IM-0377-0001.jpeg,1438,1106,L,train,NORMAL,1.3001808318264014
IM-0379-0001.jpeg,data/train/NORMAL/IM-0379-0001.jpeg,1724,1395,L,train,NORMAL,1.23584229390681
IM-0381-0001.jpeg,data/train/NORMAL/IM-0381-0001.jpeg,1744,1388,L,train,NORMAL,1.2564841498559078
IM-0382-0001.jpeg,data/train/NORMAL/IM-0382-0001.jpeg,1472,1225,L,train,NORMAL,1.2016326530612245
IM-0383-0001.jpeg,data/train/NORMAL/IM-0383-0001.jpeg,1472,1318,L,train,NORMAL,1.1168437025796663
IM-0384-0001.jpeg,data/train/NORMAL/IM-0384-0001.jpeg,1608,1226,L,train,NORMAL,1.3115823817292007
IM-0385-0001.jpeg,data/train/NORMAL/IM-0385-0001.jpeg,1712,1330,L,train,NORMAL,1.287218045112782
IM-0386-0001.jpeg,data/train/NORMAL/IM-0386-0001.jpeg,1550,1302,L,train,NORMAL,1.1904761904761905
IM-0387-0001.jpeg,data/train/NORMAL/IM-0387-0001.jpeg,1920,1801,L,train,NORMAL,1.0660744031093836
IM-0388-0001.jpeg,data/train/NORMAL/IM-0388-0001.jpeg,1680,1353,L,train,NORMAL,1.2416851441241685
IM-0389-0001.jpeg,data/train/NORMAL/IM-0389-0001.jpeg,1530,1028,L,train,NORMAL,1.4883268482490273
IM-0391-0001.jpeg,data/train/NORMAL/IM-0391-0001.jpeg,2222,1669,L,train,NORMAL,1.3313361294188137
IM-0392-0001.jpeg,data/train/NORMAL/IM-0392-0001.jpeg,1442,1059,L,train,NORMAL,1.3616619452313503
IM-0393-0001.jpeg,data/train/NORMAL/IM-0393-0001.jpeg,1754,1221,L,train,NORMAL,1.4365274365274365
IM-0394-0001.jpeg,data/train/NORMAL/IM-0394-0001.jpeg,1666,1333,L,train,NORMAL,1.2498124531132784
IM-0395-0001.jpeg,data/train/NORMAL/IM-0395-0001.jpeg,1488,1275,L,train,NORMAL,1.1670588235294117
IM-0399-0001.jpeg,data/train/NORMAL/IM-0399-0001.jpeg,1164,1086,L,train,NORMAL,1.0718232044198894
IM-0400-0001.jpeg,data/train/NORMAL/IM-0400-0001.jpeg,1446,1082,L,train,NORMAL,1.3364140480591498
IM-0401-0001.jpeg,data/train/NORMAL/IM-0401-0001.jpeg,1820,1670,L,train,NORMAL,1.089820359281437
IM-0403-0001.jpeg,data/train/NORMAL/IM-0403-0001.jpeg,1774,1612,L,train,NORMAL,1.1004962779156326
IM-0404-0001.jpeg,data/train/NORMAL/IM-0404-0001.jpeg,1694,1182,L,train,NORMAL,1.4331641285956007
IM-0405-0001.jpeg,data/train/NORMAL/IM-0405-0001.jpeg,1952,1619,L,train,NORMAL,1.20568252007412
IM-0408-0001.jpeg,data/train/NORMAL/IM-0408-0001.jpeg,1442,1148,L,train,NORMAL,1.2560975609756098
IM-0409-0001.jpeg,data/train/NORMAL/IM-0409-0001.jpeg,1090,793,L,train,NORMAL,1.3745271122320302
IM-0410-0001.jpeg,data/train/NORMAL/IM-0410-0001.jpeg,1632,1375,L,train,NORMAL,1.186909090909091
IM-0411-0001.jpeg,data/train/NORMAL/IM-0411-0001.jpeg,1728,1518,L,train,NORMAL,1.1383399209486167
IM-0413-0001.jpeg,data/train/NORMAL/IM-0413-0001.jpeg,2318,2411,L,train,NORMAL,0.9614267938614682
IM-0414-0001.jpeg,data/train/NORMAL/IM-0414-0001.jpeg,1450,1287,L,train,NORMAL,1.1266511266511265
IM-0416-0001.jpeg,data/train/NORMAL/IM-0416-0001.jpeg,1808,1418,L,train,NORMAL,1.2750352609308886
IM-0417-0001.jpeg,data/train/NORMAL/IM-0417-0001.jpeg,1786,1500,L,train,NORMAL,1.1906666666666668
IM-0419-0001.jpeg,data/train/NORMAL/IM-0419-0001.jpeg,2118,1522,L,train,NORMAL,1.3915900131406045
IM-0420-0001.jpeg,data/train/NORMAL/IM-0420-0001.jpeg,1558,1352,L,train,NORMAL,1.1523668639053255
IM-0421-0001.jpeg,data/train/NORMAL/IM-0421-0001.jpeg,1574,1129,L,train,NORMAL,1.3941541186891053
IM-0423-0001.jpeg,data/train/NORMAL/IM-0423-0001.jpeg,1480,1337,L,train,NORMAL,1.106955871353777
IM-0424-0001.jpeg,data/train/NORMAL/IM-0424-0001.jpeg,1368,1078,L,train,NORMAL,1.269016697588126
IM-0425-0001.jpeg,data/train/NORMAL/IM-0425-0001.jpeg,1850,1314,L,train,NORMAL,1.4079147640791476
IM-0427-0001.jpeg,data/train/NORMAL/IM-0427-0001.jpeg,1828,1357,L,train,NORMAL,1.3470891672807663
IM-0428-0001.jpeg,data/train/NORMAL/IM-0428-0001.jpeg,1562,1348,L,train,NORMAL,1.1587537091988132
IM-0429-0001-0001.jpeg,data/train/NORMAL/IM-0429-0001-0001.jpeg,1918,1569,L,train,NORMAL,1.2224346717654557
IM-0429-0001-0002.jpeg,data/train/NORMAL/IM-0429-0001-0002.jpeg,1858,1380,L,train,NORMAL,1.346376811594203
IM-0429-0001.jpeg,data/train/NORMAL/IM-0429-0001.jpeg,1964,1692,L,train,NORMAL,1.160756501182033
IM-0430-0001.jpeg,data/train/NORMAL/IM-0430-0001.jpeg,1438,1082,L,train,NORMAL,1.3290203327171903
IM-0431-0001.jpeg,data/train/NORMAL/IM-0431-0001.jpeg,1678,1414,L,train,NORMAL,1.1867043847241867
IM-0432-0001.jpeg,data/train/NORMAL/IM-0432-0001.jpeg,1480,1228,L,train,NORMAL,1.205211726384365
IM-0433-0001.jpeg,data/train/NORMAL/IM-0433-0001.jpeg,1916,1677,L,train,NORMAL,1.142516398330352
IM-0434-0001.jpeg,data/train/NORMAL/IM-0434-0001.jpeg,2214,1715,L,train,NORMAL,1.2909620991253645
IM-0435-0001-0001.jpeg,data/train/NORMAL/IM-0435-0001-0001.jpeg,1512,1209,L,train,NORMAL,1.250620347394541
IM-0435-0001.jpeg,data/train/NORMAL/IM-0435-0001.jpeg,1130,831,L,train,NORMAL,1.3598074608904933
IM-0437-0001-0001.jpeg,data/train/NORMAL/IM-0437-0001-0001.jpeg,2022,1445,L,train,NORMAL,1.3993079584775086
IM-0437-0001-0002.jpeg,data/train/NORMAL/IM-0437-0001-0002.jpeg,1508,1152,L,train,NORMAL,1.3090277777777777
IM-0437-0001.jpeg,data/train/NORMAL/IM-0437-0001.jpeg,1410,1179,L,train,NORMAL,1.1959287531806615
IM-0438-0001.jpeg,data/train/NORMAL/IM-0438-0001.jpeg,1904,1422,L,train,NORMAL,1.3389592123769338
IM-0439-0001-0001.jpeg,data/train/NORMAL/IM-0439-0001-0001.jpeg,1766,1380,L,train,NORMAL,1.2797101449275363
IM-0439-0001-0002.jpeg,data/train/NORMAL/IM-0439-0001-0002.jpeg,1368,1032,L,train,NORMAL,1.3255813953488371
IM-0439-0001.jpeg,data/train/NORMAL/IM-0439-0001.jpeg,1816,1558,L,train,NORMAL,1.165596919127086
IM-0440-0001.jpeg,data/train/NORMAL/IM-0440-0001.jpeg,1690,1464,L,train,NORMAL,1.1543715846994536
IM-0441-0001.jpeg,data/train/NORMAL/IM-0441-0001.jpeg,1472,1171,L,train,NORMAL,1.2570452604611444
IM-0442-0001.jpeg,data/train/NORMAL/IM-0442-0001.jpeg,1510,1352,L,train,NORMAL,1.1168639053254439
IM-0444-0001.jpeg,data/train/NORMAL/IM-0444-0001.jpeg,1928,1754,L,train,NORMAL,1.0992018244013684
IM-0445-0001.jpeg,data/train/NORMAL/IM-0445-0001.jpeg,1762,1506,L,train,NORMAL,1.1699867197875167
IM-0446-0001.jpeg,data/train/NORMAL/IM-0446-0001.jpeg,1816,1661,L,train,NORMAL,1.0933172787477423
IM-0447-0001.jpeg,data/train/NORMAL/IM-0447-0001.jpeg,1840,1499,L,train,NORMAL,1.227484989993329
IM-0448-0001.jpeg,data/train/NORMAL/IM-0448-0001.jpeg,1954,1279,L,train,NORMAL,1.527756059421423
IM-0449-0001.jpeg,data/train/NORMAL/IM-0449-0001.jpeg,1638,1236,L,train,NORMAL,1.325242718446602
IM-0450-0001.jpeg,data/train/NORMAL/IM-0450-0001.jpeg,1678,1480,L,train,NORMAL,1.1337837837837839
IM-0451-0001.jpeg,data/train/NORMAL/IM-0451-0001.jpeg,1850,1746,L,train,NORMAL,1.0595647193585338
IM-0452-0001.jpeg,data/train/NORMAL/IM-0452-0001.jpeg,1848,1588,L,train,NORMAL,1.163727959697733
IM-0453-0001-0002.jpeg,data/train/NORMAL/IM-0453-0001-0002.jpeg,2088,2074,L,train,NORMAL,1.0067502410800386
IM-0453-0001.jpeg,data/train/NORMAL/IM-0453-0001.jpeg,1762,1715,L,train,NORMAL,1.027405247813411
IM-0455-0001.jpeg,data/train/NORMAL/IM-0455-0001.jpeg,1364,1148,L,train,NORMAL,1.1881533101045296
IM-0456-0001.jpeg,data/train/NORMAL/IM-0456-0001.jpeg,1812,1693,L,train,NORMAL,1.0702894270525694
IM-0457-0001.jpeg,data/train/NORMAL/IM-0457-0001.jpeg,2090,1785,L,train,NORMAL,1.1708683473389356
IM-0458-0001.jpeg,data/train/NORMAL/IM-0458-0001.jpeg,1226,955,L,train,NORMAL,1.2837696335078534
IM-0459-0001.jpeg,data/train/NORMAL/IM-0459-0001.jpeg,2338,1970,L,train,NORMAL,1.1868020304568527
IM-0460-0001.jpeg,data/train/NORMAL/IM-0460-0001.jpeg,1654,1259,L,train,NORMAL,1.3137410643367753
IM-0461-0001.jpeg,data/train/NORMAL/IM-0461-0001.jpeg,1704,1341,L,train,NORMAL,1.2706935123042506
IM-0463-0001.jpeg,data/train/NORMAL/IM-0463-0001.jpeg,1804,1758,L,train,NORMAL,1.0261660978384528
IM-0464-0001.jpeg,data/train/NORMAL/IM-0464-0001.jpeg,1770,1353,L,train,NORMAL,1.3082039911308203
IM-0465-0001.jpeg,data/train/NORMAL/IM-0465-0001.jpeg,1750,1334,L,train,NORMAL,1.3118440779610194
IM-0466-0001.jpeg,data/train/NORMAL/IM-0466-0001.jpeg,1600,1264,L,train,NORMAL,1.2658227848101267
IM-0467-0001-0001.jpeg,data/train/NORMAL/IM-0467-0001-0001.jpeg,1912,1739,L,train,NORMAL,1.0994824611845888
IM-0467-0001-0002.jpeg,data/train/NORMAL/IM-0467-0001-0002.jpeg,1634,1372,L,train,NORMAL,1.1909620991253644
IM-0467-0001.jpeg,data/train/NORMAL/IM-0467-0001.jpeg,2114,1866,L,train,NORMAL,1.1329046087888532
IM-0469-0001.jpeg,data/train/NORMAL/IM-0469-0001.jpeg,1948,1576,L,train,NORMAL,1.236040609137056
IM-0471-0001.jpeg,data/train/NORMAL/IM-0471-0001.jpeg,2080,1781,L,train,NORMAL,1.167883211678832
IM-0472-0001.jpeg,data/train/NORMAL/IM-0472-0001.jpeg,1616,1318,L,train,NORMAL,1.2261001517450683
IM-0473-0001.jpeg,data/train/NORMAL/IM-0473-0001.jpeg,1558,1179,L,train,NORMAL,1.3214588634435962
IM-0474-0001.jpeg,data/train/NORMAL/IM-0474-0001.jpeg,1472,1013,L,train,NORMAL,1.4531095755182626
IM-0475-0001.jpeg,data/train/NORMAL/IM-0475-0001.jpeg,1736,1345,L,train,NORMAL,1.2907063197026023
IM-0476-0001.jpeg,data/train/NORMAL/IM-0476-0001.jpeg,1558,1048,L,train,NORMAL,1.4866412213740459
IM-0477-0001.jpeg,data/train/NORMAL/IM-0477-0001.jpeg,1666,1537,L,train,NORMAL,1.0839297332465843
IM-0478-0001.jpeg,data/train/NORMAL/IM-0478-0001.jpeg,1676,1561,L,train,NORMAL,1.0736707238949392
IM-0479-0001.jpeg,data/train/NORMAL/IM-0479-0001.jpeg,1438,927,L,train,NORMAL,1.5512405609492987
IM-0480-0001.jpeg,data/train/NORMAL/IM-0480-0001.jpeg,2218,2183,L,train,NORMAL,1.016032982134677
IM-0481-0001.jpeg,data/train/NORMAL/IM-0481-0001.jpeg,1222,970,L,train,NORMAL,1.2597938144329897
IM-0482-0001.jpeg,data/train/NORMAL/IM-0482-0001.jpeg,1252,1028,L,train,NORMAL,1.2178988326848248
IM-0483-0001.jpeg,data/train/NORMAL/IM-0483-0001.jpeg,1690,1167,L,train,NORMAL,1.4481576692373608
IM-0484-0001.jpeg,data/train/NORMAL/IM-0484-0001.jpeg,1506,1121,L,train,NORMAL,1.3434433541480821
IM-0485-0001.jpeg,data/train/NORMAL/IM-0485-0001.jpeg,1404,1059,L,train,NORMAL,1.3257790368271956
IM-0486-0001.jpeg,data/train/NORMAL/IM-0486-0001.jpeg,1808,1488,L,train,NORMAL,1.2150537634408602
IM-0487-0001.jpeg,data/train/NORMAL/IM-0487-0001.jpeg,1778,1461,L,train,NORMAL,1.216974674880219
IM-0488-0001.jpeg,data/train/NORMAL/IM-0488-0001.jpeg,1280,909,L,train,NORMAL,1.4081408140814082
IM-0489-0001.jpeg,data/train/NORMAL/IM-0489-0001.jpeg,1310,1148,L,train,NORMAL,1.1411149825783973
IM-0490-0001.jpeg,data/train/NORMAL/IM-0490-0001.jpeg,2226,2013,L,train,NORMAL,1.105812220566319
IM-0491-0001-0001.jpeg,data/train/NORMAL/IM-0491-0001-0001.jpeg,1584,1295,L,train,NORMAL,1.223166023166023
IM-0491-0001-0002.jpeg,data/train/NORMAL/IM-0491-0001-0002.jpeg,1604,1414,L,train,NORMAL,1.1343705799151345
IM-0491-0001.jpeg,data/train/NORMAL/IM-0491-0001.jpeg,2304,2086,L,train,NORMAL,1.1045062320230106
IM-0492-0001.jpeg,data/train/NORMAL/IM-0492-0001.jpeg,1636,1468,L,train,NORMAL,1.1144414168937329
IM-0493-0001.jpeg,data/train/NORMAL/IM-0493-0001.jpeg,2260,2237,L,train,NORMAL,1.0102816271792578
IM-0494-0001.jpeg,data/train/NORMAL/IM-0494-0001.jpeg,1692,1302,L,train,NORMAL,1.2995391705069124
IM-0495-0001.jpeg,data/train/NORMAL/IM-0495-0001.jpeg,2064,1750,L,train,NORMAL,1.1794285714285715
IM-0496-0001.jpeg,data/train/NORMAL/IM-0496-0001.jpeg,1824,1426,L,train,NORMAL,1.279102384291725
IM-0497-0001-0001.jpeg,data/train/NORMAL/IM-0497-0001-0001.jpeg,1284,1013,L,train,NORMAL,1.267522211253702
IM-0497-0001-0002.jpeg,data/train/NORMAL/IM-0497-0001-0002.jpeg,1932,1561,L,train,NORMAL,1.2376681614349776
IM-0497-0001.jpeg,data/train/NORMAL/IM-0497-0001.jpeg,1338,1194,L,train,NORMAL,1.120603015075377
IM-0499-0001-0001.jpeg,data/train/NORMAL/IM-0499-0001-0001.jpeg,1582,1056,L,train,NORMAL,1.4981060606060606
IM-0499-0001-0002.jpeg,data/train/NORMAL/IM-0499-0001-0002.jpeg,1446,1391,L,train,NORMAL,1.0395398993529834
IM-0499-0001.jpeg,data/train/NORMAL/IM-0499-0001.jpeg,1674,1493,L,train,NORMAL,1.1212324179504354
IM-0500-0001.jpeg,data/train/NORMAL/IM-0500-0001.jpeg,1400,1239,L,train,NORMAL,1.1299435028248588
IM-0501-0001-0001.jpeg,data/train/NORMAL/IM-0501-0001-0001.jpeg,1364,1051,L,train,NORMAL,1.2978116079923883
IM-0501-0001-0002.jpeg,data/train/NORMAL/IM-0501-0001-0002.jpeg,1562,1059,L,train,NORMAL,1.4749763928234183
IM-0501-0001.jpeg,data/train/NORMAL/IM-0501-0001.jpeg,1870,1905,L,train,NORMAL,0.9816272965879265
IM-0502-0001.jpeg,data/train/NORMAL/IM-0502-0001.jpeg,2156,1936,L,train,NORMAL,1.1136363636363635
IM-0503-0001.jpeg,data/train/NORMAL/IM-0503-0001.jpeg,1504,1171,L,train,NORMAL,1.2843723313407345
IM-0504-0001.jpeg,data/train/NORMAL/IM-0504-0001.jpeg,1554,1449,L,train,NORMAL,1.0724637681159421
IM-0505-0001-0001.jpeg,data/train/NORMAL/IM-0505-0001-0001.jpeg,1400,1221,L,train,NORMAL,1.1466011466011465
IM-0505-0001-0002.jpeg,data/train/NORMAL/IM-0505-0001-0002.jpeg,1314,1171,L,train,NORMAL,1.1221178479931682
IM-0505-0001.jpeg,data/train/NORMAL/IM-0505-0001.jpeg,1696,1330,L,train,NORMAL,1.275187969924812
IM-0506-0001.jpeg,data/train/NORMAL/IM-0506-0001.jpeg,1700,1368,L,train,NORMAL,1.2426900584795322
IM-0507-0001.jpeg,data/train/NORMAL/IM-0507-0001.jpeg,1752,1384,L,train,NORMAL,1.2658959537572254
IM-0508-0001.jpeg,data/train/NORMAL/IM-0508-0001.jpeg,1936,1669,L,train,NORMAL,1.1599760335530258
IM-0509-0001-0001.jpeg,data/train/NORMAL/IM-0509-0001-0001.jpeg,1434,1125,L,train,NORMAL,1.2746666666666666
IM-0509-0001-0002.jpeg,data/train/NORMAL/IM-0509-0001-0002.jpeg,1306,920,L,train,NORMAL,1.4195652173913043
IM-0509-0001.jpeg,data/train/NORMAL/IM-0509-0001.jpeg,1248,1044,L,train,NORMAL,1.1954022988505748
IM-0510-0001.jpeg,data/train/NORMAL/IM-0510-0001.jpeg,1616,1147,L,train,NORMAL,1.4088927637314734
IM-0511-0001-0001.jpeg,data/train/NORMAL/IM-0511-0001-0001.jpeg,1302,1187,L,train,NORMAL,1.096882898062342
IM-0511-0001-0002.jpeg,data/train/NORMAL/IM-0511-0001-0002.jpeg,1870,1495,L,train,NORMAL,1.2508361204013378
IM-0511-0001.jpeg,data/train/NORMAL/IM-0511-0001.jpeg,2060,1839,L,train,NORMAL,1.120174007612833
IM-0512-0001.jpeg,data/train/NORMAL/IM-0512-0001.jpeg,1558,1279,L,train,NORMAL,1.2181391712275216
IM-0513-0001.jpeg,data/train/NORMAL/IM-0513-0001.jpeg,1492,1024,L,train,NORMAL,1.45703125
IM-0514-0001.jpeg,data/train/NORMAL/IM-0514-0001.jpeg,1866,1302,L,train,NORMAL,1.433179723502304
IM-0515-0001.jpeg,data/train/NORMAL/IM-0515-0001.jpeg,1644,1167,L,train,NORMAL,1.4087403598971722
IM-0516-0001.jpeg,data/train/NORMAL/IM-0516-0001.jpeg,1496,981,L,train,NORMAL,1.524974515800204
IM-0517-0001-0001.jpeg,data/train/NORMAL/IM-0517-0001-0001.jpeg,2102,1654,L,train,NORMAL,1.2708585247883917
IM-0517-0001.jpeg,data/train/NORMAL/IM-0517-0001.jpeg,2844,2067,L,train,NORMAL,1.3759071117561683
IM-0519-0001-0001.jpeg,data/train/NORMAL/IM-0519-0001-0001.jpeg,1742,1322,L,train,NORMAL,1.3177004538577912
IM-0519-0001-0002.jpeg,data/train/NORMAL/IM-0519-0001-0002.jpeg,2014,1577,L,train,NORMAL,1.2771084337349397
IM-0519-0001.jpeg,data/train/NORMAL/IM-0519-0001.jpeg,1822,1705,L,train,NORMAL,1.0686217008797654
IM-0520-0001.jpeg,data/train/NORMAL/IM-0520-0001.jpeg,1642,1545,L,train,NORMAL,1.0627831715210356
IM-0521-0001.jpeg,data/train/NORMAL/IM-0521-0001.jpeg,2890,2534,L,train,NORMAL,1.1404893449092344
IM-0522-0001.jpeg,data/train/NORMAL/IM-0522-0001.jpeg,1636,1074,L,train,NORMAL,1.5232774674115457
IM-0523-0001-0001.jpeg,data/train/NORMAL/IM-0523-0001-0001.jpeg,1342,1059,L,train,NORMAL,1.267233238904627
IM-0523-0001-0002.jpeg,data/train/NORMAL/IM-0523-0001-0002.jpeg,1762,1480,L,train,NORMAL,1.1905405405405405
IM-0523-0001-0003.jpeg,data/train/NORMAL/IM-0523-0001-0003.jpeg,1628,1167,L,train,NORMAL,1.3950299914310198
IM-0523-0001.jpeg,data/train/NORMAL/IM-0523-0001.jpeg,1492,1106,L,train,NORMAL,1.349005424954792
IM-0524-0001.jpeg,data/train/NORMAL/IM-0524-0001.jpeg,1964,1611,L,train,NORMAL,1.2191185599006829
IM-0525-0001-0001.jpeg,data/train/NORMAL/IM-0525-0001-0001.jpeg,1268,1017,L,train,NORMAL,1.2468043264503441
IM-0525-0001-0002.jpeg,data/train/NORMAL/IM-0525-0001-0002.jpeg,1410,970,L,train,NORMAL,1.4536082474226804
IM-0525-0001.jpeg,data/train/NORMAL/IM-0525-0001.jpeg,1418,1024,L,train,NORMAL,1.384765625
IM-0526-0001.jpeg,data/train/NORMAL/IM-0526-0001.jpeg,1576,1395,L,train,NORMAL,1.1297491039426524
IM-0527-0001.jpeg,data/train/NORMAL/IM-0527-0001.jpeg,1728,1175,L,train,NORMAL,1.4706382978723405
IM-0528-0001.jpeg,data/train/NORMAL/IM-0528-0001.jpeg,1426,1128,L,train,NORMAL,1.2641843971631206
IM-0529-0001.jpeg,data/train/NORMAL/IM-0529-0001.jpeg,1484,1267,L,train,NORMAL,1.171270718232044
IM-0530-0001.jpeg,data/train/NORMAL/IM-0530-0001.jpeg,1458,1128,L,train,NORMAL,1.2925531914893618
IM-0531-0001-0001.jpeg,data/train/NORMAL/IM-0531-0001-0001.jpeg,1882,1353,L,train,NORMAL,1.3909830007390982
IM-0531-0001.jpeg,data/train/NORMAL/IM-0531-0001.jpeg,1626,1600,L,train,NORMAL,1.01625
IM-0532-0001.jpeg,data/train/NORMAL/IM-0532-0001.jpeg,1466,1140,L,train,NORMAL,1.2859649122807018
IM-0533-0001-0001.jpeg,data/train/NORMAL/IM-0533-0001-0001.jpeg,1908,1476,L,train,NORMAL,1.2926829268292683
IM-0533-0001-0002.jpeg,data/train/NORMAL/IM-0533-0001-0002.jpeg,1756,1484,L,train,NORMAL,1.1832884097035041
IM-0533-0001.jpeg,data/train/NORMAL/IM-0533-0001.jpeg,2518,2364,L,train,NORMAL,1.0651438240270727
IM-0534-0001.jpeg,data/train/NORMAL/IM-0534-0001.jpeg,1624,1375,L,train,NORMAL,1.1810909090909092
IM-0535-0001.jpeg,data/train/NORMAL/IM-0535-0001.jpeg,1522,1109,L,train,NORMAL,1.3724075743913435
IM-0536-0001.jpeg,data/train/NORMAL/IM-0536-0001.jpeg,1670,1344,L,train,NORMAL,1.2425595238095237
IM-0537-0001.jpeg,data/train/NORMAL/IM-0537-0001.jpeg,1550,1059,L,train,NORMAL,1.4636449480642115
IM-0538-0001.jpeg,data/train/NORMAL/IM-0538-0001.jpeg,1902,1595,L,train,NORMAL,1.1924764890282131
IM-0539-0001-0001.jpeg,data/train/NORMAL/IM-0539-0001-0001.jpeg,2110,1700,L,train,NORMAL,1.2411764705882353
IM-0539-0001-0002.jpeg,data/train/NORMAL/IM-0539-0001-0002.jpeg,1526,1195,L,train,NORMAL,1.2769874476987448
IM-0539-0001.jpeg,data/train/NORMAL/IM-0539-0001.jpeg,1724,1476,L,train,NORMAL,1.1680216802168022
IM-0540-0001.jpeg,data/train/NORMAL/IM-0540-0001.jpeg,1496,1333,L,train,NORMAL,1.1222805701425356
IM-0541-0001.jpeg,data/train/NORMAL/IM-0541-0001.jpeg,1940,1522,L,train,NORMAL,1.2746386333771353
IM-0542-0001.jpeg,data/train/NORMAL/IM-0542-0001.jpeg,1886,1406,L,train,NORMAL,1.341394025604552
IM-0543-0001-0002.jpeg,data/train/NORMAL/IM-0543-0001-0002.jpeg,1640,1410,L,train,NORMAL,1.1631205673758864
IM-0543-0001.jpeg,data/train/NORMAL/IM-0543-0001.jpeg,1778,1318,L,train,NORMAL,1.3490136570561457
IM-0544-0001.jpeg,data/train/NORMAL/IM-0544-0001.jpeg,1542,1286,L,train,NORMAL,1.1990668740279937
IM-0545-0001-0001.jpeg,data/train/NORMAL/IM-0545-0001-0001.jpeg,1924,1580,L,train,NORMAL,1.2177215189873418
IM-0545-0001-0002.jpeg,data/train/NORMAL/IM-0545-0001-0002.jpeg,1940,1503,L,train,NORMAL,1.2907518296739853
IM-0545-0001.jpeg,data/train/NORMAL/IM-0545-0001.jpeg,1658,1183,L,train,NORMAL,1.4015215553677092
IM-0546-0001.jpeg,data/train/NORMAL/IM-0546-0001.jpeg,1854,1457,L,train,NORMAL,1.272477693891558
IM-0547-0001.jpeg,data/train/NORMAL/IM-0547-0001.jpeg,1296,1074,L,train,NORMAL,1.2067039106145252
IM-0548-0001.jpeg,data/train/NORMAL/IM-0548-0001.jpeg,1790,1132,L,train,NORMAL,1.5812720848056536
IM-0549-0001-0001.jpeg,data/train/NORMAL/IM-0549-0001-0001.jpeg,1696,1349,L,train,NORMAL,1.2572275759822091
IM-0549-0001-0002.jpeg,data/train/NORMAL/IM-0549-0001-0002.jpeg,1912,1708,L,train,NORMAL,1.1194379391100702
IM-0549-0001.jpeg,data/train/NORMAL/IM-0549-0001.jpeg,1272,1017,L,train,NORMAL,1.2507374631268438
IM-0551-0001-0001.jpeg,data/train/NORMAL/IM-0551-0001-0001.jpeg,1678,1156,L,train,NORMAL,1.4515570934256055
IM-0551-0001-0002.jpeg,data/train/NORMAL/IM-0551-0001-0002.jpeg,1624,1341,L,train,NORMAL,1.2110365398956002
IM-0551-0001.jpeg,data/train/NORMAL/IM-0551-0001.jpeg,1944,1746,L,train,NORMAL,1.1134020618556701
IM-0552-0001.jpeg,data/train/NORMAL/IM-0552-0001.jpeg,1924,1623,L,train,NORMAL,1.1854590264941467
IM-0553-0001-0001.jpeg,data/train/NORMAL/IM-0553-0001-0001.jpeg,1632,1206,L,train,NORMAL,1.3532338308457712
IM-0553-0001-0002.jpeg,data/train/NORMAL/IM-0553-0001-0002.jpeg,1796,1287,L,train,NORMAL,1.3954933954933955
IM-0553-0001-0003.jpeg,data/train/NORMAL/IM-0553-0001-0003.jpeg,2202,2129,L,train,NORMAL,1.0342883983090654
IM-0553-0001.jpeg,data/train/NORMAL/IM-0553-0001.jpeg,2264,1900,L,train,NORMAL,1.191578947368421
IM-0554-0001.jpeg,data/train/NORMAL/IM-0554-0001.jpeg,1296,1082,L,train,NORMAL,1.1977818853974123
IM-0555-0001-0001.jpeg,data/train/NORMAL/IM-0555-0001-0001.jpeg,1902,1854,L,train,NORMAL,1.0258899676375404
IM-0555-0001-0002.jpeg,data/train/NORMAL/IM-0555-0001-0002.jpeg,1446,1171,L,train,NORMAL,1.2348420153714774
IM-0555-0001.jpeg,data/train/NORMAL/IM-0555-0001.jpeg,1646,1476,L,train,NORMAL,1.1151761517615175
IM-0556-0001.jpeg,data/train/NORMAL/IM-0556-0001.jpeg,1566,1225,L,train,NORMAL,1.2783673469387755
IM-0557-0001.jpeg,data/train/NORMAL/IM-0557-0001.jpeg,2442,2226,L,train,NORMAL,1.0970350404312668
IM-0559-0001.jpeg,data/train/NORMAL/IM-0559-0001.jpeg,1346,1024,L,train,NORMAL,1.314453125
IM-0560-0001.jpeg,data/train/NORMAL/IM-0560-0001.jpeg,1778,1356,L,train,NORMAL,1.3112094395280236
IM-0561-0001.jpeg,data/train/NORMAL/IM-0561-0001.jpeg,2172,1963,L,train,NORMAL,1.1064696892511463
IM-0562-0001.jpeg,data/train/NORMAL/IM-0562-0001.jpeg,1330,1133,L,train,NORMAL,1.1738746690203001
IM-0563-0001.jpeg,data/train/NORMAL/IM-0563-0001.jpeg,1302,970,L,train,NORMAL,1.3422680412371133
IM-0564-0001.jpeg,data/train/NORMAL/IM-0564-0001.jpeg,1472,1360,L,train,NORMAL,1.0823529411764705
IM-0565-0001.jpeg,data/train/NORMAL/IM-0565-0001.jpeg,1940,1755,L,train,NORMAL,1.1054131054131053
IM-0566-0001.jpeg,data/train/NORMAL/IM-0566-0001.jpeg,2358,1673,L,train,NORMAL,1.4094441123729826
IM-0568-0001.jpeg,data/train/NORMAL/IM-0568-0001.jpeg,2144,2129,L,train,NORMAL,1.0070455612963833
IM-0569-0001.jpeg,data/train/NORMAL/IM-0569-0001.jpeg,1786,1437,L,train,NORMAL,1.242867084203201
IM-0570-0001.jpeg,data/train/NORMAL/IM-0570-0001.jpeg,1816,1554,L,train,NORMAL,1.1685971685971686
IM-0571-0001.jpeg,data/train/NORMAL/IM-0571-0001.jpeg,1746,1445,L,train,NORMAL,1.2083044982698963
IM-0574-0001.jpeg,data/train/NORMAL/IM-0574-0001.jpeg,1736,1553,L,train,NORMAL,1.1178364455891823
IM-0575-0001.jpeg,data/train/NORMAL/IM-0575-0001.jpeg,1296,1036,L,train,NORMAL,1.250965250965251
IM-0577-0001.jpeg,data/train/NORMAL/IM-0577-0001.jpeg,1376,1210,L,train,NORMAL,1.1371900826446282
IM-0578-0001.jpeg,data/train/NORMAL/IM-0578-0001.jpeg,1630,1353,L,train,NORMAL,1.2047302291204731
IM-0579-0001.jpeg,data/train/NORMAL/IM-0579-0001.jpeg,1604,1117,L,train,NORMAL,1.4359892569382273
IM-0580-0001.jpeg,data/train/NORMAL/IM-0580-0001.jpeg,1728,1522,L,train,NORMAL,1.135348226018397
IM-0581-0001.jpeg,data/train/NORMAL/IM-0581-0001.jpeg,1338,1433,L,train,NORMAL,0.933705512909979
IM-0582-0001.jpeg,data/train/NORMAL/IM-0582-0001.jpeg,2180,1955,L,train,NORMAL,1.1150895140664963
IM-0583-0001.jpeg,data/train/NORMAL/IM-0583-0001.jpeg,1692,1341,L,train,NORMAL,1.261744966442953
IM-0584-0001.jpeg,data/train/NORMAL/IM-0584-0001.jpeg,1148,908,L,train,NORMAL,1.2643171806167401
IM-0586-0001.jpeg,data/train/NORMAL/IM-0586-0001.jpeg,1812,1476,L,train,NORMAL,1.2276422764227641
IM-0588-0001.jpeg,data/train/NORMAL/IM-0588-0001.jpeg,1488,1017,L,train,NORMAL,1.463126843657817
IM-0590-0001.jpeg,data/train/NORMAL/IM-0590-0001.jpeg,2056,1673,L,train,NORMAL,1.2289300657501494
IM-0591-0001.jpeg,data/train/NORMAL/IM-0591-0001.jpeg,1626,1280,L,train,NORMAL,1.2703125
IM-0592-0001.jpeg,data/train/NORMAL/IM-0592-0001.jpeg,1932,1712,L,train,NORMAL,1.1285046728971964
IM-0593-0001.jpeg,data/train/NORMAL/IM-0593-0001.jpeg,1728,1333,L,train,NORMAL,1.296324081020255
IM-0595-0001.jpeg,data/train/NORMAL/IM-0595-0001.jpeg,1924,2102,L,train,NORMAL,0.9153187440532826
IM-0596-0001.jpeg,data/train/NORMAL/IM-0596-0001.jpeg,1430,1141,L,train,NORMAL,1.2532865907099036
IM-0598-0001.jpeg,data/train/NORMAL/IM-0598-0001.jpeg,1518,1302,L,train,NORMAL,1.1658986175115207
IM-0599-0001.jpeg,data/train/NORMAL/IM-0599-0001.jpeg,1550,1144,L,train,NORMAL,1.3548951048951048
IM-0600-0001.jpeg,data/train/NORMAL/IM-0600-0001.jpeg,1832,1488,L,train,NORMAL,1.2311827956989247
IM-0601-0001.jpeg,data/train/NORMAL/IM-0601-0001.jpeg,1858,1680,L,train,NORMAL,1.105952380952381
IM-0602-0001.jpeg,data/train/NORMAL/IM-0602-0001.jpeg,1350,1062,L,train,NORMAL,1.271186440677966
IM-0604-0001.jpeg,data/train/NORMAL/IM-0604-0001.jpeg,1724,1353,L,train,NORMAL,1.2742054693274205
IM-0605-0001.jpeg,data/train/NORMAL/IM-0605-0001.jpeg,1396,955,L,train,NORMAL,1.4617801047120418
IM-0606-0001.jpeg,data/train/NORMAL/IM-0606-0001.jpeg,1850,1445,L,train,NORMAL,1.2802768166089966
IM-0607-0001.jpeg,data/train/NORMAL/IM-0607-0001.jpeg,1518,1121,L,train,NORMAL,1.3541480820695808
IM-0608-0001-0001.jpeg,data/train/NORMAL/IM-0608-0001-0001.jpeg,1300,928,L,train,NORMAL,1.4008620689655173
IM-0608-0001-0002.jpeg,data/train/NORMAL/IM-0608-0001-0002.jpeg,1580,1604,L,train,NORMAL,0.9850374064837906
IM-0608-0001.jpeg,data/train/NORMAL/IM-0608-0001.jpeg,1852,1403,L,train,NORMAL,1.3200285103349965
IM-0609-0001.jpeg,data/train/NORMAL/IM-0609-0001.jpeg,1394,1257,L,train,NORMAL,1.1089896579156722
IM-0612-0001-0001.jpeg,data/train/NORMAL/IM-0612-0001-0001.jpeg,1488,1094,L,train,NORMAL,1.360146252285192
IM-0612-0001-0002.jpeg,data/train/NORMAL/IM-0612-0001-0002.jpeg,1466,1175,L,train,NORMAL,1.2476595744680852
IM-0612-0001.jpeg,data/train/NORMAL/IM-0612-0001.jpeg,1460,1279,L,train,NORMAL,1.1415168100078186
IM-0613-0001.jpeg,data/train/NORMAL/IM-0613-0001.jpeg,1732,1662,L,train,NORMAL,1.0421179302045729
IM-0614-0001.jpeg,data/train/NORMAL/IM-0614-0001.jpeg,1750,1480,L,train,NORMAL,1.1824324324324325
IM-0615-0001.jpeg,data/train/NORMAL/IM-0615-0001.jpeg,1640,1322,L,train,NORMAL,1.2405446293494704
IM-0616-0001.jpeg,data/train/NORMAL/IM-0616-0001.jpeg,1792,1422,L,train,NORMAL,1.260196905766526
IM-0617-0001.jpeg,data/train/NORMAL/IM-0617-0001.jpeg,1622,1383,L,train,NORMAL,1.172812725958062
IM-0618-0001-0001.jpeg,data/train/NORMAL/IM-0618-0001-0001.jpeg,2292,1893,L,train,NORMAL,1.2107765451664025
IM-0618-0001-0002.jpeg,data/train/NORMAL/IM-0618-0001-0002.jpeg,2178,1970,L,train,NORMAL,1.1055837563451776
IM-0618-0001.jpeg,data/train/NORMAL/IM-0618-0001.jpeg,2078,2047,L,train,NORMAL,1.0151441133365902
IM-0619-0001.jpeg,data/train/NORMAL/IM-0619-0001.jpeg,1554,1345,L,train,NORMAL,1.1553903345724907
IM-0620-0001-0001.jpeg,data/train/NORMAL/IM-0620-0001-0001.jpeg,1832,1472,L,train,NORMAL,1.2445652173913044
IM-0620-0001-0002.jpeg,data/train/NORMAL/IM-0620-0001-0002.jpeg,1512,1302,L,train,NORMAL,1.1612903225806452
IM-0620-0001.jpeg,data/train/NORMAL/IM-0620-0001.jpeg,1514,1395,L,train,NORMAL,1.0853046594982079
IM-0621-0001.jpeg,data/train/NORMAL/IM-0621-0001.jpeg,1524,1171,L,train,NORMAL,1.3014517506404781
IM-0622-0001-0001.jpeg,data/train/NORMAL/IM-0622-0001-0001.jpeg,1598,1197,L,train,NORMAL,1.3350041771094403
IM-0622-0001-0002.jpeg,data/train/NORMAL/IM-0622-0001-0002.jpeg,1626,1268,L,train,NORMAL,1.2823343848580442
IM-0622-0001.jpeg,data/train/NORMAL/IM-0622-0001.jpeg,1840,1507,L,train,NORMAL,1.2209688122096882
IM-0623-0001.jpeg,data/train/NORMAL/IM-0623-0001.jpeg,1724,1422,L,train,NORMAL,1.2123769338959212
IM-0624-0001-0002.jpeg,data/train/NORMAL/IM-0624-0001-0002.jpeg,1690,1334,L,train,NORMAL,1.2668665667166417
IM-0624-0001.jpeg,data/train/NORMAL/IM-0624-0001.jpeg,1630,1333,L,train,NORMAL,1.2228057014253564
IM-0625-0001.jpeg,data/train/NORMAL/IM-0625-0001.jpeg,1678,1229,L,train,NORMAL,1.3653376729048006
IM-0626-0001-0001.jpeg,data/train/NORMAL/IM-0626-0001-0001.jpeg,1754,1178,L,train,NORMAL,1.4889643463497453
IM-0626-0001-0002.jpeg,data/train/NORMAL/IM-0626-0001-0002.jpeg,1728,1249,L,train,NORMAL,1.3835068054443556
IM-0627-0001.jpeg,data/train/NORMAL/IM-0627-0001.jpeg,1802,1514,L,train,NORMAL,1.190224570673712
IM-0628-0001.jpeg,data/train/NORMAL/IM-0628-0001.jpeg,2012,1457,L,train,NORMAL,1.3809196980096088
IM-0629-0001-0001.jpeg,data/train/NORMAL/IM-0629-0001-0001.jpeg,2344,1855,L,train,NORMAL,1.2636118598382748
IM-0629-0001-0002.jpeg,data/train/NORMAL/IM-0629-0001-0002.jpeg,1804,1510,L,train,NORMAL,1.1947019867549669
IM-0629-0001-0003.jpeg,data/train/NORMAL/IM-0629-0001-0003.jpeg,1874,1735,L,train,NORMAL,1.0801152737752162
IM-0629-0001.jpeg,data/train/NORMAL/IM-0629-0001.jpeg,1252,1044,L,train,NORMAL,1.1992337164750957
IM-0630-0001.jpeg,data/train/NORMAL/IM-0630-0001.jpeg,1956,1634,L,train,NORMAL,1.197062423500612
IM-0631-0001-0001.jpeg,data/train/NORMAL/IM-0631-0001-0001.jpeg,1744,1337,L,train,NORMAL,1.3044128646222888
IM-0631-0001-0002.jpeg,data/train/NORMAL/IM-0631-0001-0002.jpeg,1738,1430,L,train,NORMAL,1.2153846153846153
IM-0631-0001.jpeg,data/train/NORMAL/IM-0631-0001.jpeg,1746,1279,L,train,NORMAL,1.3651290070367474
IM-0632-0001.jpeg,data/train/NORMAL/IM-0632-0001.jpeg,1438,1067,L,train,NORMAL,1.3477038425492034
IM-0633-0001.jpeg,data/train/NORMAL/IM-0633-0001.jpeg,1836,1719,L,train,NORMAL,1.068062827225131
IM-0634-0001.jpeg,data/train/NORMAL/IM-0634-0001.jpeg,1500,1051,L,train,NORMAL,1.4272121788772598
IM-0635-0001.jpeg,data/train/NORMAL/IM-0635-0001.jpeg,1296,1052,L,train,NORMAL,1.231939163498099
IM-0636-0001.jpeg,data/train/NORMAL/IM-0636-0001.jpeg,1766,1611,L,train,NORMAL,1.096213531967722
IM-0637-0001.jpeg,data/train/NORMAL/IM-0637-0001.jpeg,1746,1442,L,train,NORMAL,1.2108183079056865
IM-0640-0001-0001.jpeg,data/train/NORMAL/IM-0640-0001-0001.jpeg,1462,1140,L,train,NORMAL,1.2824561403508772
IM-0640-0001-0002.jpeg,data/train/NORMAL/IM-0640-0001-0002.jpeg,1470,1248,L,train,NORMAL,1.1778846153846154
IM-0640-0001.jpeg,data/train/NORMAL/IM-0640-0001.jpeg,1642,1221,L,train,NORMAL,1.3447993447993447
IM-0641-0001.jpeg,data/train/NORMAL/IM-0641-0001.jpeg,1858,1480,L,train,NORMAL,1.2554054054054054
IM-0642-0001.jpeg,data/train/NORMAL/IM-0642-0001.jpeg,1508,1052,L,train,NORMAL,1.4334600760456273
IM-0643-0001.jpeg,data/train/NORMAL/IM-0643-0001.jpeg,2348,1851,L,train,NORMAL,1.2685035116153431
IM-0644-0001-0001.jpeg,data/train/NORMAL/IM-0644-0001-0001.jpeg,1284,1020,L,train,NORMAL,1.2588235294117647
IM-0644-0001-0002.jpeg,data/train/NORMAL/IM-0644-0001-0002.jpeg,1476,1133,L,train,NORMAL,1.3027360988526038
IM-0644-0001.jpeg,data/train/NORMAL/IM-0644-0001.jpeg,1414,1086,L,train,NORMAL,1.302025782688766
IM-0645-0001.jpeg,data/train/NORMAL/IM-0645-0001.jpeg,2048,1777,L,train,NORMAL,1.152504220596511
IM-0646-0001.jpeg,data/train/NORMAL/IM-0646-0001.jpeg,1630,1179,L,train,NORMAL,1.3825275657336726
IM-0647-0001.jpeg,data/train/NORMAL/IM-0647-0001.jpeg,1214,994,L,train,NORMAL,1.221327967806841
IM-0648-0001.jpeg,data/train/NORMAL/IM-0648-0001.jpeg,1604,1279,L,train,NORMAL,1.2541047693510554
IM-0649-0001.jpeg,data/train/NORMAL/IM-0649-0001.jpeg,1512,1005,L,train,NORMAL,1.5044776119402985
IM-0650-0001-0001.jpeg,data/train/NORMAL/IM-0650-0001-0001.jpeg,1682,1341,L,train,NORMAL,1.2542878448918717
IM-0650-0001-0002.jpeg,data/train/NORMAL/IM-0650-0001-0002.jpeg,1798,1356,L,train,NORMAL,1.3259587020648969
IM-0650-0001.jpeg,data/train/NORMAL/IM-0650-0001.jpeg,1620,1159,L,train,NORMAL,1.3977566867989646
IM-0651-0001.jpeg,data/train/NORMAL/IM-0651-0001.jpeg,1126,1012,L,train,NORMAL,1.1126482213438735
IM-0652-0001-0002.jpeg,data/train/NORMAL/IM-0652-0001-0002.jpeg,1512,1237,L,train,NORMAL,1.2223120452708165
IM-0652-0001.jpeg,data/train/NORMAL/IM-0652-0001.jpeg,2480,1924,L,train,NORMAL,1.288981288981289
IM-0654-0001.jpeg,data/train/NORMAL/IM-0654-0001.jpeg,1790,1519,L,train,NORMAL,1.1784068466096116
IM-0655-0001.jpeg,data/train/NORMAL/IM-0655-0001.jpeg,2134,1827,L,train,NORMAL,1.1680350301039957
IM-0656-0001-0001.jpeg,data/train/NORMAL/IM-0656-0001-0001.jpeg,2194,1966,L,train,NORMAL,1.115971515768057
IM-0656-0001-0002.jpeg,data/train/NORMAL/IM-0656-0001-0002.jpeg,1624,1299,L,train,NORMAL,1.250192455735181
IM-0656-0001.jpeg,data/train/NORMAL/IM-0656-0001.jpeg,1504,1395,L,train,NORMAL,1.0781362007168458
IM-0657-0001.jpeg,data/train/NORMAL/IM-0657-0001.jpeg,1608,1364,L,train,NORMAL,1.1788856304985338
IM-0658-0001.jpeg,data/train/NORMAL/IM-0658-0001.jpeg,1800,1723,L,train,NORMAL,1.044689495066744
IM-0659-0001.jpeg,data/train/NORMAL/IM-0659-0001.jpeg,1566,1271,L,train,NORMAL,1.2321007081038553
IM-0660-0001-0001.jpeg,data/train/NORMAL/IM-0660-0001-0001.jpeg,1330,1132,L,train,NORMAL,1.174911660777385
IM-0660-0001-0002.jpeg,data/train/NORMAL/IM-0660-0001-0002.jpeg,1654,1688,L,train,NORMAL,0.9798578199052133
IM-0660-0001.jpeg,data/train/NORMAL/IM-0660-0001.jpeg,1680,1642,L,train,NORMAL,1.0231425091352009
IM-0661-0001.jpeg,data/train/NORMAL/IM-0661-0001.jpeg,1754,1638,L,train,NORMAL,1.0708180708180708
IM-0662-0001.jpeg,data/train/NORMAL/IM-0662-0001.jpeg,1538,1179,L,train,NORMAL,1.3044953350296862
IM-0663-0001.jpeg,data/train/NORMAL/IM-0663-0001.jpeg,1246,931,L,train,NORMAL,1.3383458646616542
IM-0664-0001.jpeg,data/train/NORMAL/IM-0664-0001.jpeg,2016,1603,L,train,NORMAL,1.25764192139738
IM-0665-0001.jpeg,data/train/NORMAL/IM-0665-0001.jpeg,1364,1179,L,train,NORMAL,1.1569126378286683
IM-0666-0001-0001.jpeg,data/train/NORMAL/IM-0666-0001-0001.jpeg,1748,1442,L,train,NORMAL,1.2122052704576975
IM-0666-0001-0002.jpeg,data/train/NORMAL/IM-0666-0001-0002.jpeg,1480,1306,L,train,NORMAL,1.1332312404287903
IM-0666-0001.jpeg,data/train/NORMAL/IM-0666-0001.jpeg,2418,2260,L,train,NORMAL,1.0699115044247787
IM-0667-0001.jpeg,data/train/NORMAL/IM-0667-0001.jpeg,1754,1615,L,train,NORMAL,1.0860681114551083
IM-0668-0001.jpeg,data/train/NORMAL/IM-0668-0001.jpeg,1596,1306,L,train,NORMAL,1.222052067381317
IM-0669-0001.jpeg,data/train/NORMAL/IM-0669-0001.jpeg,1458,1074,L,train,NORMAL,1.3575418994413408
IM-0670-0001.jpeg,data/train/NORMAL/IM-0670-0001.jpeg,2434,2418,L,train,NORMAL,1.0066170388751035
IM-0671-0001.jpeg,data/train/NORMAL/IM-0671-0001.jpeg,1608,1152,L,train,NORMAL,1.3958333333333333
IM-0672-0001.jpeg,data/train/NORMAL/IM-0672-0001.jpeg,2018,1920,L,train,NORMAL,1.0510416666666667
IM-0673-0001.jpeg,data/train/NORMAL/IM-0673-0001.jpeg,1364,1136,L,train,NORMAL,1.2007042253521127
IM-0674-0001.jpeg,data/train/NORMAL/IM-0674-0001.jpeg,1870,1380,L,train,NORMAL,1.355072463768116
IM-0675-0001.jpeg,data/train/NORMAL/IM-0675-0001.jpeg,1218,1032,L,train,NORMAL,1.180232558139535
IM-0676-0001.jpeg,data/train/NORMAL/IM-0676-0001.jpeg,1752,1160,L,train,NORMAL,1.5103448275862068
IM-0677-0001.jpeg,data/train/NORMAL/IM-0677-0001.jpeg,1604,1202,L,train,NORMAL,1.3344425956738768
IM-0678-0001.jpeg,data/train/NORMAL/IM-0678-0001.jpeg,1792,1611,L,train,NORMAL,1.1123525760397268
IM-0679-0001.jpeg,data/train/NORMAL/IM-0679-0001.jpeg,1368,1151,L,train,NORMAL,1.1885317115551695
IM-0680-0001.jpeg,data/train/NORMAL/IM-0680-0001.jpeg,1530,1078,L,train,NORMAL,1.4192949907235621
IM-0681-0001.jpeg,data/train/NORMAL/IM-0681-0001.jpeg,1496,1074,L,train,NORMAL,1.3929236499068902
IM-0682-0001.jpeg,data/train/NORMAL/IM-0682-0001.jpeg,1948,1670,L,train,NORMAL,1.1664670658682634
IM-0683-0001.jpeg,data/train/NORMAL/IM-0683-0001.jpeg,1674,1144,L,train,NORMAL,1.4632867132867133
IM-0684-0001.jpeg,data/train/NORMAL/IM-0684-0001.jpeg,2078,1801,L,train,NORMAL,1.1538034425319268
IM-0685-0001.jpeg,data/train/NORMAL/IM-0685-0001.jpeg,1530,1279,L,train,NORMAL,1.1962470680218922
IM-0686-0001.jpeg,data/train/NORMAL/IM-0686-0001.jpeg,1160,897,L,train,NORMAL,1.2931995540691192
IM-0687-0001.jpeg,data/train/NORMAL/IM-0687-0001.jpeg,1554,1298,L,train,NORMAL,1.197226502311248
IM-0688-0001.jpeg,data/train/NORMAL/IM-0688-0001.jpeg,1514,1310,L,train,NORMAL,1.1557251908396946
IM-0689-0001.jpeg,data/train/NORMAL/IM-0689-0001.jpeg,1454,1229,L,train,NORMAL,1.1830756712774613
IM-0691-0001.jpeg,data/train/NORMAL/IM-0691-0001.jpeg,1284,893,L,train,NORMAL,1.4378499440089585
IM-0692-0001.jpeg,data/train/NORMAL/IM-0692-0001.jpeg,2512,2012,L,train,NORMAL,1.2485089463220675
IM-0693-0001.jpeg,data/train/NORMAL/IM-0693-0001.jpeg,1118,932,L,train,NORMAL,1.1995708154506437
IM-0694-0001.jpeg,data/train/NORMAL/IM-0694-0001.jpeg,1820,1410,L,train,NORMAL,1.2907801418439717
IM-0695-0001.jpeg,data/train/NORMAL/IM-0695-0001.jpeg,1828,1437,L,train,NORMAL,1.2720946416144745
IM-0696-0001.jpeg,data/train/NORMAL/IM-0696-0001.jpeg,1064,842,L,train,NORMAL,1.2636579572446556
IM-0697-0001.jpeg,data/train/NORMAL/IM-0697-0001.jpeg,1538,1353,L,train,NORMAL,1.1367331855136733
IM-0698-0001.jpeg,data/train/NORMAL/IM-0698-0001.jpeg,1952,1777,L,train,NORMAL,1.0984805852560495
IM-0700-0001.jpeg,data/train/NORMAL/IM-0700-0001.jpeg,1994,1865,L,train,NORMAL,1.0691689008042895
IM-0701-0001.jpeg,data/train/NORMAL/IM-0701-0001.jpeg,1576,1272,L,train,NORMAL,1.2389937106918238
IM-0702-0001.jpeg,data/train/NORMAL/IM-0702-0001.jpeg,1968,1484,L,train,NORMAL,1.326145552560647
IM-0703-0001.jpeg,data/train/NORMAL/IM-0703-0001.jpeg,1426,1052,L,train,NORMAL,1.355513307984791
IM-0704-0001.jpeg,data/train/NORMAL/IM-0704-0001.jpeg,1596,1248,L,train,NORMAL,1.2788461538461537
IM-0705-0001.jpeg,data/train/NORMAL/IM-0705-0001.jpeg,1734,1426,L,train,NORMAL,1.2159887798036466
IM-0706-0001.jpeg,data/train/NORMAL/IM-0706-0001.jpeg,1454,1160,L,train,NORMAL,1.2534482758620689
IM-0707-0001.jpeg,data/train/NORMAL/IM-0707-0001.jpeg,1712,1430,L,train,NORMAL,1.1972027972027972
IM-0709-0001.jpeg,data/train/NORMAL/IM-0709-0001.jpeg,1570,1272,L,train,NORMAL,1.2342767295597483
IM-0710-0001.jpeg,data/train/NORMAL/IM-0710-0001.jpeg,1910,1661,L,train,NORMAL,1.1499096929560506
IM-0711-0001.jpeg,data/train/NORMAL/IM-0711-0001.jpeg,1596,1306,L,train,NORMAL,1.222052067381317
IM-0712-0001.jpeg,data/train/NORMAL/IM-0712-0001.jpeg,1882,1557,L,train,NORMAL,1.2087347463070006
IM-0713-0001.jpeg,data/train/NORMAL/IM-0713-0001.jpeg,1636,1329,L,train,NORMAL,1.2310007524454476
IM-0714-0001.jpeg,data/train/NORMAL/IM-0714-0001.jpeg,1728,1260,L,train,NORMAL,1.3714285714285714
IM-0715-0001.jpeg,data/train/NORMAL/IM-0715-0001.jpeg,1546,1105,L,train,NORMAL,1.3990950226244343
IM-0716-0001.jpeg,data/train/NORMAL/IM-0716-0001.jpeg,1426,1182,L,train,NORMAL,1.206429780033841
IM-0717-0001.jpeg,data/train/NORMAL/IM-0717-0001.jpeg,1442,1109,L,train,NORMAL,1.3002705139765554
IM-0718-0001.jpeg,data/train/NORMAL/IM-0718-0001.jpeg,1634,1341,L,train,NORMAL,1.2184936614466815
IM-0719-0001.jpeg,data/train/NORMAL/IM-0719-0001.jpeg,1550,1452,L,train,NORMAL,1.0674931129476584
IM-0721-0001.jpeg,data/train/NORMAL/IM-0721-0001.jpeg,1434,1310,L,train,NORMAL,1.0946564885496184
IM-0722-0001.jpeg,data/train/NORMAL/IM-0722-0001.jpeg,1662,1403,L,train,NORMAL,1.1846044191019245
IM-0724-0001.jpeg,data/train/NORMAL/IM-0724-0001.jpeg,1840,1341,L,train,NORMAL,1.372110365398956
IM-0727-0001.jpeg,data/train/NORMAL/IM-0727-0001.jpeg,1400,1190,L,train,NORMAL,1.1764705882352942
IM-0728-0001.jpeg,data/train/NORMAL/IM-0728-0001.jpeg,1574,1229,L,train,NORMAL,1.2807160292921074
IM-0729-0001.jpeg,data/train/NORMAL/IM-0729-0001.jpeg,1572,1194,L,train,NORMAL,1.3165829145728642
IM-0730-0001.jpeg,data/train/NORMAL/IM-0730-0001.jpeg,1310,951,L,train,NORMAL,1.377497371188223
IM-0732-0001.jpeg,data/train/NORMAL/IM-0732-0001.jpeg,1296,800,L,train,NORMAL,1.62
IM-0733-0001.jpeg,data/train/NORMAL/IM-0733-0001.jpeg,1430,1194,L,train,NORMAL,1.1976549413735342
IM-0734-0001.jpeg,data/train/NORMAL/IM-0734-0001.jpeg,2572,2476,L,train,NORMAL,1.0387722132471728
IM-0735-0001.jpeg,data/train/NORMAL/IM-0735-0001.jpeg,1654,1051,L,train,NORMAL,1.5737392959086585
IM-0736-0001.jpeg,data/train/NORMAL/IM-0736-0001.jpeg,1430,1005,L,train,NORMAL,1.4228855721393034
IM-0737-0001.jpeg,data/train/NORMAL/IM-0737-0001.jpeg,1384,1121,L,train,NORMAL,1.2346119536128457
IM-0738-0001.jpeg,data/train/NORMAL/IM-0738-0001.jpeg,1546,1314,L,train,NORMAL,1.1765601217656012
IM-0739-0001.jpeg,data/train/NORMAL/IM-0739-0001.jpeg,1114,815,L,train,NORMAL,1.3668711656441719
IM-0740-0001.jpeg,data/train/NORMAL/IM-0740-0001.jpeg,1840,1283,L,train,NORMAL,1.4341387373343726
IM-0741-0001.jpeg,data/train/NORMAL/IM-0741-0001.jpeg,1256,1097,L,train,NORMAL,1.1449407474931632
IM-0742-0001.jpeg,data/train/NORMAL/IM-0742-0001.jpeg,1670,1302,L,train,NORMAL,1.282642089093702
IM-0746-0001.jpeg,data/train/NORMAL/IM-0746-0001.jpeg,1712,1259,L,train,NORMAL,1.3598093725178713
IM-0747-0001.jpeg,data/train/NORMAL/IM-0747-0001.jpeg,1604,1171,L,train,NORMAL,1.3697694278394534
IM-0748-0001.jpeg,data/train/NORMAL/IM-0748-0001.jpeg,1844,1573,L,train,NORMAL,1.172282263191354
IM-0750-0001.jpeg,data/train/NORMAL/IM-0750-0001.jpeg,1198,978,L,train,NORMAL,1.2249488752556237
IM-0751-0001.jpeg,data/train/NORMAL/IM-0751-0001.jpeg,1488,1136,L,train,NORMAL,1.3098591549295775
IM-0752-0001.jpeg,data/train/NORMAL/IM-0752-0001.jpeg,1438,1144,L,train,NORMAL,1.256993006993007
IM-0753-0001.jpeg,data/train/NORMAL/IM-0753-0001.jpeg,1518,1097,L,train,NORMAL,1.3837739288969917
IM-0754-0001.jpeg,data/train/NORMAL/IM-0754-0001.jpeg,1782,1460,L,train,NORMAL,1.2205479452054795
IM-0755-0001.jpeg,data/train/NORMAL/IM-0755-0001.jpeg,1346,1040,L,train,NORMAL,1.2942307692307693
IM-0757-0001.jpeg,data/train/NORMAL/IM-0757-0001.jpeg,1284,1086,L,train,NORMAL,1.1823204419889504
IM-0761-0001.jpeg,data/train/NORMAL/IM-0761-0001.jpeg,1348,1028,L,train,NORMAL,1.311284046692607
IM-0764-0001.jpeg,data/train/NORMAL/IM-0764-0001.jpeg,1620,1480,L,train,NORMAL,1.0945945945945945
IM-0766-0001.jpeg,data/train/NORMAL/IM-0766-0001.jpeg,2252,1913,L,train,NORMAL,1.1772085729221118
NORMAL2-IM-0383-0001.jpeg,data/train/NORMAL/NORMAL2-IM-0383-0001.jpeg,1882,1480,L,train,NORMAL,1.2716216216216216
NORMAL2-IM-0384-0001.jpeg,data/train/NORMAL/NORMAL2-IM-0384-0001.jpeg,1268,924,L,train,NORMAL,1.3722943722943723
NORMAL2-IM-0385-0001.jpeg,data/train/NORMAL/NORMAL2-IM-0385-0001.jpeg,1676,1391,L,train,NORMAL,1.2048885693745506
NORMAL2-IM-0386-0001.jpeg,data/train/NORMAL/NORMAL2-IM-0386-0001.jpeg,1636,1321,L,train,NORMAL,1.238455715367146
NORMAL2-IM-0388-0001.jpeg,data/train/NORMAL/NORMAL2-IM-0388-0001.jpeg,1388,1009,L,train,NORMAL,1.375619425173439
NORMAL2-IM-0389-0001.jpeg,data/train/NORMAL/NORMAL2-IM-0389-0001.jpeg,1484,1136,L,train,NORMAL,1.306338028169014
NORMAL2-IM-0390-0001.jpeg,data/train/NORMAL/NORMAL2-IM-0390-0001.jpeg,2434,2376,L,train,NORMAL,1.0244107744107744
NORMAL2-IM-0391-0001.jpeg,data/train/NORMAL/NORMAL2-IM-0391-0001.jpeg,1582,1582,L,train,NORMAL,1.0
NORMAL2-IM-0392-0001.jpeg,data/train/NORMAL/NORMAL2-IM-0392-0001.jpeg,1546,1414,L,train,NORMAL,1.0933521923620932
NORMAL2-IM-0393-0001.jpeg,data/train/NORMAL/NORMAL2-IM-0393-0001.jpeg,1410,1106,L,train,NORMAL,1.274864376130199
NORMAL2-IM-0394-0001.jpeg,data/train/NORMAL/NORMAL2-IM-0394-0001.jpeg,1588,1144,L,train,NORMAL,1.3881118881118881
NORMAL2-IM-0395-0001-0001.jpeg,data/train/NORMAL/NORMAL2-IM-0395-0001-0001.jpeg,1520,1070,L,train,NORMAL,1.4205607476635513
NORMAL2-IM-0395-0001-0002.jpeg,data/train/NORMAL/NORMAL2-IM-0395-0001-0002.jpeg,1416,1148,L,train,NORMAL,1.2334494773519165
NORMAL2-IM-0395-0001.jpeg,data/train/NORMAL/NORMAL2-IM-0395-0001.jpeg,1464,1167,L,train,NORMAL,1.2544987146529563
NORMAL2-IM-0396-0001.jpeg,data/train/NORMAL/NORMAL2-IM-0396-0001.jpeg,1882,1653,L,train,NORMAL,1.1385359951603147
NORMAL2-IM-0397-0001.jpeg,data/train/NORMAL/NORMAL2-IM-0397-0001.jpeg,2036,1908,L,train,NORMAL,1.0670859538784068
NORMAL2-IM-0399-0001.jpeg,data/train/NORMAL/NORMAL2-IM-0399-0001.jpeg,1546,1399,L,train,NORMAL,1.1050750536097211
NORMAL2-IM-0401-0001.jpeg,data/train/NORMAL/NORMAL2-IM-0401-0001.jpeg,1898,1854,L,train,NORMAL,1.0237324703344122
NORMAL2-IM-0402-0001.jpeg,data/train/NORMAL/NORMAL2-IM-0402-0001.jpeg,1666,1252,L,train,NORMAL,1.3306709265175718
NORMAL2-IM-0403-0001.jpeg,data/train/NORMAL/NORMAL2-IM-0403-0001.jpeg,1476,1013,L,train,NORMAL,1.4570582428430405
NORMAL2-IM-0404-0001.jpeg,data/train/NORMAL/NORMAL2-IM-0404-0001.jpeg,1532,1256,L,train,NORMAL,1.2197452229299364
NORMAL2-IM-0406-0001.jpeg,data/train/NORMAL/NORMAL2-IM-0406-0001.jpeg,1470,1043,L,train,NORMAL,1.4093959731543624
NORMAL2-IM-0407-0001.jpeg,data/train/NORMAL/NORMAL2-IM-0407-0001.jpeg,1690,1368,L,train,NORMAL,1.2353801169590644
NORMAL2-IM-0408-0001.jpeg,data/train/NORMAL/NORMAL2-IM-0408-0001.jpeg,1978,1766,L,train,NORMAL,1.1200453001132502
NORMAL2-IM-0409-0001.jpeg,data/train/NORMAL/NORMAL2-IM-0409-0001.jpeg,1542,1310,L,train,NORMAL,1.1770992366412214
NORMAL2-IM-0410-0001.jpeg,data/train/NORMAL/NORMAL2-IM-0410-0001.jpeg,1372,1070,L,train,NORMAL,1.2822429906542057
NORMAL2-IM-0412-0001.jpeg,data/train/NORMAL/NORMAL2-IM-0412-0001.jpeg,1450,1210,L,train,NORMAL,1.1983471074380165
NORMAL2-IM-0413-0001.jpeg,data/train/NORMAL/NORMAL2-IM-0413-0001.jpeg,2106,1986,L,train,NORMAL,1.0604229607250755
NORMAL2-IM-0414-0001.jpeg,data/train/NORMAL/NORMAL2-IM-0414-0001.jpeg,1778,1754,L,train,NORMAL,1.0136830102622576
NORMAL2-IM-0415-0001.jpeg,data/train/NORMAL/NORMAL2-IM-0415-0001.jpeg,1524,1410,L,train,NORMAL,1.0808510638297872
NORMAL2-IM-0416-0001-0001.jpeg,data/train/NORMAL/NORMAL2-IM-0416-0001-0001.jpeg,1584,1426,L,train,NORMAL,1.1107994389901823
NORMAL2-IM-0416-0001-0002.jpeg,data/train/NORMAL/NORMAL2-IM-0416-0001-0002.jpeg,1844,1272,L,train,NORMAL,1.449685534591195
NORMAL2-IM-0416-0001.jpeg,data/train/NORMAL/NORMAL2-IM-0416-0001.jpeg,1624,1341,L,train,NORMAL,1.2110365398956002
NORMAL2-IM-0417-0001.jpeg,data/train/NORMAL/NORMAL2-IM-0417-0001.jpeg,2302,1514,L,train,NORMAL,1.5204755614266843
NORMAL2-IM-0418-0001.jpeg,data/train/NORMAL/NORMAL2-IM-0418-0001.jpeg,1530,1299,L,train,NORMAL,1.1778290993071594
NORMAL2-IM-0419-0001.jpeg,data/train/NORMAL/NORMAL2-IM-0419-0001.jpeg,1454,1071,L,train,NORMAL,1.357609710550887
NORMAL2-IM-0421-0001.jpeg,data/train/NORMAL/NORMAL2-IM-0421-0001.jpeg,1804,1453,L,train,NORMAL,1.2415691672401927
NORMAL2-IM-0423-0001.jpeg,data/train/NORMAL/NORMAL2-IM-0423-0001.jpeg,1816,1534,L,train,NORMAL,1.1838331160365059
NORMAL2-IM-0424-0001.jpeg,data/train/NORMAL/NORMAL2-IM-0424-0001.jpeg,1538,1205,L,train,NORMAL,1.2763485477178422
NORMAL2-IM-0425-0001.jpeg,data/train/NORMAL/NORMAL2-IM-0425-0001.jpeg,2101,1606,L,train,NORMAL,1.3082191780821917
NORMAL2-IM-0427-0001.jpeg,data/train/NORMAL/NORMAL2-IM-0427-0001.jpeg,1574,1225,L,train,NORMAL,1.2848979591836736
NORMAL2-IM-0428-0001.jpeg,data/train/NORMAL/NORMAL2-IM-0428-0001.jpeg,1692,1221,L,train,NORMAL,1.3857493857493857
NORMAL2-IM-0429-0001.jpeg,data/train/NORMAL/NORMAL2-IM-0429-0001.jpeg,1572,1389,L,train,NORMAL,1.1317494600431965
NORMAL2-IM-0433-0001.jpeg,data/train/NORMAL/NORMAL2-IM-0433-0001.jpeg,1546,1255,L,train,NORMAL,1.2318725099601593
NORMAL2-IM-0435-0001.jpeg,data/train/NORMAL/NORMAL2-IM-0435-0001.jpeg,2185,1942,L,train,NORMAL,1.1251287332646756
NORMAL2-IM-0437-0001.jpeg,data/train/NORMAL/NORMAL2-IM-0437-0001.jpeg,1434,1074,L,train,NORMAL,1.335195530726257
NORMAL2-IM-0439-0001.jpeg,data/train/NORMAL/NORMAL2-IM-0439-0001.jpeg,1808,1666,L,train,NORMAL,1.085234093637455
NORMAL2-IM-0440-0001.jpeg,data/train/NORMAL/NORMAL2-IM-0440-0001.jpeg,1516,1295,L,train,NORMAL,1.1706563706563706
NORMAL2-IM-0441-0001.jpeg,data/train/NORMAL/NORMAL2-IM-0441-0001.jpeg,2288,2363,L,train,NORMAL,0.9682606855691918
NORMAL2-IM-0443-0001.jpeg,data/train/NORMAL/NORMAL2-IM-0443-0001.jpeg,1688,1542,L,train,NORMAL,1.0946822308690014
NORMAL2-IM-0445-0001.jpeg,data/train/NORMAL/NORMAL2-IM-0445-0001.jpeg,1782,1310,L,train,NORMAL,1.3603053435114503
NORMAL2-IM-0447-0001.jpeg,data/train/NORMAL/NORMAL2-IM-0447-0001.jpeg,1654,1441,L,train,NORMAL,1.1478140180430256
NORMAL2-IM-0448-0001.jpeg,data/train/NORMAL/NORMAL2-IM-0448-0001.jpeg,1774,1225,L,train,NORMAL,1.4481632653061225
NORMAL2-IM-0449-0001.jpeg,data/train/NORMAL/NORMAL2-IM-0449-0001.jpeg,1284,1013,L,train,NORMAL,1.267522211253702
NORMAL2-IM-0450-0001.jpeg,data/train/NORMAL/NORMAL2-IM-0450-0001.jpeg,1622,1422,L,train,NORMAL,1.140646976090014
NORMAL2-IM-0451-0001.jpeg,data/train/NORMAL/NORMAL2-IM-0451-0001.jpeg,1574,1043,L,train,NORMAL,1.5091083413231063
NORMAL2-IM-0452-0001.jpeg,data/train/NORMAL/NORMAL2-IM-0452-0001.jpeg,1454,978,L,train,NORMAL,1.4867075664621676
NORMAL2-IM-0453-0001.jpeg,data/train/NORMAL/NORMAL2-IM-0453-0001.jpeg,1434,1179,L,train,NORMAL,1.2162849872773538
NORMAL2-IM-0454-0001.jpeg,data/train/NORMAL/NORMAL2-IM-0454-0001.jpeg,1650,1341,L,train,NORMAL,1.2304250559284116
NORMAL2-IM-0455-0001.jpeg,data/train/NORMAL/NORMAL2-IM-0455-0001.jpeg,1928,1631,L,train,NORMAL,1.1820968730839976
NORMAL2-IM-0456-0001.jpeg,data/train/NORMAL/NORMAL2-IM-0456-0001.jpeg,1368,1079,L,train,NORMAL,1.267840593141798
NORMAL2-IM-0458-0001.jpeg,data/train/NORMAL/NORMAL2-IM-0458-0001.jpeg,1558,1106,L,train,NORMAL,1.4086799276672695
NORMAL2-IM-0460-0001.jpeg,data/train/NORMAL/NORMAL2-IM-0460-0001.jpeg,1186,940,L,train,NORMAL,1.2617021276595746
NORMAL2-IM-0462-0001.jpeg,data/train/NORMAL/NORMAL2-IM-0462-0001.jpeg,1684,1240,L,train,NORMAL,1.3580645161290323
NORMAL2-IM-0463-0001.jpeg,data/train/NORMAL/NORMAL2-IM-0463-0001.jpeg,1646,1121,L,train,NORMAL,1.4683318465655664
NORMAL2-IM-0464-0001.jpeg,data/train/NORMAL/NORMAL2-IM-0464-0001.jpeg,1662,1214,L,train,NORMAL,1.3690280065897857
NORMAL2-IM-0465-0001.jpeg,data/train/NORMAL/NORMAL2-IM-0465-0001.jpeg,1418,1221,L,train,NORMAL,1.1613431613431613
NORMAL2-IM-0466-0001.jpeg,data/train/NORMAL/NORMAL2-IM-0466-0001.jpeg,2346,2032,L,train,NORMAL,1.154527559055118
NORMAL2-IM-0468-0001.jpeg,data/train/NORMAL/NORMAL2-IM-0468-0001.jpeg,1114,850,L,train,NORMAL,1.3105882352941176
NORMAL2-IM-0472-0001.jpeg,data/train/NORMAL/NORMAL2-IM-0472-0001.jpeg,1670,1330,L,train,NORMAL,1.255639097744361
NORMAL2-IM-0473-0001.jpeg,data/train/NORMAL/NORMAL2-IM-0473-0001.jpeg,1418,1121,L,train,NORMAL,1.264942016057092
NORMAL2-IM-0474-0001.jpeg,data/train/NORMAL/NORMAL2-IM-0474-0001.jpeg,1728,1619,L,train,NORMAL,1.067325509573811
NORMAL2-IM-0475-0001.jpeg,data/train/NORMAL/NORMAL2-IM-0475-0001.jpeg,1512,1225,L,train,NORMAL,1.2342857142857142
NORMAL2-IM-0476-0001.jpeg,data/train/NORMAL/NORMAL2-IM-0476-0001.jpeg,1588,1337,L,train,NORMAL,1.1877337322363501
NORMAL2-IM-0478-0001.jpeg,data/train/NORMAL/NORMAL2-IM-0478-0001.jpeg,1724,1638,L,train,NORMAL,1.0525030525030525
NORMAL2-IM-0479-0001.jpeg,data/train/NORMAL/NORMAL2-IM-0479-0001.jpeg,1480,1256,L,train,NORMAL,1.178343949044586
NORMAL2-IM-0480-0001.jpeg,data/train/NORMAL/NORMAL2-IM-0480-0001.jpeg,1878,1729,L,train,NORMAL,1.086176980913823
NORMAL2-IM-0481-0001.jpeg,data/train/NORMAL/NORMAL2-IM-0481-0001.jpeg,1956,1596,L,train,NORMAL,1.2255639097744362
NORMAL2-IM-0482-0001.jpeg,data/train/NORMAL/NORMAL2-IM-0482-0001.jpeg,2048,1804,L,train,NORMAL,1.1352549889135255
NORMAL2-IM-0485-0001.jpeg,data/train/NORMAL/NORMAL2-IM-0485-0001.jpeg,1120,904,L,train,NORMAL,1.238938053097345
NORMAL2-IM-0486-0001.jpeg,data/train/NORMAL/NORMAL2-IM-0486-0001.jpeg,1214,1106,L,train,NORMAL,1.0976491862567812
NORMAL2-IM-0487-0001.jpeg,data/train/NORMAL/NORMAL2-IM-0487-0001.jpeg,1238,874,L,train,NORMAL,1.4164759725400458
NORMAL2-IM-0488-0001.jpeg,data/train/NORMAL/NORMAL2-IM-0488-0001.jpeg,1298,959,L,train,NORMAL,1.3534932221063607
NORMAL2-IM-0489-0001.jpeg,data/train/NORMAL/NORMAL2-IM-0489-0001.jpeg,1700,1302,L,train,NORMAL,1.30568356374808
NORMAL2-IM-0490-0001.jpeg,data/train/NORMAL/NORMAL2-IM-0490-0001.jpeg,1620,1340,L,train,NORMAL,1.208955223880597
NORMAL2-IM-0491-0001.jpeg,data/train/NORMAL/NORMAL2-IM-0491-0001.jpeg,1808,1604,L,train,NORMAL,1.1271820448877805
NORMAL2-IM-0493-0001.jpeg,data/train/NORMAL/NORMAL2-IM-0493-0001.jpeg,1882,1692,L,train,NORMAL,1.112293144208038
NORMAL2-IM-0496-0001.jpeg,data/train/NORMAL/NORMAL2-IM-0496-0001.jpeg,1716,1202,L,train,NORMAL,1.4276206322795342
NORMAL2-IM-0497-0001.jpeg,data/train/NORMAL/NORMAL2-IM-0497-0001.jpeg,1434,1411,L,train,NORMAL,1.0163004961020552
NORMAL2-IM-0499-0001.jpeg,data/train/NORMAL/NORMAL2-IM-0499-0001.jpeg,1414,1106,L,train,NORMAL,1.2784810126582278
NORMAL2-IM-0500-0001.jpeg,data/train/NORMAL/NORMAL2-IM-0500-0001.jpeg,1442,1152,L,train,NORMAL,1.2517361111111112
NORMAL2-IM-0501-0001.jpeg,data/train/NORMAL/NORMAL2-IM-0501-0001.jpeg,1782,1503,L,train,NORMAL,1.18562874251497
NORMAL2-IM-0502-0001.jpeg,data/train/NORMAL/NORMAL2-IM-0502-0001.jpeg,1454,1183,L,train,NORMAL,1.2290786136939984
NORMAL2-IM-0503-0001.jpeg,data/train/NORMAL/NORMAL2-IM-0503-0001.jpeg,1658,1465,L,train,NORMAL,1.131740614334471
NORMAL2-IM-0506-0001.jpeg,data/train/NORMAL/NORMAL2-IM-0506-0001.jpeg,1762,1399,L,train,NORMAL,1.259471050750536
NORMAL2-IM-0507-0001.jpeg,data/train/NORMAL/NORMAL2-IM-0507-0001.jpeg,1658,1407,L,train,NORMAL,1.1783937455579248
NORMAL2-IM-0508-0001.jpeg,data/train/NORMAL/NORMAL2-IM-0508-0001.jpeg,1422,1066,L,train,NORMAL,1.3339587242026267
NORMAL2-IM-0509-0001.jpeg,data/train/NORMAL/NORMAL2-IM-0509-0001.jpeg,1904,1534,L,train,NORMAL,1.2411994784876141
NORMAL2-IM-0511-0001.jpeg,data/train/NORMAL/NORMAL2-IM-0511-0001.jpeg,1924,1356,L,train,NORMAL,1.4188790560471976
NORMAL2-IM-0512-0001.jpeg,data/train/NORMAL/NORMAL2-IM-0512-0001.jpeg,1376,1229,L,train,NORMAL,1.1196094385679414
NORMAL2-IM-0513-0001.jpeg,data/train/NORMAL/NORMAL2-IM-0513-0001.jpeg,1986,1604,L,train,NORMAL,1.2381546134663342
NORMAL2-IM-0515-0001.jpeg,data/train/NORMAL/NORMAL2-IM-0515-0001.jpeg,1638,1020,L,train,NORMAL,1.6058823529411765
NORMAL2-IM-0516-0001.jpeg,data/train/NORMAL/NORMAL2-IM-0516-0001.jpeg,2120,2283,L,train,NORMAL,0.9286027157249234
NORMAL2-IM-0517-0001.jpeg,data/train/NORMAL/NORMAL2-IM-0517-0001.jpeg,1542,1032,L,train,NORMAL,1.494186046511628
NORMAL2-IM-0518-0001.jpeg,data/train/NORMAL/NORMAL2-IM-0518-0001.jpeg,1650,1217,L,train,NORMAL,1.3557929334428924
NORMAL2-IM-0520-0001.jpeg,data/train/NORMAL/NORMAL2-IM-0520-0001.jpeg,1554,1402,L,train,NORMAL,1.108416547788873
NORMAL2-IM-0521-0001.jpeg,data/train/NORMAL/NORMAL2-IM-0521-0001.jpeg,1952,1496,L,train,NORMAL,1.304812834224599
NORMAL2-IM-0522-0001.jpeg,data/train/NORMAL/NORMAL2-IM-0522-0001.jpeg,1198,1032,L,train,NORMAL,1.1608527131782946
NORMAL2-IM-0523-0001.jpeg,data/train/NORMAL/NORMAL2-IM-0523-0001.jpeg,1914,1581,L,train,NORMAL,1.2106261859582543
NORMAL2-IM-0525-0001.jpeg,data/train/NORMAL/NORMAL2-IM-0525-0001.jpeg,1929,1802,L,train,NORMAL,1.0704772475027746
NORMAL2-IM-0526-0001.jpeg,data/train/NORMAL/NORMAL2-IM-0526-0001.jpeg,1422,1128,L,train,NORMAL,1.2606382978723405
NORMAL2-IM-0528-0001.jpeg,data/train/NORMAL/NORMAL2-IM-0528-0001.jpeg,1628,1314,L,train,NORMAL,1.23896499238965
NORMAL2-IM-0529-0001.jpeg,data/train/NORMAL/NORMAL2-IM-0529-0001.jpeg,1388,1029,L,train,NORMAL,1.3488824101069
NORMAL2-IM-0530-0001.jpeg,data/train/NORMAL/NORMAL2-IM-0530-0001.jpeg,2186,2086,L,train,NORMAL,1.0479386385426654
NORMAL2-IM-0531-0001.jpeg,data/train/NORMAL/NORMAL2-IM-0531-0001.jpeg,1744,1345,L,train,NORMAL,1.2966542750929368
NORMAL2-IM-0533-0001.jpeg,data/train/NORMAL/NORMAL2-IM-0533-0001.jpeg,1924,1797,L,train,NORMAL,1.070673344462994
NORMAL2-IM-0535-0001-0002.jpeg,data/train/NORMAL/NORMAL2-IM-0535-0001-0002.jpeg,1192,862,L,train,NORMAL,1.382830626450116
NORMAL2-IM-0535-0001.jpeg,data/train/NORMAL/NORMAL2-IM-0535-0001.jpeg,1682,1519,L,train,NORMAL,1.1073074391046742
NORMAL2-IM-0536-0001.jpeg,data/train/NORMAL/NORMAL2-IM-0536-0001.jpeg,1400,1120,L,train,NORMAL,1.25
NORMAL2-IM-0537-0001.jpeg,data/train/NORMAL/NORMAL2-IM-0537-0001.jpeg,2458,1870,L,train,NORMAL,1.3144385026737968
NORMAL2-IM-0539-0001.jpeg,data/train/NORMAL/NORMAL2-IM-0539-0001.jpeg,1845,1761,L,train,NORMAL,1.0477001703577513
NORMAL2-IM-0540-0001.jpeg,data/train/NORMAL/NORMAL2-IM-0540-0001.jpeg,1970,1554,L,train,NORMAL,1.2676962676962678
NORMAL2-IM-0541-0001.jpeg,data/train/NORMAL/NORMAL2-IM-0541-0001.jpeg,2014,1746,L,train,NORMAL,1.1534936998854524
NORMAL2-IM-0543-0001.jpeg,data/train/NORMAL/NORMAL2-IM-0543-0001.jpeg,1410,1244,L,train,NORMAL,1.1334405144694535
NORMAL2-IM-0545-0001.jpeg,data/train/NORMAL/NORMAL2-IM-0545-0001.jpeg,2006,1878,L,train,NORMAL,1.068157614483493
NORMAL2-IM-0547-0001.jpeg,data/train/NORMAL/NORMAL2-IM-0547-0001.jpeg,2068,1982,L,train,NORMAL,1.043390514631685
NORMAL2-IM-0550-0001.jpeg,data/train/NORMAL/NORMAL2-IM-0550-0001.jpeg,1404,1333,L,train,NORMAL,1.0532633158289573
NORMAL2-IM-0551-0001.jpeg,data/train/NORMAL/NORMAL2-IM-0551-0001.jpeg,1729,1668,L,train,NORMAL,1.0365707434052758
NORMAL2-IM-0552-0001.jpeg,data/train/NORMAL/NORMAL2-IM-0552-0001.jpeg,1638,1264,L,train,NORMAL,1.2958860759493671
NORMAL2-IM-0553-0001.jpeg,data/train/NORMAL/NORMAL2-IM-0553-0001.jpeg,1708,1248,L,train,NORMAL,1.3685897435897436
NORMAL2-IM-0554-0001.jpeg,data/train/NORMAL/NORMAL2-IM-0554-0001.jpeg,1180,885,L,train,NORMAL,1.3333333333333333
NORMAL2-IM-0555-0001-0001.jpeg,data/train/NORMAL/NORMAL2-IM-0555-0001-0001.jpeg,2056,2206,L,train,NORMAL,0.9320036264732547
NORMAL2-IM-0555-0001-0002.jpeg,data/train/NORMAL/NORMAL2-IM-0555-0001-0002.jpeg,2414,2132,L,train,NORMAL,1.1322701688555348
NORMAL2-IM-0555-0001.jpeg,data/train/NORMAL/NORMAL2-IM-0555-0001.jpeg,1302,958,L,train,NORMAL,1.3590814196242171
NORMAL2-IM-0557-0001.jpeg,data/train/NORMAL/NORMAL2-IM-0557-0001.jpeg,1812,1325,L,train,NORMAL,1.3675471698113209
NORMAL2-IM-0558-0001.jpeg,data/train/NORMAL/NORMAL2-IM-0558-0001.jpeg,1110,944,L,train,NORMAL,1.1758474576271187
NORMAL2-IM-0559-0001.jpeg,data/train/NORMAL/NORMAL2-IM-0559-0001.jpeg,1767,1869,L,train,NORMAL,0.9454253611556982
NORMAL2-IM-0561-0001.jpeg,data/train/NORMAL/NORMAL2-IM-0561-0001.jpeg,1650,1214,L,train,NORMAL,1.3591433278418452
NORMAL2-IM-0563-0001.jpeg,data/train/NORMAL/NORMAL2-IM-0563-0001.jpeg,1546,1425,L,train,NORMAL,1.0849122807017544
NORMAL2-IM-0564-0001.jpeg,data/train/NORMAL/NORMAL2-IM-0564-0001.jpeg,1554,1198,L,train,NORMAL,1.2971619365609348
NORMAL2-IM-0566-0001.jpeg,data/train/NORMAL/NORMAL2-IM-0566-0001.jpeg,1608,1195,L,train,NORMAL,1.3456066945606695
NORMAL2-IM-0567-0001.jpeg,data/train/NORMAL/NORMAL2-IM-0567-0001.jpeg,1962,2169,L,train,NORMAL,0.9045643153526971
NORMAL2-IM-0568-0001.jpeg,data/train/NORMAL/NORMAL2-IM-0568-0001.jpeg,1796,1696,L,train,NORMAL,1.0589622641509433
NORMAL2-IM-0569-0001.jpeg,data/train/NORMAL/NORMAL2-IM-0569-0001.jpeg,1724,1160,L,train,NORMAL,1.486206896551724
NORMAL2-IM-0571-0001.jpeg,data/train/NORMAL/NORMAL2-IM-0571-0001.jpeg,2124,1630,L,train,NORMAL,1.3030674846625767
NORMAL2-IM-0572-0001.jpeg,data/train/NORMAL/NORMAL2-IM-0572-0001.jpeg,1750,1526,L,train,NORMAL,1.146788990825688
NORMAL2-IM-0573-0001.jpeg,data/train/NORMAL/NORMAL2-IM-0573-0001.jpeg,1696,1568,L,train,NORMAL,1.0816326530612246
NORMAL2-IM-0575-0001.jpeg,data/train/NORMAL/NORMAL2-IM-0575-0001.jpeg,1688,1469,L,train,NORMAL,1.149081007488087
NORMAL2-IM-0576-0001.jpeg,data/train/NORMAL/NORMAL2-IM-0576-0001.jpeg,1688,1422,L,train,NORMAL,1.1870604781997187
NORMAL2-IM-0577-0001.jpeg,data/train/NORMAL/NORMAL2-IM-0577-0001.jpeg,1866,1654,L,train,NORMAL,1.1281741233373639
NORMAL2-IM-0578-0001.jpeg,data/train/NORMAL/NORMAL2-IM-0578-0001.jpeg,1894,1688,L,train,NORMAL,1.122037914691943
NORMAL2-IM-0579-0001.jpeg,data/train/NORMAL/NORMAL2-IM-0579-0001.jpeg,1916,1488,L,train,NORMAL,1.2876344086021505
NORMAL2-IM-0580-0001.jpeg,data/train/NORMAL/NORMAL2-IM-0580-0001.jpeg,1724,1588,L,train,NORMAL,1.0856423173803527
NORMAL2-IM-0582-0001.jpeg,data/train/NORMAL/NORMAL2-IM-0582-0001.jpeg,1484,1190,L,train,NORMAL,1.2470588235294118
NORMAL2-IM-0583-0001.jpeg,data/train/NORMAL/NORMAL2-IM-0583-0001.jpeg,1712,1534,L,train,NORMAL,1.1160365058670143
NORMAL2-IM-0585-0001.jpeg,data/train/NORMAL/NORMAL2-IM-0585-0001.jpeg,1848,1848,L,train,NORMAL,1.0
NORMAL2-IM-0587-0001-0001.jpeg,data/train/NORMAL/NORMAL2-IM-0587-0001-0001.jpeg,2428,2540,L,train,NORMAL,0.9559055118110236
NORMAL2-IM-0587-0001-0002.jpeg,data/train/NORMAL/NORMAL2-IM-0587-0001-0002.jpeg,2428,2540,L,train,NORMAL,0.9559055118110236
NORMAL2-IM-0587-0001.jpeg,data/train/NORMAL/NORMAL2-IM-0587-0001.jpeg,1504,1206,L,train,NORMAL,1.2470978441127696
NORMAL2-IM-0588-0001.jpeg,data/train/NORMAL/NORMAL2-IM-0588-0001.jpeg,1218,808,L,train,NORMAL,1.5074257425742574
NORMAL2-IM-0589-0001.jpeg,data/train/NORMAL/NORMAL2-IM-0589-0001.jpeg,1622,1272,L,train,NORMAL,1.2751572327044025
NORMAL2-IM-0592-0001.jpeg,data/train/NORMAL/NORMAL2-IM-0592-0001.jpeg,1450,1210,L,train,NORMAL,1.1983471074380165
NORMAL2-IM-0594-0001.jpeg,data/train/NORMAL/NORMAL2-IM-0594-0001.jpeg,1852,1442,L,train,NORMAL,1.2843273231622747
NORMAL2-IM-0595-0001.jpeg,data/train/NORMAL/NORMAL2-IM-0595-0001.jpeg,1318,1082,L,train,NORMAL,1.2181146025878005
NORMAL2-IM-0596-0001.jpeg,data/train/NORMAL/NORMAL2-IM-0596-0001.jpeg,1496,1314,L,train,NORMAL,1.1385083713850837
NORMAL2-IM-0599-0001.jpeg,data/train/NORMAL/NORMAL2-IM-0599-0001.jpeg,1484,1036,L,train,NORMAL,1.4324324324324325
NORMAL2-IM-0600-0001.jpeg,data/train/NORMAL/NORMAL2-IM-0600-0001.jpeg,1474,1527,L,train,NORMAL,0.9652914210870989
NORMAL2-IM-0601-0001.jpeg,data/train/NORMAL/NORMAL2-IM-0601-0001.jpeg,1906,1909,L,train,NORMAL,0.9984284965950759
NORMAL2-IM-0602-0001.jpeg,data/train/NORMAL/NORMAL2-IM-0602-0001.jpeg,2619,2628,L,train,NORMAL,0.9965753424657534
NORMAL2-IM-0603-0001.jpeg,data/train/NORMAL/NORMAL2-IM-0603-0001.jpeg,2234,1843,L,train,NORMAL,1.2121540965816604
NORMAL2-IM-0604-0001.jpeg,data/train/NORMAL/NORMAL2-IM-0604-0001.jpeg,1700,1437,L,train,NORMAL,1.1830201809324983
NORMAL2-IM-0609-0001.jpeg,data/train/NORMAL/NORMAL2-IM-0609-0001.jpeg,1852,1943,L,train,NORMAL,0.9531652084405559
NORMAL2-IM-0611-0001.jpeg,data/train/NORMAL/NORMAL2-IM-0611-0001.jpeg,1336,864,L,train,NORMAL,1.5462962962962963
NORMAL2-IM-0616-0001.jpeg,data/train/NORMAL/NORMAL2-IM-0616-0001.jpeg,1456,1279,L,train,NORMAL,1.1383893666927287
NORMAL2-IM-0617-0001.jpeg,data/train/NORMAL/NORMAL2-IM-0617-0001.jpeg,1692,1383,L,train,NORMAL,1.2234273318872018
NORMAL2-IM-0618-0001.jpeg,data/train/NORMAL/NORMAL2-IM-0618-0001.jpeg,1534,1121,L,train,NORMAL,1.368421052631579
NORMAL2-IM-0619-0001.jpeg,data/train/NORMAL/NORMAL2-IM-0619-0001.jpeg,1566,1465,L,train,NORMAL,1.0689419795221844
NORMAL2-IM-0620-0001.jpeg,data/train/NORMAL/NORMAL2-IM-0620-0001.jpeg,1736,1785,L,train,NORMAL,0.9725490196078431
NORMAL2-IM-0621-0001.jpeg,data/train/NORMAL/NORMAL2-IM-0621-0001.jpeg,1979,1978,L,train,NORMAL,1.000505561172902
NORMAL2-IM-0622-0001.jpeg,data/train/NORMAL/NORMAL2-IM-0622-0001.jpeg,2114,1812,L,train,NORMAL,1.1666666666666667
NORMAL2-IM-0623-0001.jpeg,data/train/NORMAL/NORMAL2-IM-0623-0001.jpeg,1808,1542,L,train,NORMAL,1.172503242542153
NORMAL2-IM-0626-0001.jpeg,data/train/NORMAL/NORMAL2-IM-0626-0001.jpeg,1820,1476,L,train,NORMAL,1.2330623306233062
NORMAL2-IM-0627-0001.jpeg,data/train/NORMAL/NORMAL2-IM-0627-0001.jpeg,2400,2121,L,train,NORMAL,1.1315417256011315
NORMAL2-IM-0629-0001.jpeg,data/train/NORMAL/NORMAL2-IM-0629-0001.jpeg,1558,1380,L,train,NORMAL,1.1289855072463768
NORMAL2-IM-0630-0001.jpeg,data/train/NORMAL/NORMAL2-IM-0630-0001.jpeg,1600,1329,L,train,NORMAL,1.2039127163280663
NORMAL2-IM-0633-0001.jpeg,data/train/NORMAL/NORMAL2-IM-0633-0001.jpeg,1670,1279,L,train,NORMAL,1.3057075840500392
NORMAL2-IM-0634-0001.jpeg,data/train/NORMAL/NORMAL2-IM-0634-0001.jpeg,1418,1048,L,train,NORMAL,1.3530534351145038
NORMAL2-IM-0635-0001.jpeg,data/train/NORMAL/NORMAL2-IM-0635-0001.jpeg,1400,1070,L,train,NORMAL,1.308411214953271
NORMAL2-IM-0636-0001.jpeg,data/train/NORMAL/NORMAL2-IM-0636-0001.jpeg,1376,1051,L,train,NORMAL,1.3092293054234063
NORMAL2-IM-0637-0001.jpeg,data/train/NORMAL/NORMAL2-IM-0637-0001.jpeg,1604,1248,L,train,NORMAL,1.2852564102564104
NORMAL2-IM-0640-0001.jpeg,data/train/NORMAL/NORMAL2-IM-0640-0001.jpeg,1510,1136,L,train,NORMAL,1.329225352112676
NORMAL2-IM-0641-0001.jpeg,data/train/NORMAL/NORMAL2-IM-0641-0001.jpeg,1920,1816,L,train,NORMAL,1.0572687224669604
NORMAL2-IM-0642-0001.jpeg,data/train/NORMAL/NORMAL2-IM-0642-0001.jpeg,1546,1368,L,train,NORMAL,1.1301169590643274
NORMAL2-IM-0643-0001.jpeg,data/train/NORMAL/NORMAL2-IM-0643-0001.jpeg,1902,1495,L,train,NORMAL,1.2722408026755854
NORMAL2-IM-0645-0001.jpeg,data/train/NORMAL/NORMAL2-IM-0645-0001.jpeg,1510,1175,L,train,NORMAL,1.2851063829787235
NORMAL2-IM-0647-0001.jpeg,data/train/NORMAL/NORMAL2-IM-0647-0001.jpeg,1682,1619,L,train,NORMAL,1.0389129092032119
NORMAL2-IM-0648-0001.jpeg,data/train/NORMAL/NORMAL2-IM-0648-0001.jpeg,1462,1245,L,train,NORMAL,1.17429718875502
NORMAL2-IM-0649-0001.jpeg,data/train/NORMAL/NORMAL2-IM-0649-0001.jpeg,1518,1194,L,train,NORMAL,1.271356783919598
NORMAL2-IM-0650-0001.jpeg,data/train/NORMAL/NORMAL2-IM-0650-0001.jpeg,1528,1327,L,train,NORMAL,1.1514694800301433
NORMAL2-IM-0651-0001.jpeg,data/train/NORMAL/NORMAL2-IM-0651-0001.jpeg,1955,1672,L,train,NORMAL,1.1692583732057416
NORMAL2-IM-0651-0004.jpeg,data/train/NORMAL/NORMAL2-IM-0651-0004.jpeg,1686,1231,L,train,NORMAL,1.3696181965881398
NORMAL2-IM-0652-0001.jpeg,data/train/NORMAL/NORMAL2-IM-0652-0001.jpeg,1422,1125,L,train,NORMAL,1.264
NORMAL2-IM-0653-0001.jpeg,data/train/NORMAL/NORMAL2-IM-0653-0001.jpeg,1966,1499,L,train,NORMAL,1.3115410273515677
NORMAL2-IM-0654-0001.jpeg,data/train/NORMAL/NORMAL2-IM-0654-0001.jpeg,1670,1144,L,train,NORMAL,1.4597902097902098
NORMAL2-IM-0655-0001.jpeg,data/train/NORMAL/NORMAL2-IM-0655-0001.jpeg,1802,1407,L,train,NORMAL,1.2807391613361763
NORMAL2-IM-0657-0001.jpeg,data/train/NORMAL/NORMAL2-IM-0657-0001.jpeg,1524,1295,L,train,NORMAL,1.1768339768339768
NORMAL2-IM-0659-0001.jpeg,data/train/NORMAL/NORMAL2-IM-0659-0001.jpeg,1438,1187,L,train,NORMAL,1.2114574557708508
NORMAL2-IM-0660-0001.jpeg,data/train/NORMAL/NORMAL2-IM-0660-0001.jpeg,1264,950,L,train,NORMAL,1.3305263157894738
NORMAL2-IM-0661-0001.jpeg,data/train/NORMAL/NORMAL2-IM-0661-0001.jpeg,2144,2028,L,train,NORMAL,1.057199211045365
NORMAL2-IM-0662-0001.jpeg,data/train/NORMAL/NORMAL2-IM-0662-0001.jpeg,1418,1020,L,train,NORMAL,1.3901960784313725
NORMAL2-IM-0663-0001.jpeg,data/train/NORMAL/NORMAL2-IM-0663-0001.jpeg,2090,1932,L,train,NORMAL,1.0817805383022774
NORMAL2-IM-0664-0001.jpeg,data/train/NORMAL/NORMAL2-IM-0664-0001.jpeg,1878,1647,L,train,NORMAL,1.1402550091074681
NORMAL2-IM-0665-0001.jpeg,data/train/NORMAL/NORMAL2-IM-0665-0001.jpeg,1186,769,L,train,NORMAL,1.542262678803641
NORMAL2-IM-0666-0001.jpeg,data/train/NORMAL/NORMAL2-IM-0666-0001.jpeg,1920,1750,L,train,NORMAL,1.0971428571428572
NORMAL2-IM-0667-0001.jpeg,data/train/NORMAL/NORMAL2-IM-0667-0001.jpeg,1566,1210,L,train,NORMAL,1.2942148760330578
NORMAL2-IM-0668-0001.jpeg,data/train/NORMAL/NORMAL2-IM-0668-0001.jpeg,1600,1542,L,train,NORMAL,1.0376134889753568
NORMAL2-IM-0669-0001.jpeg,data/train/NORMAL/NORMAL2-IM-0669-0001.jpeg,1692,1735,L,train,NORMAL,0.9752161383285303
NORMAL2-IM-0671-0001.jpeg,data/train/NORMAL/NORMAL2-IM-0671-0001.jpeg,1546,1205,L,train,NORMAL,1.28298755186722
NORMAL2-IM-0672-0001.jpeg,data/train/NORMAL/NORMAL2-IM-0672-0001.jpeg,1576,1383,L,train,NORMAL,1.1395516992046275
NORMAL2-IM-0673-0001.jpeg,data/train/NORMAL/NORMAL2-IM-0673-0001.jpeg,1616,1318,L,train,NORMAL,1.2261001517450683
NORMAL2-IM-0675-0001.jpeg,data/train/NORMAL/NORMAL2-IM-0675-0001.jpeg,1460,1233,L,train,NORMAL,1.184103811841038
NORMAL2-IM-0678-0001.jpeg,data/train/NORMAL/NORMAL2-IM-0678-0001.jpeg,1634,1183,L,train,NORMAL,1.3812341504649197
NORMAL2-IM-0680-0001.jpeg,data/train/NORMAL/NORMAL2-IM-0680-0001.jpeg,1592,1344,L,train,NORMAL,1.1845238095238095
NORMAL2-IM-0682-0001.jpeg,data/train/NORMAL/NORMAL2-IM-0682-0001.jpeg,1778,1492,L,train,NORMAL,1.1916890080428955
NORMAL2-IM-0683-0001.jpeg,data/train/NORMAL/NORMAL2-IM-0683-0001.jpeg,1538,1222,L,train,NORMAL,1.2585924713584289
NORMAL2-IM-0684-0001-0001.jpeg,data/train/NORMAL/NORMAL2-IM-0684-0001-0001.jpeg,1857,1815,L,train,NORMAL,1.0231404958677686
NORMAL2-IM-0686-0001.jpeg,data/train/NORMAL/NORMAL2-IM-0686-0001.jpeg,1512,1325,L,train,NORMAL,1.141132075471698
NORMAL2-IM-0687-0001.jpeg,data/train/NORMAL/NORMAL2-IM-0687-0001.jpeg,1504,1244,L,train,NORMAL,1.2090032154340835
NORMAL2-IM-0689-0001.jpeg,data/train/NORMAL/NORMAL2-IM-0689-0001.jpeg,1244,1097,L,train,NORMAL,1.1340018231540565
NORMAL2-IM-0690-0001.jpeg,data/train/NORMAL/NORMAL2-IM-0690-0001.jpeg,1198,897,L,train,NORMAL,1.3355629877369009
NORMAL2-IM-0692-0001.jpeg,data/train/NORMAL/NORMAL2-IM-0692-0001.jpeg,1724,1534,L,train,NORMAL,1.1238591916558018
NORMAL2-IM-0693-0001.jpeg,data/train/NORMAL/NORMAL2-IM-0693-0001.jpeg,2020,1700,L,train,NORMAL,1.188235294117647
NORMAL2-IM-0694-0001.jpeg,data/train/NORMAL/NORMAL2-IM-0694-0001.jpeg,2018,1881,L,train,NORMAL,1.0728335991493887
NORMAL2-IM-0695-0001.jpeg,data/train/NORMAL/NORMAL2-IM-0695-0001.jpeg,1500,1294,L,train,NORMAL,1.1591962905718702
NORMAL2-IM-0696-0001.jpeg,data/train/NORMAL/NORMAL2-IM-0696-0001.jpeg,1802,1422,L,train,NORMAL,1.2672292545710266
NORMAL2-IM-0698-0001.jpeg,data/train/NORMAL/NORMAL2-IM-0698-0001.jpeg,1554,1245,L,train,NORMAL,1.2481927710843375
NORMAL2-IM-0699-0001.jpeg,data/train/NORMAL/NORMAL2-IM-0699-0001.jpeg,1920,1920,L,train,NORMAL,1.0
NORMAL2-IM-0700-0001.jpeg,data/train/NORMAL/NORMAL2-IM-0700-0001.jpeg,1874,1774,L,train,NORMAL,1.056369785794814
NORMAL2-IM-0702-0001.jpeg,data/train/NORMAL/NORMAL2-IM-0702-0001.jpeg,2514,2264,L,train,NORMAL,1.1104240282685511
NORMAL2-IM-0705-0001.jpeg,data/train/NORMAL/NORMAL2-IM-0705-0001.jpeg,1960,1648,L,train,NORMAL,1.1893203883495145
NORMAL2-IM-0707-0001.jpeg,data/train/NORMAL/NORMAL2-IM-0707-0001.jpeg,1384,1208,L,train,NORMAL,1.1456953642384107
NORMAL2-IM-0718-0001.jpeg,data/train/NORMAL/NORMAL2-IM-0718-0001.jpeg,1248,1136,L,train,NORMAL,1.0985915492957747
NORMAL2-IM-0719-0001.jpeg,data/train/NORMAL/NORMAL2-IM-0719-0001.jpeg,1616,1408,L,train,NORMAL,1.1477272727272727
NORMAL2-IM-0723-0001.jpeg,data/train/NORMAL/NORMAL2-IM-0723-0001.jpeg,1168,960,L,train,NORMAL,1.2166666666666666
NORMAL2-IM-0725-0001.jpeg,data/train/NORMAL/NORMAL2-IM-0725-0001.jpeg,1088,824,L,train,NORMAL,1.3203883495145632
NORMAL2-IM-0727-0001.jpeg,data/train/NORMAL/NORMAL2-IM-0727-0001.jpeg,1672,1432,L,train,NORMAL,1.1675977653631284
NORMAL2-IM-0730-0001.jpeg,data/train/NORMAL/NORMAL2-IM-0730-0001.jpeg,1672,1328,L,train,NORMAL,1.2590361445783131
NORMAL2-IM-0736-0001.jpeg,data/train/NORMAL/NORMAL2-IM-0736-0001.jpeg,1432,1184,L,train,NORMAL,1.2094594594594594
NORMAL2-IM-0741-0001.jpeg,data/train/NORMAL/NORMAL2-IM-0741-0001.jpeg,1240,1064,L,train,NORMAL,1.1654135338345866
NORMAL2-IM-0744-0001.jpeg,data/train/NORMAL/NORMAL2-IM-0744-0001.jpeg,1416,1296,L,train,NORMAL,1.0925925925925926
NORMAL2-IM-0746-0001.jpeg,data/train/NORMAL/NORMAL2-IM-0746-0001.jpeg,1456,1272,L,train,NORMAL,1.1446540880503144
NORMAL2-IM-0749-0001.jpeg,data/train/NORMAL/NORMAL2-IM-0749-0001.jpeg,1412,1066,L,train,NORMAL,1.324577861163227
NORMAL2-IM-0753-0001.jpeg,data/train/NORMAL/NORMAL2-IM-0753-0001.jpeg,1088,968,L,train,NORMAL,1.1239669421487604
NORMAL2-IM-0757-0001.jpeg,data/train/NORMAL/NORMAL2-IM-0757-0001.jpeg,1160,904,L,train,NORMAL,1.2831858407079646
NORMAL2-IM-0765-0001.jpeg,data/train/NORMAL/NORMAL2-IM-0765-0001.jpeg,1264,984,L,train,NORMAL,1.2845528455284554
NORMAL2-IM-0771-0001.jpeg,data/train/NORMAL/NORMAL2-IM-0771-0001.jpeg,1336,1128,L,train,NORMAL,1.1843971631205674
NORMAL2-IM-0772-0001.jpeg,data/train/NORMAL/NORMAL2-IM-0772-0001.jpeg,1376,1048,L,train,NORMAL,1.3129770992366412
NORMAL2-IM-0774-0001.jpeg,data/train/NORMAL/NORMAL2-IM-0774-0001.jpeg,2510,2543,L,train,NORMAL,0.9870232009437672
NORMAL2-IM-0775-0001.jpeg,data/train/NORMAL/NORMAL2-IM-0775-0001.jpeg,1310,1136,L,train,NORMAL,1.153169014084507
NORMAL2-IM-0776-0001.jpeg,data/train/NORMAL/NORMAL2-IM-0776-0001.jpeg,1744,1769,L,train,NORMAL,0.9858677218767665
NORMAL2-IM-0777-0001.jpeg,data/train/NORMAL/NORMAL2-IM-0777-0001.jpeg,1522,1407,L,train,NORMAL,1.0817341862117982
NORMAL2-IM-0780-0001.jpeg,data/train/NORMAL/NORMAL2-IM-0780-0001.jpeg,1709,1787,L,train,NORMAL,0.9563514269725797
NORMAL2-IM-0781-0001.jpeg,data/train/NORMAL/NORMAL2-IM-0781-0001.jpeg,2276,2221,L,train,NORMAL,1.024763619990995
NORMAL2-IM-0790-0001.jpeg,data/train/NORMAL/NORMAL2-IM-0790-0001.jpeg,1624,1280,L,train,NORMAL,1.26875
NORMAL2-IM-0793-0001.jpeg,data/train/NORMAL/NORMAL2-IM-0793-0001.jpeg,2179,1604,L,train,NORMAL,1.3584788029925188
NORMAL2-IM-0796-0001.jpeg,data/train/NORMAL/NORMAL2-IM-0796-0001.jpeg,1554,1136,L,train,NORMAL,1.3679577464788732
NORMAL2-IM-0797-0001.jpeg,data/train/NORMAL/NORMAL2-IM-0797-0001.jpeg,1612,1515,L,train,NORMAL,1.064026402640264
NORMAL2-IM-0798-0001.jpeg,data/train/NORMAL/NORMAL2-IM-0798-0001.jpeg,1450,1051,L,train,NORMAL,1.379638439581351
NORMAL2-IM-0799-0001.jpeg,data/train/NORMAL/NORMAL2-IM-0799-0001.jpeg,1856,1333,L,train,NORMAL,1.3923480870217555
NORMAL2-IM-0803-0001.jpeg,data/train/NORMAL/NORMAL2-IM-0803-0001.jpeg,1740,1279,L,train,NORMAL,1.3604378420641126
NORMAL2-IM-0804-0001.jpeg,data/train/NORMAL/NORMAL2-IM-0804-0001.jpeg,1646,1391,L,train,NORMAL,1.1833213515456507
NORMAL2-IM-0806-0001.jpeg,data/train/NORMAL/NORMAL2-IM-0806-0001.jpeg,1508,1337,L,train,NORMAL,1.1278982797307404
NORMAL2-IM-0807-0001.jpeg,data/train/NORMAL/NORMAL2-IM-0807-0001.jpeg,1496,1337,L,train,NORMAL,1.118922961854899
NORMAL2-IM-0808-0001.jpeg,data/train/NORMAL/NORMAL2-IM-0808-0001.jpeg,1932,1908,L,train,NORMAL,1.0125786163522013
NORMAL2-IM-0809-0001.jpeg,data/train/NORMAL/NORMAL2-IM-0809-0001.jpeg,1322,978,L,train,NORMAL,1.3517382413087935
NORMAL2-IM-0810-0001.jpeg,data/train/NORMAL/NORMAL2-IM-0810-0001.jpeg,1638,1279,L,train,NORMAL,1.2806880375293197
NORMAL2-IM-0811-0001.jpeg,data/train/NORMAL/NORMAL2-IM-0811-0001.jpeg,1678,1368,L,train,NORMAL,1.226608187134503
NORMAL2-IM-0812-0001.jpeg,data/train/NORMAL/NORMAL2-IM-0812-0001.jpeg,1754,1341,L,train,NORMAL,1.3079791200596569
NORMAL2-IM-0814-0001.jpeg,data/train/NORMAL/NORMAL2-IM-0814-0001.jpeg,1736,1399,L,train,NORMAL,1.2408863473909935
NORMAL2-IM-0815-0001.jpeg,data/train/NORMAL/NORMAL2-IM-0815-0001.jpeg,1554,1067,L,train,NORMAL,1.4564198687910028
NORMAL2-IM-0816-0001.jpeg,data/train/NORMAL/NORMAL2-IM-0816-0001.jpeg,1642,1422,L,train,NORMAL,1.1547116736990155
NORMAL2-IM-0818-0001-0002.jpeg,data/train/NORMAL/NORMAL2-IM-0818-0001-0002.jpeg,1679,1914,L,train,NORMAL,0.8772204806687566
NORMAL2-IM-0818-0001.jpeg,data/train/NORMAL/NORMAL2-IM-0818-0001.jpeg,1874,1670,L,train,NORMAL,1.1221556886227544
NORMAL2-IM-0819-0001.jpeg,data/train/NORMAL/NORMAL2-IM-0819-0001.jpeg,1796,1283,L,train,NORMAL,1.3998441153546375
NORMAL2-IM-0820-0001.jpeg,data/train/NORMAL/NORMAL2-IM-0820-0001.jpeg,1620,1438,L,train,NORMAL,1.1265646731571628
NORMAL2-IM-0821-0001.jpeg,data/train/NORMAL/NORMAL2-IM-0821-0001.jpeg,1836,1487,L,train,NORMAL,1.2347007397444518
NORMAL2-IM-0822-0001.jpeg,data/train/NORMAL/NORMAL2-IM-0822-0001.jpeg,1904,1461,L,train,NORMAL,1.3032169746748803
NORMAL2-IM-0824-0001.jpeg,data/train/NORMAL/NORMAL2-IM-0824-0001.jpeg,1230,993,L,train,NORMAL,1.2386706948640482
NORMAL2-IM-0825-0001.jpeg,data/train/NORMAL/NORMAL2-IM-0825-0001.jpeg,1720,1507,L,train,NORMAL,1.141340411413404
NORMAL2-IM-0826-0001.jpeg,data/train/NORMAL/NORMAL2-IM-0826-0001.jpeg,1450,1020,L,train,NORMAL,1.4215686274509804
NORMAL2-IM-0827-0001.jpeg,data/train/NORMAL/NORMAL2-IM-0827-0001.jpeg,1646,1588,L,train,NORMAL,1.0365239294710327
NORMAL2-IM-0828-0001.jpeg,data/train/NORMAL/NORMAL2-IM-0828-0001.jpeg,2553,2305,L,train,NORMAL,1.1075921908893709
NORMAL2-IM-0829-0001.jpeg,data/train/NORMAL/NORMAL2-IM-0829-0001.jpeg,1144,966,L,train,NORMAL,1.184265010351967
NORMAL2-IM-0830-0001.jpeg,data/train/NORMAL/NORMAL2-IM-0830-0001.jpeg,1386,1158,L,train,NORMAL,1.1968911917098446
NORMAL2-IM-0831-0001.jpeg,data/train/NORMAL/NORMAL2-IM-0831-0001.jpeg,2032,2016,L,train,NORMAL,1.007936507936508
NORMAL2-IM-0832-0001-0001.jpeg,data/train/NORMAL/NORMAL2-IM-0832-0001-0001.jpeg,1632,1186,L,train,NORMAL,1.376053962900506
NORMAL2-IM-0832-0001-0002.jpeg,data/train/NORMAL/NORMAL2-IM-0832-0001-0002.jpeg,1426,1206,L,train,NORMAL,1.1824212271973467
NORMAL2-IM-0832-0001.jpeg,data/train/NORMAL/NORMAL2-IM-0832-0001.jpeg,1538,1164,L,train,NORMAL,1.3213058419243986
NORMAL2-IM-0833-0001.jpeg,data/train/NORMAL/NORMAL2-IM-0833-0001.jpeg,1800,1499,L,train,NORMAL,1.200800533689126
NORMAL2-IM-0834-0001.jpeg,data/train/NORMAL/NORMAL2-IM-0834-0001.jpeg,2031,1693,L,train,NORMAL,1.199645599527466
NORMAL2-IM-0836-0001.jpeg,data/train/NORMAL/NORMAL2-IM-0836-0001.jpeg,1666,1507,L,train,NORMAL,1.1055076310550762
NORMAL2-IM-0837-0001.jpeg,data/train/NORMAL/NORMAL2-IM-0837-0001.jpeg,1566,1248,L,train,NORMAL,1.2548076923076923
NORMAL2-IM-0838-0001.jpeg,data/train/NORMAL/NORMAL2-IM-0838-0001.jpeg,1300,1051,L,train,NORMAL,1.236917221693625
NORMAL2-IM-0839-0001.jpeg,data/train/NORMAL/NORMAL2-IM-0839-0001.jpeg,1882,1855,L,train,NORMAL,1.01455525606469
NORMAL2-IM-0840-0001.jpeg,data/train/NORMAL/NORMAL2-IM-0840-0001.jpeg,1786,1175,L,train,NORMAL,1.52
NORMAL2-IM-0841-0001.jpeg,data/train/NORMAL/NORMAL2-IM-0841-0001.jpeg,2132,2017,L,train,NORMAL,1.0570153693604363
NORMAL2-IM-0842-0001.jpeg,data/train/NORMAL/NORMAL2-IM-0842-0001.jpeg,1658,1294,L,train,NORMAL,1.2812982998454405
NORMAL2-IM-0843-0001.jpeg,data/train/NORMAL/NORMAL2-IM-0843-0001.jpeg,1708,1468,L,train,NORMAL,1.1634877384196185
NORMAL2-IM-0845-0001.jpeg,data/train/NORMAL/NORMAL2-IM-0845-0001.jpeg,1698,1473,L,train,NORMAL,1.1527494908350306
NORMAL2-IM-0846-0001.jpeg,data/train/NORMAL/NORMAL2-IM-0846-0001.jpeg,1952,1967,L,train,NORMAL,0.9923741738688358
NORMAL2-IM-0847-0001.jpeg,data/train/NORMAL/NORMAL2-IM-0847-0001.jpeg,1566,1353,L,train,NORMAL,1.1574279379157428
NORMAL2-IM-0848-0001.jpeg,data/train/NORMAL/NORMAL2-IM-0848-0001.jpeg,1514,1032,L,train,NORMAL,1.4670542635658914
NORMAL2-IM-0849-0001.jpeg,data/train/NORMAL/NORMAL2-IM-0849-0001.jpeg,1704,1283,L,train,NORMAL,1.328137178487919
NORMAL2-IM-0851-0001-0001.jpeg,data/train/NORMAL/NORMAL2-IM-0851-0001-0001.jpeg,1562,1164,L,train,NORMAL,1.3419243986254294
NORMAL2-IM-0851-0001-0002.jpeg,data/train/NORMAL/NORMAL2-IM-0851-0001-0002.jpeg,1782,1437,L,train,NORMAL,1.2400835073068894
NORMAL2-IM-0851-0001.jpeg,data/train/NORMAL/NORMAL2-IM-0851-0001.jpeg,1442,1229,L,train,NORMAL,1.1733116354759967
NORMAL2-IM-0852-0001.jpeg,data/train/NORMAL/NORMAL2-IM-0852-0001.jpeg,1360,1167,L,train,NORMAL,1.1653813196229648
NORMAL2-IM-0853-0001.jpeg,data/train/NORMAL/NORMAL2-IM-0853-0001.jpeg,1554,1151,L,train,NORMAL,1.3501303214596003
NORMAL2-IM-0854-0001.jpeg,data/train/NORMAL/NORMAL2-IM-0854-0001.jpeg,1662,1194,L,train,NORMAL,1.3919597989949748
NORMAL2-IM-0855-0001.jpeg,data/train/NORMAL/NORMAL2-IM-0855-0001.jpeg,1675,1428,L,train,NORMAL,1.17296918767507
NORMAL2-IM-0856-0001.jpeg,data/train/NORMAL/NORMAL2-IM-0856-0001.jpeg,1395,1312,L,train,NORMAL,1.0632621951219512
NORMAL2-IM-0857-0001.jpeg,data/train/NORMAL/NORMAL2-IM-0857-0001.jpeg,1586,1306,L,train,NORMAL,1.214395099540582
NORMAL2-IM-0858-0001.jpeg,data/train/NORMAL/NORMAL2-IM-0858-0001.jpeg,1558,1259,L,train,NORMAL,1.2374900714853059
NORMAL2-IM-0859-0001.jpeg,data/train/NORMAL/NORMAL2-IM-0859-0001.jpeg,1906,1527,L,train,NORMAL,1.2481990831696137
NORMAL2-IM-0860-0001.jpeg,data/train/NORMAL/NORMAL2-IM-0860-0001.jpeg,1704,1553,L,train,NORMAL,1.0972311654861557
NORMAL2-IM-0862-0001.jpeg,data/train/NORMAL/NORMAL2-IM-0862-0001.jpeg,1570,1310,L,train,NORMAL,1.1984732824427482
NORMAL2-IM-0863-0001.jpeg,data/train/NORMAL/NORMAL2-IM-0863-0001.jpeg,1770,1472,L,train,NORMAL,1.202445652173913
NORMAL2-IM-0865-0001.jpeg,data/train/NORMAL/NORMAL2-IM-0865-0001.jpeg,2180,2085,L,train,NORMAL,1.0455635491606714
NORMAL2-IM-0866-0001.jpeg,data/train/NORMAL/NORMAL2-IM-0866-0001.jpeg,1414,1206,L,train,NORMAL,1.1724709784411278
NORMAL2-IM-0867-0001.jpeg,data/train/NORMAL/NORMAL2-IM-0867-0001.jpeg,1334,994,L,train,NORMAL,1.3420523138832998
NORMAL2-IM-0868-0001.jpeg,data/train/NORMAL/NORMAL2-IM-0868-0001.jpeg,1504,1283,L,train,NORMAL,1.1722525331254872
NORMAL2-IM-0869-0001.jpeg,data/train/NORMAL/NORMAL2-IM-0869-0001.jpeg,1534,1063,L,train,NORMAL,1.4430856067732831
NORMAL2-IM-0870-0001.jpeg,data/train/NORMAL/NORMAL2-IM-0870-0001.jpeg,1480,1228,L,train,NORMAL,1.205211726384365
NORMAL2-IM-0871-0001.jpeg,data/train/NORMAL/NORMAL2-IM-0871-0001.jpeg,1632,1260,L,train,NORMAL,1.2952380952380953
NORMAL2-IM-0872-0001.jpeg,data/train/NORMAL/NORMAL2-IM-0872-0001.jpeg,1156,804,L,train,NORMAL,1.4378109452736318
NORMAL2-IM-0873-0001.jpeg,data/train/NORMAL/NORMAL2-IM-0873-0001.jpeg,1210,1017,L,train,NORMAL,1.1897738446411013
NORMAL2-IM-0874-0001.jpeg,data/train/NORMAL/NORMAL2-IM-0874-0001.jpeg,1748,1299,L,train,NORMAL,1.3456505003849115
NORMAL2-IM-0875-0001.jpeg,data/train/NORMAL/NORMAL2-IM-0875-0001.jpeg,2094,1912,L,train,NORMAL,1.0951882845188285
NORMAL2-IM-0876-0001.jpeg,data/train/NORMAL/NORMAL2-IM-0876-0001.jpeg,1874,1187,L,train,NORMAL,1.5787700084246
NORMAL2-IM-0877-0001.jpeg,data/train/NORMAL/NORMAL2-IM-0877-0001.jpeg,1584,1407,L,train,NORMAL,1.1257995735607675
NORMAL2-IM-0879-0001.jpeg,data/train/NORMAL/NORMAL2-IM-0879-0001.jpeg,1454,1078,L,train,NORMAL,1.3487940630797774
NORMAL2-IM-0880-0001.jpeg,data/train/NORMAL/NORMAL2-IM-0880-0001.jpeg,1426,1055,L,train,NORMAL,1.3516587677725118
NORMAL2-IM-0881-0001.jpeg,data/train/NORMAL/NORMAL2-IM-0881-0001.jpeg,1600,1464,L,train,NORMAL,1.092896174863388
NORMAL2-IM-0882-0001.jpeg,data/train/NORMAL/NORMAL2-IM-0882-0001.jpeg,2090,1743,L,train,NORMAL,1.1990820424555364
NORMAL2-IM-0885-0001.jpeg,data/train/NORMAL/NORMAL2-IM-0885-0001.jpeg,1268,900,L,train,NORMAL,1.4088888888888889
NORMAL2-IM-0886-0001.jpeg,data/train/NORMAL/NORMAL2-IM-0886-0001.jpeg,1816,1607,L,train,NORMAL,1.1300560049782202
NORMAL2-IM-0887-0001.jpeg,data/train/NORMAL/NORMAL2-IM-0887-0001.jpeg,1496,1094,L,train,NORMAL,1.3674588665447898
NORMAL2-IM-0888-0001.jpeg,data/train/NORMAL/NORMAL2-IM-0888-0001.jpeg,2450,2145,L,train,NORMAL,1.1421911421911422
NORMAL2-IM-0890-0001.jpeg,data/train/NORMAL/NORMAL2-IM-0890-0001.jpeg,1744,1532,L,train,NORMAL,1.1383812010443863
NORMAL2-IM-0892-0001.jpeg,data/train/NORMAL/NORMAL2-IM-0892-0001.jpeg,2022,1947,L,train,NORMAL,1.0385208012326657
NORMAL2-IM-0893-0001.jpeg,data/train/NORMAL/NORMAL2-IM-0893-0001.jpeg,1292,885,L,train,NORMAL,1.4598870056497175
NORMAL2-IM-0894-0001.jpeg,data/train/NORMAL/NORMAL2-IM-0894-0001.jpeg,1808,1383,L,train,NORMAL,1.3073029645697758
NORMAL2-IM-0895-0001.jpeg,data/train/NORMAL/NORMAL2-IM-0895-0001.jpeg,1434,1036,L,train,NORMAL,1.3841698841698842
NORMAL2-IM-0896-0001.jpeg,data/train/NORMAL/NORMAL2-IM-0896-0001.jpeg,1732,1666,L,train,NORMAL,1.0396158463385354
NORMAL2-IM-0897-0001.jpeg,data/train/NORMAL/NORMAL2-IM-0897-0001.jpeg,1676,1400,L,train,NORMAL,1.197142857142857
NORMAL2-IM-0898-0001.jpeg,data/train/NORMAL/NORMAL2-IM-0898-0001.jpeg,1418,1078,L,train,NORMAL,1.3153988868274582
NORMAL2-IM-0899-0001.jpeg,data/train/NORMAL/NORMAL2-IM-0899-0001.jpeg,2427,2374,L,train,NORMAL,1.0223251895534962
NORMAL2-IM-0900-0001.jpeg,data/train/NORMAL/NORMAL2-IM-0900-0001.jpeg,1554,1271,L,train,NORMAL,1.2226593233674272
NORMAL2-IM-0903-0001.jpeg,data/train/NORMAL/NORMAL2-IM-0903-0001.jpeg,1496,1155,L,train,NORMAL,1.2952380952380953
NORMAL2-IM-0904-0001.jpeg,data/train/NORMAL/NORMAL2-IM-0904-0001.jpeg,2534,2169,L,train,NORMAL,1.1682803135085293
NORMAL2-IM-0905-0001.jpeg,data/train/NORMAL/NORMAL2-IM-0905-0001.jpeg,1546,1307,L,train,NORMAL,1.1828615149196633
NORMAL2-IM-0906-0001.jpeg,data/train/NORMAL/NORMAL2-IM-0906-0001.jpeg,1824,1565,L,train,NORMAL,1.1654952076677316
NORMAL2-IM-0907-0001.jpeg,data/train/NORMAL/NORMAL2-IM-0907-0001.jpeg,1720,1642,L,train,NORMAL,1.0475030450669915
NORMAL2-IM-0908-0001.jpeg,data/train/NORMAL/NORMAL2-IM-0908-0001.jpeg,1402,1105,L,train,NORMAL,1.2687782805429864
NORMAL2-IM-0909-0001.jpeg,data/train/NORMAL/NORMAL2-IM-0909-0001.jpeg,1948,1905,L,train,NORMAL,1.0225721784776902
NORMAL2-IM-0910-0001.jpeg,data/train/NORMAL/NORMAL2-IM-0910-0001.jpeg,1754,1179,L,train,NORMAL,1.4877014418999153
NORMAL2-IM-0911-0001.jpeg,data/train/NORMAL/NORMAL2-IM-0911-0001.jpeg,2251,1853,L,train,NORMAL,1.2147868321640583
NORMAL2-IM-0912-0001.jpeg,data/train/NORMAL/NORMAL2-IM-0912-0001.jpeg,1244,1005,L,train,NORMAL,1.237810945273632
NORMAL2-IM-0913-0001.jpeg,data/train/NORMAL/NORMAL2-IM-0913-0001.jpeg,1508,1240,L,train,NORMAL,1.2161290322580645
NORMAL2-IM-0914-0001.jpeg,data/train/NORMAL/NORMAL2-IM-0914-0001.jpeg,1430,1113,L,train,NORMAL,1.2848158131176999
NORMAL2-IM-0915-0001.jpeg,data/train/NORMAL/NORMAL2-IM-0915-0001.jpeg,1276,1036,L,train,NORMAL,1.2316602316602316
NORMAL2-IM-0917-0001.jpeg,data/train/NORMAL/NORMAL2-IM-0917-0001.jpeg,1492,1148,L,train,NORMAL,1.2996515679442509
NORMAL2-IM-0918-0001.jpeg,data/train/NORMAL/NORMAL2-IM-0918-0001.jpeg,1450,1275,L,train,NORMAL,1.1372549019607843
NORMAL2-IM-0919-0001.jpeg,data/train/NORMAL/NORMAL2-IM-0919-0001.jpeg,2148,1773,L,train,NORMAL,1.2115059221658206
NORMAL2-IM-0922-0001.jpeg,data/train/NORMAL/NORMAL2-IM-0922-0001.jpeg,1508,1140,L,train,NORMAL,1.3228070175438595
NORMAL2-IM-0923-0001.jpeg,data/train/NORMAL/NORMAL2-IM-0923-0001.jpeg,1820,1619,L,train,NORMAL,1.1241507103150092
NORMAL2-IM-0924-0001.jpeg,data/train/NORMAL/NORMAL2-IM-0924-0001.jpeg,1692,1364,L,train,NORMAL,1.2404692082111437
NORMAL2-IM-0925-0001.jpeg,data/train/NORMAL/NORMAL2-IM-0925-0001.jpeg,1886,1916,L,train,NORMAL,0.9843423799582464
NORMAL2-IM-0926-0001.jpeg,data/train/NORMAL/NORMAL2-IM-0926-0001.jpeg,1586,1217,L,train,NORMAL,1.3032046014790468
NORMAL2-IM-0927-0001.jpeg,data/train/NORMAL/NORMAL2-IM-0927-0001.jpeg,2359,2234,L,train,NORMAL,1.0559534467323186
NORMAL2-IM-0929-0001.jpeg,data/train/NORMAL/NORMAL2-IM-0929-0001.jpeg,1906,1627,L,train,NORMAL,1.1714812538414259
NORMAL2-IM-0930-0001.jpeg,data/train/NORMAL/NORMAL2-IM-0930-0001.jpeg,1666,1171,L,train,NORMAL,1.4227156276686592
NORMAL2-IM-0931-0001.jpeg,data/train/NORMAL/NORMAL2-IM-0931-0001.jpeg,1774,1662,L,train,NORMAL,1.0673886883273165
NORMAL2-IM-0932-0001.jpeg,data/train/NORMAL/NORMAL2-IM-0932-0001.jpeg,1650,1078,L,train,NORMAL,1.530612244897959
NORMAL2-IM-0933-0001.jpeg,data/train/NORMAL/NORMAL2-IM-0933-0001.jpeg,1372,1164,L,train,NORMAL,1.1786941580756014
NORMAL2-IM-0934-0001.jpeg,data/train/NORMAL/NORMAL2-IM-0934-0001.jpeg,1508,1349,L,train,NORMAL,1.117865085248332
NORMAL2-IM-0935-0001.jpeg,data/train/NORMAL/NORMAL2-IM-0935-0001.jpeg,1662,1276,L,train,NORMAL,1.3025078369905956
NORMAL2-IM-0936-0001.jpeg,data/train/NORMAL/NORMAL2-IM-0936-0001.jpeg,1582,1418,L,train,NORMAL,1.1156558533145275
NORMAL2-IM-0937-0001.jpeg,data/train/NORMAL/NORMAL2-IM-0937-0001.jpeg,1642,1496,L,train,NORMAL,1.0975935828877006
NORMAL2-IM-0939-0001.jpeg,data/train/NORMAL/NORMAL2-IM-0939-0001.jpeg,2342,2399,L,train,NORMAL,0.976240100041684
NORMAL2-IM-0941-0001.jpeg,data/train/NORMAL/NORMAL2-IM-0941-0001.jpeg,1704,1499,L,train,NORMAL,1.1367578385590393
NORMAL2-IM-0942-0001.jpeg,data/train/NORMAL/NORMAL2-IM-0942-0001.jpeg,1746,1812,L,train,NORMAL,0.9635761589403974
NORMAL2-IM-0944-0001.jpeg,data/train/NORMAL/NORMAL2-IM-0944-0001.jpeg,2566,2321,L,train,NORMAL,1.1055579491598448
NORMAL2-IM-0945-0001.jpeg,data/train/NORMAL/NORMAL2-IM-0945-0001.jpeg,1268,924,L,train,NORMAL,1.3722943722943723
NORMAL2-IM-0946-0001.jpeg,data/train/NORMAL/NORMAL2-IM-0946-0001.jpeg,1654,1313,L,train,NORMAL,1.2597105864432596
NORMAL2-IM-0947-0001.jpeg,data/train/NORMAL/NORMAL2-IM-0947-0001.jpeg,1662,1241,L,train,NORMAL,1.339242546333602
NORMAL2-IM-0948-0001.jpeg,data/train/NORMAL/NORMAL2-IM-0948-0001.jpeg,1994,1839,L,train,NORMAL,1.0842849374660142
NORMAL2-IM-0949-0001.jpeg,data/train/NORMAL/NORMAL2-IM-0949-0001.jpeg,1646,1410,L,train,NORMAL,1.1673758865248227
NORMAL2-IM-0950-0001.jpeg,data/train/NORMAL/NORMAL2-IM-0950-0001.jpeg,1802,1437,L,train,NORMAL,1.254001391788448
NORMAL2-IM-0951-0001.jpeg,data/train/NORMAL/NORMAL2-IM-0951-0001.jpeg,1558,1279,L,train,NORMAL,1.2181391712275216
NORMAL2-IM-0952-0001.jpeg,data/train/NORMAL/NORMAL2-IM-0952-0001.jpeg,1554,1229,L,train,NORMAL,1.2644426362896664
NORMAL2-IM-0954-0001.jpeg,data/train/NORMAL/NORMAL2-IM-0954-0001.jpeg,1570,1499,L,train,NORMAL,1.04736490993996
NORMAL2-IM-0955-0001.jpeg,data/train/NORMAL/NORMAL2-IM-0955-0001.jpeg,1770,1325,L,train,NORMAL,1.3358490566037735
NORMAL2-IM-0956-0001.jpeg,data/train/NORMAL/NORMAL2-IM-0956-0001.jpeg,1334,1171,L,train,NORMAL,1.139197267292912
NORMAL2-IM-0957-0001.jpeg,data/train/NORMAL/NORMAL2-IM-0957-0001.jpeg,2633,2578,L,train,NORMAL,1.02133436772692
NORMAL2-IM-0959-0001.jpeg,data/train/NORMAL/NORMAL2-IM-0959-0001.jpeg,1128,966,L,train,NORMAL,1.1677018633540373
NORMAL2-IM-0960-0001.jpeg,data/train/NORMAL/NORMAL2-IM-0960-0001.jpeg,1862,1429,L,train,NORMAL,1.3030090972708188
NORMAL2-IM-0961-0001.jpeg,data/train/NORMAL/NORMAL2-IM-0961-0001.jpeg,1840,1642,L,train,NORMAL,1.1205846528623629
NORMAL2-IM-0962-0001.jpeg,data/train/NORMAL/NORMAL2-IM-0962-0001.jpeg,1496,1137,L,train,NORMAL,1.3157431838170623
NORMAL2-IM-0965-0001.jpeg,data/train/NORMAL/NORMAL2-IM-0965-0001.jpeg,1500,1249,L,train,NORMAL,1.200960768614892
NORMAL2-IM-0966-0001.jpeg,data/train/NORMAL/NORMAL2-IM-0966-0001.jpeg,1518,1071,L,train,NORMAL,1.4173669467787116
NORMAL2-IM-0967-0001.jpeg,data/train/NORMAL/NORMAL2-IM-0967-0001.jpeg,1844,1256,L,train,NORMAL,1.4681528662420382
NORMAL2-IM-0969-0001.jpeg,data/train/NORMAL/NORMAL2-IM-0969-0001.jpeg,1790,1472,L,train,NORMAL,1.216032608695652
NORMAL2-IM-0970-0001.jpeg,data/train/NORMAL/NORMAL2-IM-0970-0001.jpeg,1546,1294,L,train,NORMAL,1.1947449768160743
NORMAL2-IM-0971-0001-0001.jpeg,data/train/NORMAL/NORMAL2-IM-0971-0001-0001.jpeg,1850,1785,L,train,NORMAL,1.0364145658263306
NORMAL2-IM-0971-0001-0002.jpeg,data/train/NORMAL/NORMAL2-IM-0971-0001-0002.jpeg,1554,1353,L,train,NORMAL,1.1485587583148558
NORMAL2-IM-0974-0001.jpeg,data/train/NORMAL/NORMAL2-IM-0974-0001.jpeg,1642,1507,L,train,NORMAL,1.0895819508958196
NORMAL2-IM-0975-0001.jpeg,data/train/NORMAL/NORMAL2-IM-0975-0001.jpeg,1566,1383,L,train,NORMAL,1.1323210412147506
NORMAL2-IM-0976-0001.jpeg,data/train/NORMAL/NORMAL2-IM-0976-0001.jpeg,1546,1236,L,train,NORMAL,1.250809061488673
NORMAL2-IM-0977-0001.jpeg,data/train/NORMAL/NORMAL2-IM-0977-0001.jpeg,1388,1094,L,train,NORMAL,1.2687385740402193
NORMAL2-IM-0978-0001.jpeg,data/train/NORMAL/NORMAL2-IM-0978-0001.jpeg,1678,1129,L,train,NORMAL,1.4862710363153233
NORMAL2-IM-0979-0001.jpeg,data/train/NORMAL/NORMAL2-IM-0979-0001.jpeg,1416,1079,L,train,NORMAL,1.3123262279888785
NORMAL2-IM-0980-0001.jpeg,data/train/NORMAL/NORMAL2-IM-0980-0001.jpeg,1236,1013,L,train,NORMAL,1.2201382033563672
NORMAL2-IM-0981-0001.jpeg,data/train/NORMAL/NORMAL2-IM-0981-0001.jpeg,1418,1137,L,train,NORMAL,1.247141600703606
NORMAL2-IM-0983-0001-0001.jpeg,data/train/NORMAL/NORMAL2-IM-0983-0001-0001.jpeg,1882,1812,L,train,NORMAL,1.0386313465783665
NORMAL2-IM-0983-0001-0002.jpeg,data/train/NORMAL/NORMAL2-IM-0983-0001-0002.jpeg,1466,1178,L,train,NORMAL,1.2444821731748728
NORMAL2-IM-0983-0001.jpeg,data/train/NORMAL/NORMAL2-IM-0983-0001.jpeg,1846,1676,L,train,NORMAL,1.1014319809069213
NORMAL2-IM-0986-0001.jpeg,data/train/NORMAL/NORMAL2-IM-0986-0001.jpeg,1786,1449,L,train,NORMAL,1.2325741890959283
NORMAL2-IM-0987-0001.jpeg,data/train/NORMAL/NORMAL2-IM-0987-0001.jpeg,1572,1322,L,train,NORMAL,1.18910741301059
NORMAL2-IM-0988-0001.jpeg,data/train/NORMAL/NORMAL2-IM-0988-0001.jpeg,1960,1920,L,train,NORMAL,1.0208333333333333
NORMAL2-IM-0989-0001.jpeg,data/train/NORMAL/NORMAL2-IM-0989-0001.jpeg,1450,1160,L,train,NORMAL,1.25
NORMAL2-IM-0992-0001.jpeg,data/train/NORMAL/NORMAL2-IM-0992-0001.jpeg,1408,1090,L,train,NORMAL,1.2917431192660551
NORMAL2-IM-0993-0001.jpeg,data/train/NORMAL/NORMAL2-IM-0993-0001.jpeg,1846,1488,L,train,NORMAL,1.2405913978494623
NORMAL2-IM-0994-0001.jpeg,data/train/NORMAL/NORMAL2-IM-0994-0001.jpeg,2373,2663,L,train,NORMAL,0.8911002628614345
NORMAL2-IM-0995-0001-0001.jpeg,data/train/NORMAL/NORMAL2-IM-0995-0001-0001.jpeg,1172,967,L,train,NORMAL,1.2119958634953465
NORMAL2-IM-0995-0001-0002.jpeg,data/train/NORMAL/NORMAL2-IM-0995-0001-0002.jpeg,1692,1878,L,train,NORMAL,0.9009584664536742
NORMAL2-IM-0995-0001.jpeg,data/train/NORMAL/NORMAL2-IM-0995-0001.jpeg,1774,1318,L,train,NORMAL,1.3459787556904401
NORMAL2-IM-0997-0001.jpeg,data/train/NORMAL/NORMAL2-IM-0997-0001.jpeg,1338,1102,L,train,NORMAL,1.2141560798548094
NORMAL2-IM-0998-0001.jpeg,data/train/NORMAL/NORMAL2-IM-0998-0001.jpeg,1276,1059,L,train,NORMAL,1.2049102927289896
NORMAL2-IM-0999-0001.jpeg,data/train/NORMAL/NORMAL2-IM-0999-0001.jpeg,1916,2059,L,train,NORMAL,0.9305488101019913
NORMAL2-IM-1001-0001.jpeg,data/train/NORMAL/NORMAL2-IM-1001-0001.jpeg,1808,1665,L,train,NORMAL,1.085885885885886
NORMAL2-IM-1002-0001.jpeg,data/train/NORMAL/NORMAL2-IM-1002-0001.jpeg,1364,1090,L,train,NORMAL,1.2513761467889908
NORMAL2-IM-1004-0001.jpeg,data/train/NORMAL/NORMAL2-IM-1004-0001.jpeg,1402,1117,L,train,NORMAL,1.2551477170993732
NORMAL2-IM-1005-0001.jpeg,data/train/NORMAL/NORMAL2-IM-1005-0001.jpeg,1716,1569,L,train,NORMAL,1.0936902485659656
NORMAL2-IM-1006-0001.jpeg,data/train/NORMAL/NORMAL2-IM-1006-0001.jpeg,1754,1352,L,train,NORMAL,1.297337278106509
NORMAL2-IM-1008-0001.jpeg,data/train/NORMAL/NORMAL2-IM-1008-0001.jpeg,1882,1329,L,train,NORMAL,1.416102332580888
NORMAL2-IM-1010-0001.jpeg,data/train/NORMAL/NORMAL2-IM-1010-0001.jpeg,1720,1348,L,train,NORMAL,1.2759643916913948
NORMAL2-IM-1011-0001.jpeg,data/train/NORMAL/NORMAL2-IM-1011-0001.jpeg,1762,1391,L,train,NORMAL,1.2667145938173976
NORMAL2-IM-1014-0001.jpeg,data/train/NORMAL/NORMAL2-IM-1014-0001.jpeg,1696,1542,L,train,NORMAL,1.0998702983138782
NORMAL2-IM-1015-0001.jpeg,data/train/NORMAL/NORMAL2-IM-1015-0001.jpeg,1422,1066,L,train,NORMAL,1.3339587242026267
NORMAL2-IM-1016-0001.jpeg,data/train/NORMAL/NORMAL2-IM-1016-0001.jpeg,1458,1233,L,train,NORMAL,1.1824817518248176
NORMAL2-IM-1017-0001.jpeg,data/train/NORMAL/NORMAL2-IM-1017-0001.jpeg,1364,1067,L,train,NORMAL,1.2783505154639174
NORMAL2-IM-1018-0001.jpeg,data/train/NORMAL/NORMAL2-IM-1018-0001.jpeg,2694,2625,L,train,NORMAL,1.0262857142857142
NORMAL2-IM-1019-0001.jpeg,data/train/NORMAL/NORMAL2-IM-1019-0001.jpeg,1414,1020,L,train,NORMAL,1.3862745098039215
NORMAL2-IM-1020-0001-0001.jpeg,data/train/NORMAL/NORMAL2-IM-1020-0001-0001.jpeg,1886,1357,L,train,NORMAL,1.3898305084745763
NORMAL2-IM-1020-0001-0002.jpeg,data/train/NORMAL/NORMAL2-IM-1020-0001-0002.jpeg,1870,1785,L,train,NORMAL,1.0476190476190477
NORMAL2-IM-1020-0001.jpeg,data/train/NORMAL/NORMAL2-IM-1020-0001.jpeg,1720,1380,L,train,NORMAL,1.2463768115942029
NORMAL2-IM-1022-0001.jpeg,data/train/NORMAL/NORMAL2-IM-1022-0001.jpeg,1804,1314,L,train,NORMAL,1.3729071537290716
NORMAL2-IM-1023-0001.jpeg,data/train/NORMAL/NORMAL2-IM-1023-0001.jpeg,1974,1627,L,train,NORMAL,1.2132759680393361
NORMAL2-IM-1024-0001.jpeg,data/train/NORMAL/NORMAL2-IM-1024-0001.jpeg,1974,2175,L,train,NORMAL,0.9075862068965517
NORMAL2-IM-1025-0001.jpeg,data/train/NORMAL/NORMAL2-IM-1025-0001.jpeg,1740,1291,L,train,NORMAL,1.3477924089852826
NORMAL2-IM-1026-0001.jpeg,data/train/NORMAL/NORMAL2-IM-1026-0001.jpeg,1836,1604,L,train,NORMAL,1.144638403990025
NORMAL2-IM-1027-0001.jpeg,data/train/NORMAL/NORMAL2-IM-1027-0001.jpeg,1372,1074,L,train,NORMAL,1.277467411545624
NORMAL2-IM-1028-0001.jpeg,data/train/NORMAL/NORMAL2-IM-1028-0001.jpeg,1850,1793,L,train,NORMAL,1.0317902955939766
NORMAL2-IM-1030-0001.jpeg,data/train/NORMAL/NORMAL2-IM-1030-0001.jpeg,1646,1395,L,train,NORMAL,1.1799283154121865
NORMAL2-IM-1033-0001.jpeg,data/train/NORMAL/NORMAL2-IM-1033-0001.jpeg,1530,1272,L,train,NORMAL,1.2028301886792452
NORMAL2-IM-1035-0001.jpeg,data/train/NORMAL/NORMAL2-IM-1035-0001.jpeg,1812,1446,L,train,NORMAL,1.2531120331950207
NORMAL2-IM-1037-0001.jpeg,data/train/NORMAL/NORMAL2-IM-1037-0001.jpeg,1920,1854,L,train,NORMAL,1.035598705501618
NORMAL2-IM-1038-0001.jpeg,data/train/NORMAL/NORMAL2-IM-1038-0001.jpeg,2309,2601,L,train,NORMAL,0.8877354863514033
NORMAL2-IM-1039-0001.jpeg,data/train/NORMAL/NORMAL2-IM-1039-0001.jpeg,1384,1090,L,train,NORMAL,1.269724770642202
NORMAL2-IM-1040-0001.jpeg,data/train/NORMAL/NORMAL2-IM-1040-0001.jpeg,1318,951,L,train,NORMAL,1.3859095688748686
NORMAL2-IM-1041-0001.jpeg,data/train/NORMAL/NORMAL2-IM-1041-0001.jpeg,1654,1541,L,train,NORMAL,1.073329007138222
NORMAL2-IM-1043-0001.jpeg,data/train/NORMAL/NORMAL2-IM-1043-0001.jpeg,1804,1612,L,train,NORMAL,1.119106699751861
NORMAL2-IM-1044-0001.jpeg,data/train/NORMAL/NORMAL2-IM-1044-0001.jpeg,1458,1248,L,train,NORMAL,1.1682692307692308
NORMAL2-IM-1045-0001.jpeg,data/train/NORMAL/NORMAL2-IM-1045-0001.jpeg,1426,1067,L,train,NORMAL,1.3364573570759137
NORMAL2-IM-1046-0001.jpeg,data/train/NORMAL/NORMAL2-IM-1046-0001.jpeg,1542,1461,L,train,NORMAL,1.055441478439425
NORMAL2-IM-1047-0001.jpeg,data/train/NORMAL/NORMAL2-IM-1047-0001.jpeg,1596,1233,L,train,NORMAL,1.294403892944039
NORMAL2-IM-1048-0001.jpeg,data/train/NORMAL/NORMAL2-IM-1048-0001.jpeg,1496,1012,L,train,NORMAL,1.4782608695652173
NORMAL2-IM-1049-0001.jpeg,data/train/NORMAL/NORMAL2-IM-1049-0001.jpeg,1812,1627,L,train,NORMAL,1.1137062077443147
NORMAL2-IM-1050-0001.jpeg,data/train/NORMAL/NORMAL2-IM-1050-0001.jpeg,2564,2519,L,train,NORMAL,1.0178642318380309
NORMAL2-IM-1051-0001.jpeg,data/train/NORMAL/NORMAL2-IM-1051-0001.jpeg,1400,1125,L,train,NORMAL,1.2444444444444445
NORMAL2-IM-1052-0001.jpeg,data/train/NORMAL/NORMAL2-IM-1052-0001.jpeg,2340,2431,L,train,NORMAL,0.9625668449197861
NORMAL2-IM-1053-0001.jpeg,data/train/NORMAL/NORMAL2-IM-1053-0001.jpeg,1692,1372,L,train,NORMAL,1.2332361516034986
NORMAL2-IM-1054-0001.jpeg,data/train/NORMAL/NORMAL2-IM-1054-0001.jpeg,1468,1163,L,train,NORMAL,1.2622527944969906
NORMAL2-IM-1055-0001.jpeg,data/train/NORMAL/NORMAL2-IM-1055-0001.jpeg,2126,1345,L,train,NORMAL,1.5806691449814125
NORMAL2-IM-1056-0001.jpeg,data/train/NORMAL/NORMAL2-IM-1056-0001.jpeg,1422,1067,L,train,NORMAL,1.3327085285848173
NORMAL2-IM-1058-0001.jpeg,data/train/NORMAL/NORMAL2-IM-1058-0001.jpeg,1608,1469,L,train,NORMAL,1.0946221919673247
NORMAL2-IM-1059-0001.jpeg,data/train/NORMAL/NORMAL2-IM-1059-0001.jpeg,1592,1337,L,train,NORMAL,1.1907255048616305
NORMAL2-IM-1060-0001.jpeg,data/train/NORMAL/NORMAL2-IM-1060-0001.jpeg,1546,1271,L,train,NORMAL,1.2163650668764752
NORMAL2-IM-1062-0001.jpeg,data/train/NORMAL/NORMAL2-IM-1062-0001.jpeg,1805,1421,L,train,NORMAL,1.2702322308233638
NORMAL2-IM-1064-0001.jpeg,data/train/NORMAL/NORMAL2-IM-1064-0001.jpeg,1880,1552,L,train,NORMAL,1.211340206185567
NORMAL2-IM-1067-0001-0001.jpeg,data/train/NORMAL/NORMAL2-IM-1067-0001-0001.jpeg,1304,968,L,train,NORMAL,1.3471074380165289
NORMAL2-IM-1067-0001.jpeg,data/train/NORMAL/NORMAL2-IM-1067-0001.jpeg,1416,1160,L,train,NORMAL,1.2206896551724138
NORMAL2-IM-1073-0001.jpeg,data/train/NORMAL/NORMAL2-IM-1073-0001.jpeg,1568,1560,L,train,NORMAL,1.005128205128205
NORMAL2-IM-1084-0001.jpeg,data/train/NORMAL/NORMAL2-IM-1084-0001.jpeg,1360,1128,L,train,NORMAL,1.2056737588652482
NORMAL2-IM-1086-0001.jpeg,data/train/NORMAL/NORMAL2-IM-1086-0001.jpeg,1288,1008,L,train,NORMAL,1.2777777777777777
NORMAL2-IM-1088-0001.jpeg,data/train/NORMAL/NORMAL2-IM-1088-0001.jpeg,1546,1152,L,train,NORMAL,1.3420138888888888
NORMAL2-IM-1089-0001.jpeg,data/train/NORMAL/NORMAL2-IM-1089-0001.jpeg,1350,1152,L,train,NORMAL,1.171875
NORMAL2-IM-1090-0001.jpeg,data/train/NORMAL/NORMAL2-IM-1090-0001.jpeg,1740,1541,L,train,NORMAL,1.1291369240752758
NORMAL2-IM-1091-0001.jpeg,data/train/NORMAL/NORMAL2-IM-1091-0001.jpeg,1512,1164,L,train,NORMAL,1.2989690721649485
NORMAL2-IM-1093-0001.jpeg,data/train/NORMAL/NORMAL2-IM-1093-0001.jpeg,1422,1186,L,train,NORMAL,1.1989881956155144
NORMAL2-IM-1094-0001-0001.jpeg,data/train/NORMAL/NORMAL2-IM-1094-0001-0001.jpeg,1638,1634,L,train,NORMAL,1.0024479804161566
NORMAL2-IM-1094-0001-0002.jpeg,data/train/NORMAL/NORMAL2-IM-1094-0001-0002.jpeg,1674,1337,L,train,NORMAL,1.2520568436798802
NORMAL2-IM-1094-0001.jpeg,data/train/NORMAL/NORMAL2-IM-1094-0001.jpeg,1522,1256,L,train,NORMAL,1.2117834394904459
NORMAL2-IM-1096-0001-0001.jpeg,data/train/NORMAL/NORMAL2-IM-1096-0001-0001.jpeg,1674,1291,L,train,NORMAL,1.2966692486444618
NORMAL2-IM-1096-0001-0003.jpeg,data/train/NORMAL/NORMAL2-IM-1096-0001-0003.jpeg,1840,1511,L,train,NORMAL,1.2177365982792852
NORMAL2-IM-1096-0001.jpeg,data/train/NORMAL/NORMAL2-IM-1096-0001.jpeg,1580,1329,L,train,NORMAL,1.1888638073739655
NORMAL2-IM-1098-0001.jpeg,data/train/NORMAL/NORMAL2-IM-1098-0001.jpeg,1732,1267,L,train,NORMAL,1.367008681925809
NORMAL2-IM-1100-0001.jpeg,data/train/NORMAL/NORMAL2-IM-1100-0001.jpeg,2098,1770,L,train,NORMAL,1.1853107344632767
NORMAL2-IM-1102-0001-0001.jpeg,data/train/NORMAL/NORMAL2-IM-1102-0001-0001.jpeg,2114,1758,L,train,NORMAL,1.2025028441410694
NORMAL2-IM-1102-0001-0002.jpeg,data/train/NORMAL/NORMAL2-IM-1102-0001-0002.jpeg,1230,1136,L,train,NORMAL,1.0827464788732395
NORMAL2-IM-1102-0001.jpeg,data/train/NORMAL/NORMAL2-IM-1102-0001.jpeg,1790,1441,L,train,NORMAL,1.2421929215822345
NORMAL2-IM-1103-0001-0001.jpeg,data/train/NORMAL/NORMAL2-IM-1103-0001-0001.jpeg,1418,1360,L,train,NORMAL,1.0426470588235295
NORMAL2-IM-1104-0001.jpeg,data/train/NORMAL/NORMAL2-IM-1104-0001.jpeg,2268,1959,L,train,NORMAL,1.1577335375191424
NORMAL2-IM-1105-0001.jpeg,data/train/NORMAL/NORMAL2-IM-1105-0001.jpeg,1248,936,L,train,NORMAL,1.3333333333333333
NORMAL2-IM-1106-0001.jpeg,data/train/NORMAL/NORMAL2-IM-1106-0001.jpeg,1778,1542,L,train,NORMAL,1.153047989623865
NORMAL2-IM-1108-0001.jpeg,data/train/NORMAL/NORMAL2-IM-1108-0001.jpeg,1620,1310,L,train,NORMAL,1.2366412213740459
NORMAL2-IM-1109-0001.jpeg,data/train/NORMAL/NORMAL2-IM-1109-0001.jpeg,1500,1268,L,train,NORMAL,1.1829652996845426
NORMAL2-IM-1110-0001.jpeg,data/train/NORMAL/NORMAL2-IM-1110-0001.jpeg,1902,1665,L,train,NORMAL,1.1423423423423424
NORMAL2-IM-1111-0001.jpeg,data/train/NORMAL/NORMAL2-IM-1111-0001.jpeg,1496,1201,L,train,NORMAL,1.2456286427976686
NORMAL2-IM-1112-0001.jpeg,data/train/NORMAL/NORMAL2-IM-1112-0001.jpeg,2148,1820,L,train,NORMAL,1.1802197802197802
NORMAL2-IM-1113-0001.jpeg,data/train/NORMAL/NORMAL2-IM-1113-0001.jpeg,2128,1630,L,train,NORMAL,1.305521472392638
NORMAL2-IM-1114-0001.jpeg,data/train/NORMAL/NORMAL2-IM-1114-0001.jpeg,1570,1286,L,train,NORMAL,1.2208398133748055
NORMAL2-IM-1116-0001-0001.jpeg,data/train/NORMAL/NORMAL2-IM-1116-0001-0001.jpeg,2272,1989,L,train,NORMAL,1.1422825540472599
NORMAL2-IM-1116-0001-0002.jpeg,data/train/NORMAL/NORMAL2-IM-1116-0001-0002.jpeg,1940,1761,L,train,NORMAL,1.1016467915956842
NORMAL2-IM-1116-0001.jpeg,data/train/NORMAL/NORMAL2-IM-1116-0001.jpeg,1878,1654,L,train,NORMAL,1.135429262394196
NORMAL2-IM-1117-0001.jpeg,data/train/NORMAL/NORMAL2-IM-1117-0001.jpeg,1466,1265,L,train,NORMAL,1.158893280632411
NORMAL2-IM-1118-0001.jpeg,data/train/NORMAL/NORMAL2-IM-1118-0001.jpeg,1304,1028,L,train,NORMAL,1.2684824902723735
NORMAL2-IM-1120-0001.jpeg,data/train/NORMAL/NORMAL2-IM-1120-0001.jpeg,1500,1113,L,train,NORMAL,1.3477088948787062
NORMAL2-IM-1122-0001.jpeg,data/train/NORMAL/NORMAL2-IM-1122-0001.jpeg,1624,1410,L,train,NORMAL,1.1517730496453902
NORMAL2-IM-1123-0001.jpeg,data/train/NORMAL/NORMAL2-IM-1123-0001.jpeg,1384,950,L,train,NORMAL,1.456842105263158
NORMAL2-IM-1124-0001.jpeg,data/train/NORMAL/NORMAL2-IM-1124-0001.jpeg,1687,1595,L,train,NORMAL,1.057680250783699
NORMAL2-IM-1125-0001.jpeg,data/train/NORMAL/NORMAL2-IM-1125-0001.jpeg,1828,1704,L,train,NORMAL,1.0727699530516432
NORMAL2-IM-1126-0001.jpeg,data/train/NORMAL/NORMAL2-IM-1126-0001.jpeg,1580,1410,L,train,NORMAL,1.1205673758865249
NORMAL2-IM-1127-0001.jpeg,data/train/NORMAL/NORMAL2-IM-1127-0001.jpeg,1654,1291,L,train,NORMAL,1.2811773818745158
NORMAL2-IM-1128-0001-0001.jpeg,data/train/NORMAL/NORMAL2-IM-1128-0001-0001.jpeg,1860,1569,L,train,NORMAL,1.1854684512428297
NORMAL2-IM-1128-0001-0002.jpeg,data/train/NORMAL/NORMAL2-IM-1128-0001-0002.jpeg,1414,1164,L,train,NORMAL,1.2147766323024054
NORMAL2-IM-1128-0001.jpeg,data/train/NORMAL/NORMAL2-IM-1128-0001.jpeg,1666,1290,L,train,NORMAL,1.2914728682170542
NORMAL2-IM-1130-0001.jpeg,data/train/NORMAL/NORMAL2-IM-1130-0001.jpeg,2056,1793,L,train,NORMAL,1.1466815393195762
NORMAL2-IM-1131-0001.jpeg,data/train/NORMAL/NORMAL2-IM-1131-0001.jpeg,1716,1353,L,train,NORMAL,1.2682926829268293
NORMAL2-IM-1132-0001.jpeg,data/train/NORMAL/NORMAL2-IM-1132-0001.jpeg,1500,1194,L,train,NORMAL,1.256281407035176
NORMAL2-IM-1134-0001.jpeg,data/train/NORMAL/NORMAL2-IM-1134-0001.jpeg,1724,1410,L,train,NORMAL,1.222695035460993
NORMAL2-IM-1135-0001.jpeg,data/train/NORMAL/NORMAL2-IM-1135-0001.jpeg,1550,1194,L,train,NORMAL,1.2981574539363485
NORMAL2-IM-1136-0001.jpeg,data/train/NORMAL/NORMAL2-IM-1136-0001.jpeg,1778,1473,L,train,NORMAL,1.207060420909708
NORMAL2-IM-1138-0001.jpeg,data/train/NORMAL/NORMAL2-IM-1138-0001.jpeg,1778,1356,L,train,NORMAL,1.3112094395280236
NORMAL2-IM-1141-0001.jpeg,data/train/NORMAL/NORMAL2-IM-1141-0001.jpeg,1824,1090,L,train,NORMAL,1.6733944954128441
NORMAL2-IM-1142-0001-0001.jpeg,data/train/NORMAL/NORMAL2-IM-1142-0001-0001.jpeg,1604,1442,L,train,NORMAL,1.1123439667128987
NORMAL2-IM-1142-0001-0002.jpeg,data/train/NORMAL/NORMAL2-IM-1142-0001-0002.jpeg,1516,1283,L,train,NORMAL,1.1816056118472331
NORMAL2-IM-1142-0001.jpeg,data/train/NORMAL/NORMAL2-IM-1142-0001.jpeg,1666,1433,L,train,NORMAL,1.162595952547104
NORMAL2-IM-1144-0001.jpeg,data/train/NORMAL/NORMAL2-IM-1144-0001.jpeg,1682,1241,L,train,NORMAL,1.35535858178888
NORMAL2-IM-1145-0001.jpeg,data/train/NORMAL/NORMAL2-IM-1145-0001.jpeg,1376,967,L,train,NORMAL,1.4229576008273008
NORMAL2-IM-1147-0001.jpeg,data/train/NORMAL/NORMAL2-IM-1147-0001.jpeg,1890,1615,L,train,NORMAL,1.1702786377708978
NORMAL2-IM-1148-0001.jpeg,data/train/NORMAL/NORMAL2-IM-1148-0001.jpeg,1852,1453,L,train,NORMAL,1.2746042670337234
NORMAL2-IM-1149-0001.jpeg,data/train/NORMAL/NORMAL2-IM-1149-0001.jpeg,1098,955,L,train,NORMAL,1.149738219895288
NORMAL2-IM-1150-0001.jpeg,data/train/NORMAL/NORMAL2-IM-1150-0001.jpeg,1696,1310,L,train,NORMAL,1.2946564885496183
NORMAL2-IM-1151-0001.jpeg,data/train/NORMAL/NORMAL2-IM-1151-0001.jpeg,1640,1469,L,train,NORMAL,1.1164057181756297
NORMAL2-IM-1152-0001-0001.jpeg,data/train/NORMAL/NORMAL2-IM-1152-0001-0001.jpeg,1636,1433,L,train,NORMAL,1.1416608513607815
NORMAL2-IM-1152-0001-0002.jpeg,data/train/NORMAL/NORMAL2-IM-1152-0001-0002.jpeg,1562,1133,L,train,NORMAL,1.3786407766990292
NORMAL2-IM-1152-0001.jpeg,data/train/NORMAL/NORMAL2-IM-1152-0001.jpeg,1472,1175,L,train,NORMAL,1.2527659574468084
NORMAL2-IM-1153-0001.jpeg,data/train/NORMAL/NORMAL2-IM-1153-0001.jpeg,1628,1283,L,train,NORMAL,1.2689010132501948
NORMAL2-IM-1154-0001-0001.jpeg,data/train/NORMAL/NORMAL2-IM-1154-0001-0001.jpeg,2026,1468,L,train,NORMAL,1.380108991825613
NORMAL2-IM-1154-0001-0002.jpeg,data/train/NORMAL/NORMAL2-IM-1154-0001-0002.jpeg,1644,1487,L,train,NORMAL,1.105581708137189
NORMAL2-IM-1154-0001.jpeg,data/train/NORMAL/NORMAL2-IM-1154-0001.jpeg,1744,1422,L,train,NORMAL,1.2264416315049227
NORMAL2-IM-1155-0001.jpeg,data/train/NORMAL/NORMAL2-IM-1155-0001.jpeg,1364,1114,L,train,NORMAL,1.2244165170556554
NORMAL2-IM-1156-0001.jpeg,data/train/NORMAL/NORMAL2-IM-1156-0001.jpeg,1592,1148,L,train,NORMAL,1.386759581881533
NORMAL2-IM-1157-0001.jpeg,data/train/NORMAL/NORMAL2-IM-1157-0001.jpeg,1306,994,L,train,NORMAL,1.3138832997987928
NORMAL2-IM-1158-0001.jpeg,data/train/NORMAL/NORMAL2-IM-1158-0001.jpeg,1716,1504,L,train,NORMAL,1.1409574468085106
NORMAL2-IM-1160-0001.jpeg,data/train/NORMAL/NORMAL2-IM-1160-0001.jpeg,2091,2326,L,train,NORMAL,0.8989681857265692
NORMAL2-IM-1161-0001.jpeg,data/train/NORMAL/NORMAL2-IM-1161-0001.jpeg,1600,1380,L,train,NORMAL,1.1594202898550725
NORMAL2-IM-1162-0001.jpeg,data/train/NORMAL/NORMAL2-IM-1162-0001.jpeg,1670,1348,L,train,NORMAL,1.238872403560831
NORMAL2-IM-1163-0001.jpeg,data/train/NORMAL/NORMAL2-IM-1163-0001.jpeg,1616,1283,L,train,NORMAL,1.259547934528449
NORMAL2-IM-1164-0001.jpeg,data/train/NORMAL/NORMAL2-IM-1164-0001.jpeg,1492,1190,L,train,NORMAL,1.253781512605042
NORMAL2-IM-1167-0001.jpeg,data/train/NORMAL/NORMAL2-IM-1167-0001.jpeg,1870,1638,L,train,NORMAL,1.1416361416361416
NORMAL2-IM-1168-0001.jpeg,data/train/NORMAL/NORMAL2-IM-1168-0001.jpeg,1982,1603,L,train,NORMAL,1.2364316905801622
NORMAL2-IM-1169-0001.jpeg,data/train/NORMAL/NORMAL2-IM-1169-0001.jpeg,1782,1433,L,train,NORMAL,1.2435450104675505
NORMAL2-IM-1170-0001.jpeg,data/train/NORMAL/NORMAL2-IM-1170-0001.jpeg,1666,1360,L,train,NORMAL,1.225
NORMAL2-IM-1171-0001.jpeg,data/train/NORMAL/NORMAL2-IM-1171-0001.jpeg,1790,1600,L,train,NORMAL,1.11875
NORMAL2-IM-1173-0001.jpeg,data/train/NORMAL/NORMAL2-IM-1173-0001.jpeg,1310,1306,L,train,NORMAL,1.003062787136294
NORMAL2-IM-1174-0001.jpeg,data/train/NORMAL/NORMAL2-IM-1174-0001.jpeg,1716,1523,L,train,NORMAL,1.1267235718975706
NORMAL2-IM-1175-0001.jpeg,data/train/NORMAL/NORMAL2-IM-1175-0001.jpeg,1516,1291,L,train,NORMAL,1.17428350116189
NORMAL2-IM-1176-0001.jpeg,data/train/NORMAL/NORMAL2-IM-1176-0001.jpeg,2362,2187,L,train,NORMAL,1.0800182898948332
NORMAL2-IM-1177-0001.jpeg,data/train/NORMAL/NORMAL2-IM-1177-0001.jpeg,1518,1310,L,train,NORMAL,1.1587786259541986
NORMAL2-IM-1178-0001.jpeg,data/train/NORMAL/NORMAL2-IM-1178-0001.jpeg,1588,1438,L,train,NORMAL,1.1043115438108484
NORMAL2-IM-1179-0001.jpeg,data/train/NORMAL/NORMAL2-IM-1179-0001.jpeg,1742,1372,L,train,NORMAL,1.2696793002915452
NORMAL2-IM-1180-0001.jpeg,data/train/NORMAL/NORMAL2-IM-1180-0001.jpeg,1696,1287,L,train,NORMAL,1.3177933177933179
NORMAL2-IM-1181-0001.jpeg,data/train/NORMAL/NORMAL2-IM-1181-0001.jpeg,1862,1441,L,train,NORMAL,1.2921582234559335
NORMAL2-IM-1182-0001.jpeg,data/train/NORMAL/NORMAL2-IM-1182-0001.jpeg,1716,1225,L,train,NORMAL,1.4008163265306122
NORMAL2-IM-1183-0001.jpeg,data/train/NORMAL/NORMAL2-IM-1183-0001.jpeg,1836,1592,L,train,NORMAL,1.1532663316582914
NORMAL2-IM-1184-0001.jpeg,data/train/NORMAL/NORMAL2-IM-1184-0001.jpeg,1464,1205,L,train,NORMAL,1.2149377593360995
NORMAL2-IM-1185-0001.jpeg,data/train/NORMAL/NORMAL2-IM-1185-0001.jpeg,1754,1499,L,train,NORMAL,1.1701134089392928
NORMAL2-IM-1187-0001.jpeg,data/train/NORMAL/NORMAL2-IM-1187-0001.jpeg,1692,1360,L,train,NORMAL,1.2441176470588236
NORMAL2-IM-1188-0001.jpeg,data/train/NORMAL/NORMAL2-IM-1188-0001.jpeg,2078,2067,L,train,NORMAL,1.0053217223028543
NORMAL2-IM-1189-0001.jpeg,data/train/NORMAL/NORMAL2-IM-1189-0001.jpeg,1306,1047,L,train,NORMAL,1.247373447946514
NORMAL2-IM-1190-0001.jpeg,data/train/NORMAL/NORMAL2-IM-1190-0001.jpeg,1746,1576,L,train,NORMAL,1.1078680203045685
NORMAL2-IM-1191-0001.jpeg,data/train/NORMAL/NORMAL2-IM-1191-0001.jpeg,1616,1187,L,train,NORMAL,1.3614153327716934
NORMAL2-IM-1192-0001.jpeg,data/train/NORMAL/NORMAL2-IM-1192-0001.jpeg,1882,1418,L,train,NORMAL,1.3272214386459802
NORMAL2-IM-1194-0001.jpeg,data/train/NORMAL/NORMAL2-IM-1194-0001.jpeg,1350,1090,L,train,NORMAL,1.238532110091743
NORMAL2-IM-1196-0001.jpeg,data/train/NORMAL/NORMAL2-IM-1196-0001.jpeg,1898,1804,L,train,NORMAL,1.0521064301552105
NORMAL2-IM-1197-0001.jpeg,data/train/NORMAL/NORMAL2-IM-1197-0001.jpeg,1608,1348,L,train,NORMAL,1.1928783382789319
NORMAL2-IM-1198-0001.jpeg,data/train/NORMAL/NORMAL2-IM-1198-0001.jpeg,2040,2059,L,train,NORMAL,0.9907722195240408
NORMAL2-IM-1200-0001.jpeg,data/train/NORMAL/NORMAL2-IM-1200-0001.jpeg,1828,1781,L,train,NORMAL,1.0263896687254352
NORMAL2-IM-1201-0001.jpeg,data/train/NORMAL/NORMAL2-IM-1201-0001.jpeg,1636,1218,L,train,NORMAL,1.3431855500821017
NORMAL2-IM-1202-0001.jpeg,data/train/NORMAL/NORMAL2-IM-1202-0001.jpeg,1898,1565,L,train,NORMAL,1.2127795527156549
NORMAL2-IM-1203-0001.jpeg,data/train/NORMAL/NORMAL2-IM-1203-0001.jpeg,1376,1105,L,train,NORMAL,1.2452488687782806
NORMAL2-IM-1204-0001.jpeg,data/train/NORMAL/NORMAL2-IM-1204-0001.jpeg,1592,1392,L,train,NORMAL,1.1436781609195403
NORMAL2-IM-1205-0001.jpeg,data/train/NORMAL/NORMAL2-IM-1205-0001.jpeg,1558,1167,L,train,NORMAL,1.3350471293916024
NORMAL2-IM-1206-0001.jpeg,data/train/NORMAL/NORMAL2-IM-1206-0001.jpeg,1692,1245,L,train,NORMAL,1.3590361445783132
NORMAL2-IM-1209-0001.jpeg,data/train/NORMAL/NORMAL2-IM-1209-0001.jpeg,1434,978,L,train,NORMAL,1.4662576687116564
NORMAL2-IM-1214-0001.jpeg,data/train/NORMAL/NORMAL2-IM-1214-0001.jpeg,1392,1232,L,train,NORMAL,1.12987012987013
NORMAL2-IM-1218-0001.jpeg,data/train/NORMAL/NORMAL2-IM-1218-0001.jpeg,1982,1751,L,train,NORMAL,1.1319246145059965
NORMAL2-IM-1219-0001.jpeg,data/train/NORMAL/NORMAL2-IM-1219-0001.jpeg,2566,1909,L,train,NORMAL,1.3441592456783655
NORMAL2-IM-1220-0001.jpeg,data/train/NORMAL/NORMAL2-IM-1220-0001.jpeg,1596,1510,L,train,NORMAL,1.056953642384106
NORMAL2-IM-1221-0001.jpeg,data/train/NORMAL/NORMAL2-IM-1221-0001.jpeg,1500,1206,L,train,NORMAL,1.243781094527363
NORMAL2-IM-1222-0001.jpeg,data/train/NORMAL/NORMAL2-IM-1222-0001.jpeg,1364,1148,L,train,NORMAL,1.1881533101045296
NORMAL2-IM-1223-0001.jpeg,data/train/NORMAL/NORMAL2-IM-1223-0001.jpeg,1716,1530,L,train,NORMAL,1.1215686274509804
NORMAL2-IM-1224-0001.jpeg,data/train/NORMAL/NORMAL2-IM-1224-0001.jpeg,1786,1360,L,train,NORMAL,1.313235294117647
NORMAL2-IM-1225-0001.jpeg,data/train/NORMAL/NORMAL2-IM-1225-0001.jpeg,1676,1129,L,train,NORMAL,1.4844995571302038
NORMAL2-IM-1226-0001.jpeg,data/train/NORMAL/NORMAL2-IM-1226-0001.jpeg,1902,1608,L,train,NORMAL,1.1828358208955223
NORMAL2-IM-1227-0001.jpeg,data/train/NORMAL/NORMAL2-IM-1227-0001.jpeg,1172,986,L,train,NORMAL,1.1886409736308317
NORMAL2-IM-1228-0001.jpeg,data/train/NORMAL/NORMAL2-IM-1228-0001.jpeg,1306,994,L,train,NORMAL,1.3138832997987928
NORMAL2-IM-1231-0001.jpeg,data/train/NORMAL/NORMAL2-IM-1231-0001.jpeg,1414,1167,L,train,NORMAL,1.2116538131962296
NORMAL2-IM-1232-0001.jpeg,data/train/NORMAL/NORMAL2-IM-1232-0001.jpeg,1302,927,L,train,NORMAL,1.4045307443365695
NORMAL2-IM-1234-0001.jpeg,data/train/NORMAL/NORMAL2-IM-1234-0001.jpeg,2114,1681,L,train,NORMAL,1.2575847709696608
NORMAL2-IM-1236-0001.jpeg,data/train/NORMAL/NORMAL2-IM-1236-0001.jpeg,1886,1573,L,train,NORMAL,1.1989828353464718
NORMAL2-IM-1237-0001.jpeg,data/train/NORMAL/NORMAL2-IM-1237-0001.jpeg,1762,1341,L,train,NORMAL,1.313944817300522
NORMAL2-IM-1240-0001.jpeg,data/train/NORMAL/NORMAL2-IM-1240-0001.jpeg,1570,1460,L,train,NORMAL,1.0753424657534247
NORMAL2-IM-1241-0001.jpeg,data/train/NORMAL/NORMAL2-IM-1241-0001.jpeg,1056,792,L,train,NORMAL,1.3333333333333333
NORMAL2-IM-1242-0001.jpeg,data/train/NORMAL/NORMAL2-IM-1242-0001.jpeg,1354,1078,L,train,NORMAL,1.2560296846011132
NORMAL2-IM-1243-0001.jpeg,data/train/NORMAL/NORMAL2-IM-1243-0001.jpeg,2024,1963,L,train,NORMAL,1.031074885379521
NORMAL2-IM-1244-0001.jpeg,data/train/NORMAL/NORMAL2-IM-1244-0001.jpeg,1362,1093,L,train,NORMAL,1.2461116193961574
NORMAL2-IM-1245-0001.jpeg,data/train/NORMAL/NORMAL2-IM-1245-0001.jpeg,1422,1402,L,train,NORMAL,1.014265335235378
NORMAL2-IM-1247-0001.jpeg,data/train/NORMAL/NORMAL2-IM-1247-0001.jpeg,1316,1067,L,train,NORMAL,1.2333645735707592
NORMAL2-IM-1250-0001.jpeg,data/train/NORMAL/NORMAL2-IM-1250-0001.jpeg,1416,992,L,train,NORMAL,1.4274193548387097
NORMAL2-IM-1252-0001.jpeg,data/train/NORMAL/NORMAL2-IM-1252-0001.jpeg,1873,1764,L,train,NORMAL,1.0617913832199546
NORMAL2-IM-1253-0001.jpeg,data/train/NORMAL/NORMAL2-IM-1253-0001.jpeg,1522,1090,L,train,NORMAL,1.3963302752293578
NORMAL2-IM-1254-0001.jpeg,data/train/NORMAL/NORMAL2-IM-1254-0001.jpeg,1828,1515,L,train,NORMAL,1.2066006600660066
NORMAL2-IM-1256-0001.jpeg,data/train/NORMAL/NORMAL2-IM-1256-0001.jpeg,1720,1465,L,train,NORMAL,1.174061433447099
NORMAL2-IM-1257-0001.jpeg,data/train/NORMAL/NORMAL2-IM-1257-0001.jpeg,2916,2583,L,train,NORMAL,1.1289198606271778
NORMAL2-IM-1258-0001-0001.jpeg,data/train/NORMAL/NORMAL2-IM-1258-0001-0001.jpeg,2048,1882,L,train,NORMAL,1.0882040382571732
NORMAL2-IM-1258-0001-0002.jpeg,data/train/NORMAL/NORMAL2-IM-1258-0001-0002.jpeg,1654,1446,L,train,NORMAL,1.1438450899031811
NORMAL2-IM-1258-0001.jpeg,data/train/NORMAL/NORMAL2-IM-1258-0001.jpeg,2482,2570,L,train,NORMAL,0.9657587548638132
NORMAL2-IM-1260-0001.jpeg,data/train/NORMAL/NORMAL2-IM-1260-0001.jpeg,1854,1495,L,train,NORMAL,1.240133779264214
NORMAL2-IM-1261-0001.jpeg,data/train/NORMAL/NORMAL2-IM-1261-0001.jpeg,1682,1380,L,train,NORMAL,1.218840579710145
NORMAL2-IM-1262-0001.jpeg,data/train/NORMAL/NORMAL2-IM-1262-0001.jpeg,1392,1148,L,train,NORMAL,1.2125435540069687
NORMAL2-IM-1264-0001.jpeg,data/train/NORMAL/NORMAL2-IM-1264-0001.jpeg,1206,978,L,train,NORMAL,1.2331288343558282
NORMAL2-IM-1266-0001-0001.jpeg,data/train/NORMAL/NORMAL2-IM-1266-0001-0001.jpeg,1654,1171,L,train,NORMAL,1.412467976088813
NORMAL2-IM-1266-0001-0002.jpeg,data/train/NORMAL/NORMAL2-IM-1266-0001-0002.jpeg,1562,1156,L,train,NORMAL,1.3512110726643598
NORMAL2-IM-1266-0001.jpeg,data/train/NORMAL/NORMAL2-IM-1266-0001.jpeg,1686,1337,L,train,NORMAL,1.2610321615557218
NORMAL2-IM-1267-0001.jpeg,data/train/NORMAL/NORMAL2-IM-1267-0001.jpeg,1920,1708,L,train,NORMAL,1.1241217798594847
NORMAL2-IM-1269-0001-0001.jpeg,data/train/NORMAL/NORMAL2-IM-1269-0001-0001.jpeg,1902,1499,L,train,NORMAL,1.2688458972648433
NORMAL2-IM-1269-0001-0002.jpeg,data/train/NORMAL/NORMAL2-IM-1269-0001-0002.jpeg,1372,1047,L,train,NORMAL,1.3104106972301814
NORMAL2-IM-1269-0001.jpeg,data/train/NORMAL/NORMAL2-IM-1269-0001.jpeg,1464,1164,L,train,NORMAL,1.2577319587628866
NORMAL2-IM-1270-0001.jpeg,data/train/NORMAL/NORMAL2-IM-1270-0001.jpeg,1246,951,L,train,NORMAL,1.310199789695058
NORMAL2-IM-1271-0001.jpeg,data/train/NORMAL/NORMAL2-IM-1271-0001.jpeg,2414,1731,L,train,NORMAL,1.3945696129404968
NORMAL2-IM-1272-0001.jpeg,data/train/NORMAL/NORMAL2-IM-1272-0001.jpeg,1738,1296,L,train,NORMAL,1.3410493827160495
NORMAL2-IM-1273-0001.jpeg,data/train/NORMAL/NORMAL2-IM-1273-0001.jpeg,1484,993,L,train,NORMAL,1.4944612286002015
NORMAL2-IM-1274-0001.jpeg,data/train/NORMAL/NORMAL2-IM-1274-0001.jpeg,1322,1125,L,train,NORMAL,1.1751111111111112
NORMAL2-IM-1275-0001.jpeg,data/train/NORMAL/NORMAL2-IM-1275-0001.jpeg,1740,1735,L,train,NORMAL,1.0028818443804035
NORMAL2-IM-1276-0001.jpeg,data/train/NORMAL/NORMAL2-IM-1276-0001.jpeg,1990,1666,L,train,NORMAL,1.1944777911164466
NORMAL2-IM-1277-0001-0001.jpeg,data/train/NORMAL/NORMAL2-IM-1277-0001-0001.jpeg,1514,1152,L,train,NORMAL,1.3142361111111112
NORMAL2-IM-1277-0001-0002.jpeg,data/train/NORMAL/NORMAL2-IM-1277-0001-0002.jpeg,1742,1422,L,train,NORMAL,1.2250351617440225
NORMAL2-IM-1277-0001.jpeg,data/train/NORMAL/NORMAL2-IM-1277-0001.jpeg,1724,1248,L,train,NORMAL,1.3814102564102564
NORMAL2-IM-1278-0001.jpeg,data/train/NORMAL/NORMAL2-IM-1278-0001.jpeg,1570,1318,L,train,NORMAL,1.1911987860394537
NORMAL2-IM-1279-0001.jpeg,data/train/NORMAL/NORMAL2-IM-1279-0001.jpeg,1956,1476,L,train,NORMAL,1.3252032520325203
NORMAL2-IM-1280-0001.jpeg,data/train/NORMAL/NORMAL2-IM-1280-0001.jpeg,1720,1449,L,train,NORMAL,1.1870255348516219
NORMAL2-IM-1281-0001.jpeg,data/train/NORMAL/NORMAL2-IM-1281-0001.jpeg,1766,1468,L,train,NORMAL,1.2029972752043596
NORMAL2-IM-1282-0001.jpeg,data/train/NORMAL/NORMAL2-IM-1282-0001.jpeg,1480,1302,L,train,NORMAL,1.1367127496159755
NORMAL2-IM-1285-0001.jpeg,data/train/NORMAL/NORMAL2-IM-1285-0001.jpeg,1962,2169,L,train,NORMAL,0.9045643153526971
NORMAL2-IM-1286-0001.jpeg,data/train/NORMAL/NORMAL2-IM-1286-0001.jpeg,1526,1356,L,train,NORMAL,1.1253687315634218
NORMAL2-IM-1287-0001.jpeg,data/train/NORMAL/NORMAL2-IM-1287-0001.jpeg,2450,2325,L,train,NORMAL,1.053763440860215
NORMAL2-IM-1288-0001.jpeg,data/train/NORMAL/NORMAL2-IM-1288-0001.jpeg,1836,1592,L,train,NORMAL,1.1532663316582914
NORMAL2-IM-1289-0001.jpeg,data/train/NORMAL/NORMAL2-IM-1289-0001.jpeg,1944,1518,L,train,NORMAL,1.2806324110671936
NORMAL2-IM-1290-0001.jpeg,data/train/NORMAL/NORMAL2-IM-1290-0001.jpeg,1412,1198,L,train,NORMAL,1.1786310517529215
NORMAL2-IM-1291-0001.jpeg,data/train/NORMAL/NORMAL2-IM-1291-0001.jpeg,1978,1777,L,train,NORMAL,1.1131119864940913
NORMAL2-IM-1292-0001.jpeg,data/train/NORMAL/NORMAL2-IM-1292-0001.jpeg,1542,1341,L,train,NORMAL,1.1498881431767338
NORMAL2-IM-1293-0001.jpeg,data/train/NORMAL/NORMAL2-IM-1293-0001.jpeg,1530,1144,L,train,NORMAL,1.3374125874125875
NORMAL2-IM-1294-0001-0001.jpeg,data/train/NORMAL/NORMAL2-IM-1294-0001-0001.jpeg,1442,1399,L,train,NORMAL,1.0307362401715512
NORMAL2-IM-1294-0001-0002.jpeg,data/train/NORMAL/NORMAL2-IM-1294-0001-0002.jpeg,1400,1260,L,train,NORMAL,1.1111111111111112
NORMAL2-IM-1294-0001.jpeg,data/train/NORMAL/NORMAL2-IM-1294-0001.jpeg,1642,1364,L,train,NORMAL,1.2038123167155426
NORMAL2-IM-1295-0001.jpeg,data/train/NORMAL/NORMAL2-IM-1295-0001.jpeg,1690,1306,L,train,NORMAL,1.2940275650842266
NORMAL2-IM-1296-0001.jpeg,data/train/NORMAL/NORMAL2-IM-1296-0001.jpeg,1462,1171,L,train,NORMAL,1.2485055508112723
NORMAL2-IM-1300-0001.jpeg,data/train/NORMAL/NORMAL2-IM-1300-0001.jpeg,1612,1437,L,train,NORMAL,1.1217814892136395
NORMAL2-IM-1301-0001.jpeg,data/train/NORMAL/NORMAL2-IM-1301-0001.jpeg,1690,1383,L,train,NORMAL,1.2219812002892263
NORMAL2-IM-1302-0001.jpeg,data/train/NORMAL/NORMAL2-IM-1302-0001.jpeg,2721,2438,L,train,NORMAL,1.1160787530762921
NORMAL2-IM-1303-0001.jpeg,data/train/NORMAL/NORMAL2-IM-1303-0001.jpeg,1322,1128,L,train,NORMAL,1.1719858156028369
NORMAL2-IM-1304-0001.jpeg,data/train/NORMAL/NORMAL2-IM-1304-0001.jpeg,1898,1739,L,train,NORMAL,1.0914318573893043
NORMAL2-IM-1305-0001.jpeg,data/train/NORMAL/NORMAL2-IM-1305-0001.jpeg,1140,846,L,train,NORMAL,1.3475177304964538
NORMAL2-IM-1306-0001.jpeg,data/train/NORMAL/NORMAL2-IM-1306-0001.jpeg,1858,1692,L,train,NORMAL,1.0981087470449173
NORMAL2-IM-1307-0001.jpeg,data/train/NORMAL/NORMAL2-IM-1307-0001.jpeg,1442,1214,L,train,NORMAL,1.187808896210873
NORMAL2-IM-1308-0001.jpeg,data/train/NORMAL/NORMAL2-IM-1308-0001.jpeg,1774,1804,L,train,NORMAL,0.983370288248337
NORMAL2-IM-1310-0001.jpeg,data/train/NORMAL/NORMAL2-IM-1310-0001.jpeg,1608,1468,L,train,NORMAL,1.095367847411444
NORMAL2-IM-1311-0001.jpeg,data/train/NORMAL/NORMAL2-IM-1311-0001.jpeg,1422,1156,L,train,NORMAL,1.2301038062283738
NORMAL2-IM-1314-0001.jpeg,data/train/NORMAL/NORMAL2-IM-1314-0001.jpeg,1978,1619,L,train,NORMAL,1.221741815935763
NORMAL2-IM-1315-0001.jpeg,data/train/NORMAL/NORMAL2-IM-1315-0001.jpeg,1858,1295,L,train,NORMAL,1.4347490347490348
NORMAL2-IM-1316-0001.jpeg,data/train/NORMAL/NORMAL2-IM-1316-0001.jpeg,1928,1738,L,train,NORMAL,1.1093210586881472
NORMAL2-IM-1317-0001.jpeg,data/train/NORMAL/NORMAL2-IM-1317-0001.jpeg,1242,1083,L,train,NORMAL,1.146814404432133
NORMAL2-IM-1318-0001.jpeg,data/train/NORMAL/NORMAL2-IM-1318-0001.jpeg,2358,1959,L,train,NORMAL,1.2036753445635529
NORMAL2-IM-1319-0001.jpeg,data/train/NORMAL/NORMAL2-IM-1319-0001.jpeg,1588,1453,L,train,NORMAL,1.0929112181693048
NORMAL2-IM-1320-0001.jpeg,data/train/NORMAL/NORMAL2-IM-1320-0001.jpeg,1430,1198,L,train,NORMAL,1.1936560934891485
NORMAL2-IM-1321-0001.jpeg,data/train/NORMAL/NORMAL2-IM-1321-0001.jpeg,1530,1399,L,train,NORMAL,1.093638313080772
NORMAL2-IM-1322-0001.jpeg,data/train/NORMAL/NORMAL2-IM-1322-0001.jpeg,1700,1178,L,train,NORMAL,1.4431239388794568
NORMAL2-IM-1323-0001.jpeg,data/train/NORMAL/NORMAL2-IM-1323-0001.jpeg,1588,1248,L,train,NORMAL,1.2724358974358974
NORMAL2-IM-1326-0001.jpeg,data/train/NORMAL/NORMAL2-IM-1326-0001.jpeg,1188,885,L,train,NORMAL,1.3423728813559321
NORMAL2-IM-1327-0001.jpeg,data/train/NORMAL/NORMAL2-IM-1327-0001.jpeg,1456,1264,L,train,NORMAL,1.1518987341772151
NORMAL2-IM-1328-0001.jpeg,data/train/NORMAL/NORMAL2-IM-1328-0001.jpeg,2176,1658,L,train,NORMAL,1.3124246079613993
NORMAL2-IM-1329-0001.jpeg,data/train/NORMAL/NORMAL2-IM-1329-0001.jpeg,1438,1175,L,train,NORMAL,1.2238297872340425
NORMAL2-IM-1330-0001.jpeg,data/train/NORMAL/NORMAL2-IM-1330-0001.jpeg,1488,1206,L,train,NORMAL,1.2338308457711442
NORMAL2-IM-1332-0001.jpeg,data/train/NORMAL/NORMAL2-IM-1332-0001.jpeg,1620,1527,L,train,NORMAL,1.0609037328094302
NORMAL2-IM-1333-0001.jpeg,data/train/NORMAL/NORMAL2-IM-1333-0001.jpeg,1364,1456,L,train,NORMAL,0.9368131868131868
NORMAL2-IM-1334-0001.jpeg,data/train/NORMAL/NORMAL2-IM-1334-0001.jpeg,2056,1866,L,train,NORMAL,1.1018220793140407
NORMAL2-IM-1335-0001.jpeg,data/train/NORMAL/NORMAL2-IM-1335-0001.jpeg,1450,1106,L,train,NORMAL,1.3110307414104883
NORMAL2-IM-1336-0001.jpeg,data/train/NORMAL/NORMAL2-IM-1336-0001.jpeg,1462,1124,L,train,NORMAL,1.300711743772242
NORMAL2-IM-1337-0001.jpeg,data/train/NORMAL/NORMAL2-IM-1337-0001.jpeg,1360,1097,L,train,NORMAL,1.2397447584320875
NORMAL2-IM-1338-0001.jpeg,data/train/NORMAL/NORMAL2-IM-1338-0001.jpeg,2252,1936,L,train,NORMAL,1.1632231404958677
NORMAL2-IM-1341-0001.jpeg,data/train/NORMAL/NORMAL2-IM-1341-0001.jpeg,2134,2376,L,train,NORMAL,0.8981481481481481
NORMAL2-IM-1342-0001.jpeg,data/train/NORMAL/NORMAL2-IM-1342-0001.jpeg,1284,1078,L,train,NORMAL,1.1910946196660481
NORMAL2-IM-1343-0001.jpeg,data/train/NORMAL/NORMAL2-IM-1343-0001.jpeg,1742,1684,L,train,NORMAL,1.0344418052256532
NORMAL2-IM-1344-0001.jpeg,data/train/NORMAL/NORMAL2-IM-1344-0001.jpeg,1700,1379,L,train,NORMAL,1.2327773749093547
NORMAL2-IM-1345-0001-0001.jpeg,data/train/NORMAL/NORMAL2-IM-1345-0001-0001.jpeg,1318,1067,L,train,NORMAL,1.2352389878163075
NORMAL2-IM-1345-0001-0002.jpeg,data/train/NORMAL/NORMAL2-IM-1345-0001-0002.jpeg,1294,959,L,train,NORMAL,1.3493222106360792
NORMAL2-IM-1345-0001.jpeg,data/train/NORMAL/NORMAL2-IM-1345-0001.jpeg,1464,1183,L,train,NORMAL,1.2375316990701606
NORMAL2-IM-1346-0001.jpeg,data/train/NORMAL/NORMAL2-IM-1346-0001.jpeg,1802,1333,L,train,NORMAL,1.3518379594898724
NORMAL2-IM-1347-0001.jpeg,data/train/NORMAL/NORMAL2-IM-1347-0001.jpeg,1932,1743,L,train,NORMAL,1.108433734939759
NORMAL2-IM-1348-0001.jpeg,data/train/NORMAL/NORMAL2-IM-1348-0001.jpeg,1782,1391,L,train,NORMAL,1.2810927390366642
NORMAL2-IM-1349-0001.jpeg,data/train/NORMAL/NORMAL2-IM-1349-0001.jpeg,1620,1175,L,train,NORMAL,1.3787234042553191
NORMAL2-IM-1350-0001.jpeg,data/train/NORMAL/NORMAL2-IM-1350-0001.jpeg,1704,1256,L,train,NORMAL,1.356687898089172
NORMAL2-IM-1351-0001.jpeg,data/train/NORMAL/NORMAL2-IM-1351-0001.jpeg,1874,1836,L,train,NORMAL,1.0206971677559913
NORMAL2-IM-1356-0001.jpeg,data/train/NORMAL/NORMAL2-IM-1356-0001.jpeg,912,672,L,train,NORMAL,1.3571428571428572
NORMAL2-IM-1357-0001.jpeg,data/train/NORMAL/NORMAL2-IM-1357-0001.jpeg,1600,1304,L,train,NORMAL,1.2269938650306749
NORMAL2-IM-1360-0001.jpeg,data/train/NORMAL/NORMAL2-IM-1360-0001.jpeg,1184,984,L,train,NORMAL,1.2032520325203253
NORMAL2-IM-1362-0001.jpeg,data/train/NORMAL/NORMAL2-IM-1362-0001.jpeg,992,816,L,train,NORMAL,1.2156862745098038
NORMAL2-IM-1365-0001.jpeg,data/train/NORMAL/NORMAL2-IM-1365-0001.jpeg,1392,1048,L,train,NORMAL,1.3282442748091603
NORMAL2-IM-1371-0001.jpeg,data/train/NORMAL/NORMAL2-IM-1371-0001.jpeg,1496,1304,L,train,NORMAL,1.147239263803681
NORMAL2-IM-1376-0001.jpeg,data/train/NORMAL/NORMAL2-IM-1376-0001.jpeg,1296,1200,L,train,NORMAL,1.08
NORMAL2-IM-1379-0001.jpeg,data/train/NORMAL/NORMAL2-IM-1379-0001.jpeg,1440,1328,L,train,NORMAL,1.0843373493975903
NORMAL2-IM-1385-0001.jpeg,data/train/NORMAL/NORMAL2-IM-1385-0001.jpeg,1288,1080,L,train,NORMAL,1.1925925925925926
NORMAL2-IM-1396-0001.jpeg,data/train/NORMAL/NORMAL2-IM-1396-0001.jpeg,1256,1032,L,train,NORMAL,1.2170542635658914
NORMAL2-IM-1400-0001.jpeg,data/train/NORMAL/NORMAL2-IM-1400-0001.jpeg,1440,992,L,train,NORMAL,1.4516129032258065
NORMAL2-IM-1401-0001.jpeg,data/train/NORMAL/NORMAL2-IM-1401-0001.jpeg,1272,1048,L,train,NORMAL,1.213740458015267
NORMAL2-IM-1406-0001.jpeg,data/train/NORMAL/NORMAL2-IM-1406-0001.jpeg,1376,936,L,train,NORMAL,1.4700854700854702
NORMAL2-IM-1412-0001.jpeg,data/train/NORMAL/NORMAL2-IM-1412-0001.jpeg,1784,1216,L,train,NORMAL,1.4671052631578947
NORMAL2-IM-1419-0001.jpeg,data/train/NORMAL/NORMAL2-IM-1419-0001.jpeg,976,800,L,train,NORMAL,1.22
NORMAL2-IM-1422-0001.jpeg,data/train/NORMAL/NORMAL2-IM-1422-0001.jpeg,1460,951,L,train,NORMAL,1.5352260778128286
NORMAL2-IM-1423-0001.jpeg,data/train/NORMAL/NORMAL2-IM-1423-0001.jpeg,1400,1216,L,train,NORMAL,1.1513157894736843
person1000_bacteria_2931.jpeg,data/train/PNEUMONIA/person1000_bacteria_2931.jpeg,1152,760,L,train,PNEUMONIA,1.5157894736842106
person1000_virus_1681.jpeg,data/train/PNEUMONIA/person1000_virus_1681.jpeg,1072,768,L,train,PNEUMONIA,1.3958333333333333
person1001_bacteria_2932.jpeg,data/train/PNEUMONIA/person1001_bacteria_2932.jpeg,1244,863,L,train,PNEUMONIA,1.4414831981460023
person1002_bacteria_2933.jpeg,data/train/PNEUMONIA/person1002_bacteria_2933.jpeg,1242,940,L,train,PNEUMONIA,1.3212765957446808
person1003_bacteria_2934.jpeg,data/train/PNEUMONIA/person1003_bacteria_2934.jpeg,1488,1280,L,train,PNEUMONIA,1.1625
person1003_virus_1685.jpeg,data/train/PNEUMONIA/person1003_virus_1685.jpeg,1008,616,L,train,PNEUMONIA,1.6363636363636365
person1004_bacteria_2935.jpeg,data/train/PNEUMONIA/person1004_bacteria_2935.jpeg,1184,816,L,train,PNEUMONIA,1.4509803921568627
person1004_virus_1686.jpeg,data/train/PNEUMONIA/person1004_virus_1686.jpeg,856,480,L,train,PNEUMONIA,1.7833333333333334
person1005_bacteria_2936.jpeg,data/train/PNEUMONIA/person1005_bacteria_2936.jpeg,1048,888,L,train,PNEUMONIA,1.1801801801801801
person1005_virus_1688.jpeg,data/train/PNEUMONIA/person1005_virus_1688.jpeg,1216,792,L,train,PNEUMONIA,1.5353535353535352
person1006_bacteria_2937.jpeg,data/train/PNEUMONIA/person1006_bacteria_2937.jpeg,1553,1044,L,train,PNEUMONIA,1.4875478927203065
person1007_bacteria_2938.jpeg,data/train/PNEUMONIA/person1007_bacteria_2938.jpeg,992,776,L,train,PNEUMONIA,1.2783505154639174
person1007_virus_1690.jpeg,data/train/PNEUMONIA/person1007_virus_1690.jpeg,1048,664,L,train,PNEUMONIA,1.5783132530120483
person1008_bacteria_2939.jpeg,data/train/PNEUMONIA/person1008_bacteria_2939.jpeg,1240,792,L,train,PNEUMONIA,1.5656565656565657
person1008_virus_1691.jpeg,data/train/PNEUMONIA/person1008_virus_1691.jpeg,1576,1328,L,train,PNEUMONIA,1.1867469879518073
person1009_virus_1694.jpeg,data/train/PNEUMONIA/person1009_virus_1694.jpeg,1520,936,L,train,PNEUMONIA,1.623931623931624
person100_virus_184.jpeg,data/train/PNEUMONIA/person100_virus_184.jpeg,1104,792,L,train,PNEUMONIA,1.393939393939394
person1010_bacteria_2941.jpeg,data/train/PNEUMONIA/person1010_bacteria_2941.jpeg,1328,1368,L,train,PNEUMONIA,0.9707602339181286
person1010_virus_1695.jpeg,data/train/PNEUMONIA/person1010_virus_1695.jpeg,502,307,RGB,train,PNEUMONIA,1.6351791530944626
person1011_bacteria_2942.jpeg,data/train/PNEUMONIA/person1011_bacteria_2942.jpeg,1128,520,L,train,PNEUMONIA,2.169230769230769
person1012_bacteria_2943.jpeg,data/train/PNEUMONIA/person1012_bacteria_2943.jpeg,992,680,L,train,PNEUMONIA,1.4588235294117646
person1014_bacteria_2945.jpeg,data/train/PNEUMONIA/person1014_bacteria_2945.jpeg,1366,1044,L,train,PNEUMONIA,1.3084291187739463
person1015_virus_1701.jpeg,data/train/PNEUMONIA/person1015_virus_1701.jpeg,1664,1496,L,train,PNEUMONIA,1.1122994652406417
person1015_virus_1702.jpeg,data/train/PNEUMONIA/person1015_virus_1702.jpeg,1680,1600,L,train,PNEUMONIA,1.05
person1016_bacteria_2947.jpeg,data/train/PNEUMONIA/person1016_bacteria_2947.jpeg,968,656,L,train,PNEUMONIA,1.475609756097561
person1016_virus_1704.jpeg,data/train/PNEUMONIA/person1016_virus_1704.jpeg,1336,944,L,train,PNEUMONIA,1.4152542372881356
person1017_bacteria_2948.jpeg,data/train/PNEUMONIA/person1017_bacteria_2948.jpeg,1048,716,L,train,PNEUMONIA,1.4636871508379887
person1018_bacteria_2949.jpeg,data/train/PNEUMONIA/person1018_bacteria_2949.jpeg,992,760,L,train,PNEUMONIA,1.305263157894737
person1018_virus_1706.jpeg,data/train/PNEUMONIA/person1018_virus_1706.jpeg,1280,784,L,train,PNEUMONIA,1.6326530612244898
person1019_bacteria_2950.jpeg,data/train/PNEUMONIA/person1019_bacteria_2950.jpeg,904,624,L,train,PNEUMONIA,1.4487179487179487
person1019_virus_1707.jpeg,data/train/PNEUMONIA/person1019_virus_1707.jpeg,1752,1408,L,train,PNEUMONIA,1.2443181818181819
person1019_virus_1708.jpeg,data/train/PNEUMONIA/person1019_virus_1708.jpeg,1848,1448,L,train,PNEUMONIA,1.276243093922652
person101_virus_187.jpeg,data/train/PNEUMONIA/person101_virus_187.jpeg,1592,1312,L,train,PNEUMONIA,1.2134146341463414
person101_virus_188.jpeg,data/train/PNEUMONIA/person101_virus_188.jpeg,1736,1752,L,train,PNEUMONIA,0.9908675799086758
person1020_bacteria_2951.jpeg,data/train/PNEUMONIA/person1020_bacteria_2951.jpeg,1136,712,L,train,PNEUMONIA,1.595505617977528
person1020_virus_1710.jpeg,data/train/PNEUMONIA/person1020_virus_1710.jpeg,1272,728,L,train,PNEUMONIA,1.7472527472527473
person1021_virus_1711.jpeg,data/train/PNEUMONIA/person1021_virus_1711.jpeg,1184,752,L,train,PNEUMONIA,1.574468085106383
person1022_bacteria_2953.jpeg,data/train/PNEUMONIA/person1022_bacteria_2953.jpeg,1080,984,L,train,PNEUMONIA,1.0975609756097562
person1022_virus_1712.jpeg,data/train/PNEUMONIA/person1022_virus_1712.jpeg,1584,1328,L,train,PNEUMONIA,1.1927710843373494
person1023_bacteria_2954.jpeg,data/train/PNEUMONIA/person1023_bacteria_2954.jpeg,1538,1299,L,train,PNEUMONIA,1.1839876828329485
person1023_virus_1714.jpeg,data/train/PNEUMONIA/person1023_virus_1714.jpeg,1232,720,L,train,PNEUMONIA,1.711111111111111
person1024_bacteria_2955.jpeg,data/train/PNEUMONIA/person1024_bacteria_2955.jpeg,1136,704,L,train,PNEUMONIA,1.6136363636363635
person1024_virus_1716.jpeg,data/train/PNEUMONIA/person1024_virus_1716.jpeg,1288,816,L,train,PNEUMONIA,1.5784313725490196
person1026_bacteria_2957.jpeg,data/train/PNEUMONIA/person1026_bacteria_2957.jpeg,1128,832,L,train,PNEUMONIA,1.3557692307692308
person1026_virus_1718.jpeg,data/train/PNEUMONIA/person1026_virus_1718.jpeg,1368,872,L,train,PNEUMONIA,1.5688073394495412
person1028_bacteria_2959.jpeg,data/train/PNEUMONIA/person1028_bacteria_2959.jpeg,1008,728,L,train,PNEUMONIA,1.3846153846153846
person1028_bacteria_2960.jpeg,data/train/PNEUMONIA/person1028_bacteria_2960.jpeg,912,480,L,train,PNEUMONIA,1.9
person1029_bacteria_2961.jpeg,data/train/PNEUMONIA/person1029_bacteria_2961.jpeg,1056,656,L,train,PNEUMONIA,1.6097560975609757
person1029_virus_1721.jpeg,data/train/PNEUMONIA/person1029_virus_1721.jpeg,1296,696,L,train,PNEUMONIA,1.8620689655172413
person102_virus_189.jpeg,data/train/PNEUMONIA/person102_virus_189.jpeg,1612,1086,L,train,PNEUMONIA,1.4843462246777164
person1030_virus_1722.jpeg,data/train/PNEUMONIA/person1030_virus_1722.jpeg,1784,1184,L,train,PNEUMONIA,1.5067567567567568
person1031_bacteria_2963.jpeg,data/train/PNEUMONIA/person1031_bacteria_2963.jpeg,1096,744,L,train,PNEUMONIA,1.4731182795698925
person1031_bacteria_2964.jpeg,data/train/PNEUMONIA/person1031_bacteria_2964.jpeg,1032,680,L,train,PNEUMONIA,1.5176470588235293
person1031_virus_1723.jpeg,data/train/PNEUMONIA/person1031_virus_1723.jpeg,1504,1296,L,train,PNEUMONIA,1.1604938271604939
person1033_bacteria_2966.jpeg,data/train/PNEUMONIA/person1033_bacteria_2966.jpeg,848,704,L,train,PNEUMONIA,1.2045454545454546
person1034_bacteria_2968.jpeg,data/train/PNEUMONIA/person1034_bacteria_2968.jpeg,1088,712,L,train,PNEUMONIA,1.5280898876404494
person1034_virus_1728.jpeg,data/train/PNEUMONIA/person1034_virus_1728.jpeg,1144,928,L,train,PNEUMONIA,1.2327586206896552
person1035_bacteria_2969.jpeg,data/train/PNEUMONIA/person1035_bacteria_2969.jpeg,860,500,RGB,train,PNEUMONIA,1.72
person1035_virus_1729.jpeg,data/train/PNEUMONIA/person1035_virus_1729.jpeg,1248,840,L,train,PNEUMONIA,1.4857142857142858
person1036_bacteria_2970.jpeg,data/train/PNEUMONIA/person1036_bacteria_2970.jpeg,920,736,L,train,PNEUMONIA,1.25
person1036_virus_1730.jpeg,data/train/PNEUMONIA/person1036_virus_1730.jpeg,1136,840,L,train,PNEUMONIA,1.3523809523809525
person1037_bacteria_2971.jpeg,data/train/PNEUMONIA/person1037_bacteria_2971.jpeg,1152,672,L,train,PNEUMONIA,1.7142857142857142
person1038_bacteria_2972.jpeg,data/train/PNEUMONIA/person1038_bacteria_2972.jpeg,2093,1404,L,train,PNEUMONIA,1.4907407407407407
person1038_virus_1733.jpeg,data/train/PNEUMONIA/person1038_virus_1733.jpeg,1368,928,L,train,PNEUMONIA,1.4741379310344827
person1039_bacteria_2973.jpeg,data/train/PNEUMONIA/person1039_bacteria_2973.jpeg,1532,1066,L,train,PNEUMONIA,1.4371482176360224
person103_virus_190.jpeg,data/train/PNEUMONIA/person103_virus_190.jpeg,1328,912,L,train,PNEUMONIA,1.456140350877193
person1040_bacteria_2974.jpeg,data/train/PNEUMONIA/person1040_bacteria_2974.jpeg,1467,1044,L,train,PNEUMONIA,1.4051724137931034
person1040_virus_1735.jpeg,data/train/PNEUMONIA/person1040_virus_1735.jpeg,1040,520,L,train,PNEUMONIA,2.0
person1041_bacteria_2975.jpeg,data/train/PNEUMONIA/person1041_bacteria_2975.jpeg,1000,728,L,train,PNEUMONIA,1.3736263736263736
person1041_virus_1736.jpeg,data/train/PNEUMONIA/person1041_virus_1736.jpeg,1304,760,L,train,PNEUMONIA,1.7157894736842105
person1042_virus_1737.jpeg,data/train/PNEUMONIA/person1042_virus_1737.jpeg,1408,1056,L,train,PNEUMONIA,1.3333333333333333
person1043_bacteria_2977.jpeg,data/train/PNEUMONIA/person1043_bacteria_2977.jpeg,1336,896,L,train,PNEUMONIA,1.4910714285714286
person1043_virus_1738.jpeg,data/train/PNEUMONIA/person1043_virus_1738.jpeg,1160,768,L,train,PNEUMONIA,1.5104166666666667
person1044_bacteria_2978.jpeg,data/train/PNEUMONIA/person1044_bacteria_2978.jpeg,1168,828,L,train,PNEUMONIA,1.4106280193236715
person1044_virus_1740.jpeg,data/train/PNEUMONIA/person1044_virus_1740.jpeg,1488,1088,L,train,PNEUMONIA,1.3676470588235294
person1045_bacteria_2979.jpeg,data/train/PNEUMONIA/person1045_bacteria_2979.jpeg,1008,760,L,train,PNEUMONIA,1.3263157894736841
person1045_virus_1741.jpeg,data/train/PNEUMONIA/person1045_virus_1741.jpeg,1120,872,L,train,PNEUMONIA,1.2844036697247707
person1046_bacteria_2980.jpeg,data/train/PNEUMONIA/person1046_bacteria_2980.jpeg,1088,872,L,train,PNEUMONIA,1.2477064220183487
person1046_virus_1742.jpeg,data/train/PNEUMONIA/person1046_virus_1742.jpeg,1128,648,L,train,PNEUMONIA,1.7407407407407407
person1048_bacteria_2982.jpeg,data/train/PNEUMONIA/person1048_bacteria_2982.jpeg,976,608,L,train,PNEUMONIA,1.605263157894737
person1048_virus_1744.jpeg,data/train/PNEUMONIA/person1048_virus_1744.jpeg,1344,1040,L,train,PNEUMONIA,1.2923076923076924
person1049_bacteria_2983.jpeg,data/train/PNEUMONIA/person1049_bacteria_2983.jpeg,1464,967,L,train,PNEUMONIA,1.5139607032057911
person1049_virus_1746.jpeg,data/train/PNEUMONIA/person1049_virus_1746.jpeg,1016,704,L,train,PNEUMONIA,1.4431818181818181
person104_virus_191.jpeg,data/train/PNEUMONIA/person104_virus_191.jpeg,1644,1138,L,train,PNEUMONIA,1.444639718804921
person1050_bacteria_2984.jpeg,data/train/PNEUMONIA/person1050_bacteria_2984.jpeg,944,616,L,train,PNEUMONIA,1.5324675324675325
person1051_bacteria_2985.jpeg,data/train/PNEUMONIA/person1051_bacteria_2985.jpeg,1088,728,L,train,PNEUMONIA,1.4945054945054945
person1051_virus_1750.jpeg,data/train/PNEUMONIA/person1051_virus_1750.jpeg,1616,1352,L,train,PNEUMONIA,1.1952662721893492
person1052_bacteria_2986.jpeg,data/train/PNEUMONIA/person1052_bacteria_2986.jpeg,1048,856,L,train,PNEUMONIA,1.2242990654205608
person1052_virus_1751.jpeg,data/train/PNEUMONIA/person1052_virus_1751.jpeg,836,521,RGB,train,PNEUMONIA,1.6046065259117082
person1053_bacteria_2987.jpeg,data/train/PNEUMONIA/person1053_bacteria_2987.jpeg,1016,696,L,train,PNEUMONIA,1.4597701149425288
person1054_bacteria_2988.jpeg,data/train/PNEUMONIA/person1054_bacteria_2988.jpeg,1344,1072,L,train,PNEUMONIA,1.2537313432835822
person1055_bacteria_2989.jpeg,data/train/PNEUMONIA/person1055_bacteria_2989.jpeg,1064,880,L,train,PNEUMONIA,1.209090909090909
person1056_bacteria_2990.jpeg,data/train/PNEUMONIA/person1056_bacteria_2990.jpeg,1016,664,L,train,PNEUMONIA,1.5301204819277108
person1056_virus_1755.jpeg,data/train/PNEUMONIA/person1056_virus_1755.jpeg,1816,1184,L,train,PNEUMONIA,1.5337837837837838
person1057_bacteria_2991.jpeg,data/train/PNEUMONIA/person1057_bacteria_2991.jpeg,1400,910,L,train,PNEUMONIA,1.5384615384615385
person1057_virus_1756.jpeg,data/train/PNEUMONIA/person1057_virus_1756.jpeg,1016,664,L,train,PNEUMONIA,1.5301204819277108
person1058_bacteria_2992.jpeg,data/train/PNEUMONIA/person1058_bacteria_2992.jpeg,1112,728,L,train,PNEUMONIA,1.5274725274725274
person1058_virus_1757.jpeg,data/train/PNEUMONIA/person1058_virus_1757.jpeg,1376,952,L,train,PNEUMONIA,1.4453781512605042
person1059_bacteria_2993.jpeg,data/train/PNEUMONIA/person1059_bacteria_2993.jpeg,1088,688,L,train,PNEUMONIA,1.5813953488372092
person1059_virus_1758.jpeg,data/train/PNEUMONIA/person1059_virus_1758.jpeg,936,568,L,train,PNEUMONIA,1.647887323943662
person105_virus_192.jpeg,data/train/PNEUMONIA/person105_virus_192.jpeg,1096,650,L,train,PNEUMONIA,1.6861538461538461
person105_virus_193.jpeg,data/train/PNEUMONIA/person105_virus_193.jpeg,1101,823,L,train,PNEUMONIA,1.3377885783718104
person1060_virus_1760.jpeg,data/train/PNEUMONIA/person1060_virus_1760.jpeg,1312,920,L,train,PNEUMONIA,1.4260869565217391
person1062_bacteria_2996.jpeg,data/train/PNEUMONIA/person1062_bacteria_2996.jpeg,952,800,L,train,PNEUMONIA,1.19
person1062_virus_1762.jpeg,data/train/PNEUMONIA/person1062_virus_1762.jpeg,1104,632,L,train,PNEUMONIA,1.7468354430379747
person1063_bacteria_2997.jpeg,data/train/PNEUMONIA/person1063_bacteria_2997.jpeg,1232,976,L,train,PNEUMONIA,1.2622950819672132
person1063_virus_1765.jpeg,data/train/PNEUMONIA/person1063_virus_1765.jpeg,1072,728,L,train,PNEUMONIA,1.4725274725274726
person1065_bacteria_2999.jpeg,data/train/PNEUMONIA/person1065_bacteria_2999.jpeg,1000,720,L,train,PNEUMONIA,1.3888888888888888
person1065_virus_1768.jpeg,data/train/PNEUMONIA/person1065_virus_1768.jpeg,1344,912,L,train,PNEUMONIA,1.4736842105263157
person1066_bacteria_3000.jpeg,data/train/PNEUMONIA/person1066_bacteria_3000.jpeg,1272,1128,L,train,PNEUMONIA,1.127659574468085
person1066_virus_1769.jpeg,data/train/PNEUMONIA/person1066_virus_1769.jpeg,1392,904,L,train,PNEUMONIA,1.5398230088495575
person1067_bacteria_3001.jpeg,data/train/PNEUMONIA/person1067_bacteria_3001.jpeg,1136,904,L,train,PNEUMONIA,1.2566371681415929
person1067_virus_1770.jpeg,data/train/PNEUMONIA/person1067_virus_1770.jpeg,992,624,L,train,PNEUMONIA,1.5897435897435896
person1068_bacteria_3002.jpeg,data/train/PNEUMONIA/person1068_bacteria_3002.jpeg,1368,1120,L,train,PNEUMONIA,1.2214285714285715
person1068_virus_1771.jpeg,data/train/PNEUMONIA/person1068_virus_1771.jpeg,952,560,L,train,PNEUMONIA,1.7
person1069_bacteria_3003.jpeg,data/train/PNEUMONIA/person1069_bacteria_3003.jpeg,1248,1016,L,train,PNEUMONIA,1.2283464566929134
person1069_virus_1772.jpeg,data/train/PNEUMONIA/person1069_virus_1772.jpeg,1408,792,L,train,PNEUMONIA,1.7777777777777777
person106_virus_194.jpeg,data/train/PNEUMONIA/person106_virus_194.jpeg,1541,881,L,train,PNEUMONIA,1.7491486946651533
person1070_virus_1773.jpeg,data/train/PNEUMONIA/person1070_virus_1773.jpeg,1376,752,L,train,PNEUMONIA,1.8297872340425532
person1071_bacteria_3005.jpeg,data/train/PNEUMONIA/person1071_bacteria_3005.jpeg,1056,840,L,train,PNEUMONIA,1.2571428571428571
person1071_virus_1774.jpeg,data/train/PNEUMONIA/person1071_virus_1774.jpeg,1024,640,L,train,PNEUMONIA,1.6
person1072_bacteria_3006.jpeg,data/train/PNEUMONIA/person1072_bacteria_3006.jpeg,1008,680,L,train,PNEUMONIA,1.4823529411764707
person1072_bacteria_3007.jpeg,data/train/PNEUMONIA/person1072_bacteria_3007.jpeg,1072,664,L,train,PNEUMONIA,1.6144578313253013
person1072_virus_1775.jpeg,data/train/PNEUMONIA/person1072_virus_1775.jpeg,1288,760,L,train,PNEUMONIA,1.694736842105263
person1073_bacteria_3008.jpeg,data/train/PNEUMONIA/person1073_bacteria_3008.jpeg,978,626,RGB,train,PNEUMONIA,1.5623003194888179
person1073_bacteria_3011.jpeg,data/train/PNEUMONIA/person1073_bacteria_3011.jpeg,1016,680,L,train,PNEUMONIA,1.4941176470588236
person1073_virus_1776.jpeg,data/train/PNEUMONIA/person1073_virus_1776.jpeg,1152,736,L,train,PNEUMONIA,1.565217391304348
person1074_bacteria_3012.jpeg,data/train/PNEUMONIA/person1074_bacteria_3012.jpeg,1338,1044,L,train,PNEUMONIA,1.2816091954022988
person1074_bacteria_3014.jpeg,data/train/PNEUMONIA/person1074_bacteria_3014.jpeg,992,520,L,train,PNEUMONIA,1.9076923076923078
person1075_bacteria_3015.jpeg,data/train/PNEUMONIA/person1075_bacteria_3015.jpeg,1690,1267,L,train,PNEUMONIA,1.3338595106550908
person1076_bacteria_3016.jpeg,data/train/PNEUMONIA/person1076_bacteria_3016.jpeg,1292,867,L,train,PNEUMONIA,1.4901960784313726
person1077_bacteria_3017.jpeg,data/train/PNEUMONIA/person1077_bacteria_3017.jpeg,1048,640,L,train,PNEUMONIA,1.6375
person1077_virus_1787.jpeg,data/train/PNEUMONIA/person1077_virus_1787.jpeg,1696,1320,L,train,PNEUMONIA,1.284848484848485
person1078_bacteria_3018.jpeg,data/train/PNEUMONIA/person1078_bacteria_3018.jpeg,1072,840,L,train,PNEUMONIA,1.276190476190476
person1078_virus_1788.jpeg,data/train/PNEUMONIA/person1078_virus_1788.jpeg,1176,704,L,train,PNEUMONIA,1.6704545454545454
person1079_bacteria_3019.jpeg,data/train/PNEUMONIA/person1079_bacteria_3019.jpeg,1248,832,L,train,PNEUMONIA,1.5
person1079_virus_1789.jpeg,data/train/PNEUMONIA/person1079_virus_1789.jpeg,1568,1152,L,train,PNEUMONIA,1.3611111111111112
person107_virus_197.jpeg,data/train/PNEUMONIA/person107_virus_197.jpeg,1616,1024,L,train,PNEUMONIA,1.578125
person1080_bacteria_3020.jpeg,data/train/PNEUMONIA/person1080_bacteria_3020.jpeg,1432,800,L,train,PNEUMONIA,1.79
person1080_virus_1791.jpeg,data/train/PNEUMONIA/person1080_virus_1791.jpeg,1568,1016,L,train,PNEUMONIA,1.5433070866141732
person1081_bacteria_3021.jpeg,data/train/PNEUMONIA/person1081_bacteria_3021.jpeg,944,560,L,train,PNEUMONIA,1.6857142857142857
person1081_virus_1793.jpeg,data/train/PNEUMONIA/person1081_virus_1793.jpeg,976,576,L,train,PNEUMONIA,1.6944444444444444
person1082_bacteria_3022.jpeg,data/train/PNEUMONIA/person1082_bacteria_3022.jpeg,1280,984,L,train,PNEUMONIA,1.3008130081300813
person1082_virus_1794.jpeg,data/train/PNEUMONIA/person1082_virus_1794.jpeg,1232,688,L,train,PNEUMONIA,1.7906976744186047
person1083_bacteria_3023.jpeg,data/train/PNEUMONIA/person1083_bacteria_3023.jpeg,1104,752,L,train,PNEUMONIA,1.4680851063829787
person1083_virus_1795.jpeg,data/train/PNEUMONIA/person1083_virus_1795.jpeg,1152,696,L,train,PNEUMONIA,1.6551724137931034
person1084_bacteria_3024.jpeg,data/train/PNEUMONIA/person1084_bacteria_3024.jpeg,1096,776,L,train,PNEUMONIA,1.4123711340206186
person1084_virus_1796.jpeg,data/train/PNEUMONIA/person1084_virus_1796.jpeg,1544,1080,L,train,PNEUMONIA,1.4296296296296296
person1085_bacteria_3025.jpeg,data/train/PNEUMONIA/person1085_bacteria_3025.jpeg,1080,752,L,train,PNEUMONIA,1.4361702127659575
person1085_virus_1797.jpeg,data/train/PNEUMONIA/person1085_virus_1797.jpeg,1320,776,L,train,PNEUMONIA,1.7010309278350515
person1086_bacteria_3026.jpeg,data/train/PNEUMONIA/person1086_bacteria_3026.jpeg,1468,821,L,train,PNEUMONIA,1.7880633373934227
person1086_virus_1798.jpeg,data/train/PNEUMONIA/person1086_virus_1798.jpeg,1128,728,L,train,PNEUMONIA,1.5494505494505495
person1087_bacteria_3027.jpeg,data/train/PNEUMONIA/person1087_bacteria_3027.jpeg,1160,752,L,train,PNEUMONIA,1.5425531914893618
person1087_virus_1799.jpeg,data/train/PNEUMONIA/person1087_virus_1799.jpeg,904,472,L,train,PNEUMONIA,1.9152542372881356
person1088_bacteria_3028.jpeg,data/train/PNEUMONIA/person1088_bacteria_3028.jpeg,1000,824,L,train,PNEUMONIA,1.2135922330097086
person1088_virus_1800.jpeg,data/train/PNEUMONIA/person1088_virus_1800.jpeg,2080,1736,L,train,PNEUMONIA,1.1981566820276497
person1089_bacteria_3029.jpeg,data/train/PNEUMONIA/person1089_bacteria_3029.jpeg,1136,688,L,train,PNEUMONIA,1.6511627906976745
person1089_virus_1808.jpeg,data/train/PNEUMONIA/person1089_virus_1808.jpeg,1064,576,L,train,PNEUMONIA,1.8472222222222223
person108_virus_199.jpeg,data/train/PNEUMONIA/person108_virus_199.jpeg,2064,1632,L,train,PNEUMONIA,1.2647058823529411
person108_virus_200.jpeg,data/train/PNEUMONIA/person108_virus_200.jpeg,2048,1448,L,train,PNEUMONIA,1.4143646408839778
person108_virus_201.jpeg,data/train/PNEUMONIA/person108_virus_201.jpeg,1968,1688,L,train,PNEUMONIA,1.1658767772511849
person1090_virus_1809.jpeg,data/train/PNEUMONIA/person1090_virus_1809.jpeg,1136,656,L,train,PNEUMONIA,1.7317073170731707
person1091_bacteria_3031.jpeg,data/train/PNEUMONIA/person1091_bacteria_3031.jpeg,1112,784,L,train,PNEUMONIA,1.4183673469387754
person1091_virus_1810.jpeg,data/train/PNEUMONIA/person1091_virus_1810.jpeg,976,512,L,train,PNEUMONIA,1.90625
person1092_bacteria_3032.jpeg,data/train/PNEUMONIA/person1092_bacteria_3032.jpeg,1216,760,L,train,PNEUMONIA,1.6
person1092_virus_1811.jpeg,data/train/PNEUMONIA/person1092_virus_1811.jpeg,1352,960,L,train,PNEUMONIA,1.4083333333333334
person1093_bacteria_3033.jpeg,data/train/PNEUMONIA/person1093_bacteria_3033.jpeg,1208,856,L,train,PNEUMONIA,1.411214953271028
person1094_virus_1814.jpeg,data/train/PNEUMONIA/person1094_virus_1814.jpeg,952,584,L,train,PNEUMONIA,1.63013698630137
person1095_virus_1815.jpeg,data/train/PNEUMONIA/person1095_virus_1815.jpeg,1088,712,L,train,PNEUMONIA,1.5280898876404494
person1096_bacteria_3037.jpeg,data/train/PNEUMONIA/person1096_bacteria_3037.jpeg,1088,672,L,train,PNEUMONIA,1.619047619047619
person1096_virus_1816.jpeg,data/train/PNEUMONIA/person1096_virus_1816.jpeg,1000,608,L,train,PNEUMONIA,1.644736842105263
person1097_bacteria_3038.jpeg,data/train/PNEUMONIA/person1097_bacteria_3038.jpeg,936,792,L,train,PNEUMONIA,1.1818181818181819
person1097_virus_1817.jpeg,data/train/PNEUMONIA/person1097_virus_1817.jpeg,1288,840,L,train,PNEUMONIA,1.5333333333333334
person1098_bacteria_3039.jpeg,data/train/PNEUMONIA/person1098_bacteria_3039.jpeg,1480,1137,L,train,PNEUMONIA,1.3016710642040457
person1098_virus_1818.jpeg,data/train/PNEUMONIA/person1098_virus_1818.jpeg,1000,488,L,train,PNEUMONIA,2.0491803278688523
person1099_bacteria_3040.jpeg,data/train/PNEUMONIA/person1099_bacteria_3040.jpeg,1662,1099,L,train,PNEUMONIA,1.5122838944494996
person1099_virus_1819.jpeg,data/train/PNEUMONIA/person1099_virus_1819.jpeg,759,504,RGB,train,PNEUMONIA,1.505952380952381
person109_virus_203.jpeg,data/train/PNEUMONIA/person109_virus_203.jpeg,1380,844,L,train,PNEUMONIA,1.6350710900473933
person10_bacteria_43.jpeg,data/train/PNEUMONIA/person10_bacteria_43.jpeg,1028,650,L,train,PNEUMONIA,1.5815384615384616
person1100_bacteria_3041.jpeg,data/train/PNEUMONIA/person1100_bacteria_3041.jpeg,1256,816,L,train,PNEUMONIA,1.5392156862745099
person1100_virus_1820.jpeg,data/train/PNEUMONIA/person1100_virus_1820.jpeg,1152,616,L,train,PNEUMONIA,1.87012987012987
person1101_bacteria_3042.jpeg,data/train/PNEUMONIA/person1101_bacteria_3042.jpeg,1072,624,L,train,PNEUMONIA,1.7179487179487178
person1102_bacteria_3043.jpeg,data/train/PNEUMONIA/person1102_bacteria_3043.jpeg,976,616,L,train,PNEUMONIA,1.5844155844155845
person1102_virus_1822.jpeg,data/train/PNEUMONIA/person1102_virus_1822.jpeg,1096,664,L,train,PNEUMONIA,1.6506024096385543
person1103_bacteria_3044.jpeg,data/train/PNEUMONIA/person1103_bacteria_3044.jpeg,1336,848,L,train,PNEUMONIA,1.5754716981132075
person1103_virus_1825.jpeg,data/train/PNEUMONIA/person1103_virus_1825.jpeg,1616,872,L,train,PNEUMONIA,1.853211009174312
person1104_virus_1826.jpeg,data/train/PNEUMONIA/person1104_virus_1826.jpeg,858,522,RGB,train,PNEUMONIA,1.6436781609195403
person1105_bacteria_3046.jpeg,data/train/PNEUMONIA/person1105_bacteria_3046.jpeg,1136,760,L,train,PNEUMONIA,1.4947368421052631
person1106_virus_1829.jpeg,data/train/PNEUMONIA/person1106_virus_1829.jpeg,1624,1208,L,train,PNEUMONIA,1.3443708609271523
person1107_bacteria_3048.jpeg,data/train/PNEUMONIA/person1107_bacteria_3048.jpeg,1482,1044,L,train,PNEUMONIA,1.4195402298850575
person1107_virus_1831.jpeg,data/train/PNEUMONIA/person1107_virus_1831.jpeg,1024,744,L,train,PNEUMONIA,1.3763440860215055
person1107_virus_1832.jpeg,data/train/PNEUMONIA/person1107_virus_1832.jpeg,1392,832,L,train,PNEUMONIA,1.6730769230769231
person1108_bacteria_3049.jpeg,data/train/PNEUMONIA/person1108_bacteria_3049.jpeg,1467,1044,L,train,PNEUMONIA,1.4051724137931034
person1108_virus_1833.jpeg,data/train/PNEUMONIA/person1108_virus_1833.jpeg,869,563,RGB,train,PNEUMONIA,1.5435168738898757
person1109_bacteria_3050.jpeg,data/train/PNEUMONIA/person1109_bacteria_3050.jpeg,1128,752,L,train,PNEUMONIA,1.5
person110_virus_205.jpeg,data/train/PNEUMONIA/person110_virus_205.jpeg,1192,864,L,train,PNEUMONIA,1.3796296296296295
person110_virus_206.jpeg,data/train/PNEUMONIA/person110_virus_206.jpeg,1192,840,L,train,PNEUMONIA,1.4190476190476191
person110_virus_207.jpeg,data/train/PNEUMONIA/person110_virus_207.jpeg,1168,784,L,train,PNEUMONIA,1.489795918367347
person110_virus_208.jpeg,data/train/PNEUMONIA/person110_virus_208.jpeg,1353,835,L,train,PNEUMONIA,1.6203592814371257
person1110_bacteria_3051.jpeg,data/train/PNEUMONIA/person1110_bacteria_3051.jpeg,1232,952,L,train,PNEUMONIA,1.2941176470588236
person1110_virus_1835.jpeg,data/train/PNEUMONIA/person1110_virus_1835.jpeg,1328,784,L,train,PNEUMONIA,1.6938775510204083
person1111_bacteria_3052.jpeg,data/train/PNEUMONIA/person1111_bacteria_3052.jpeg,1192,752,L,train,PNEUMONIA,1.5851063829787233
person1111_virus_1836.jpeg,data/train/PNEUMONIA/person1111_virus_1836.jpeg,1072,664,L,train,PNEUMONIA,1.6144578313253013
person1112_bacteria_3053.jpeg,data/train/PNEUMONIA/person1112_bacteria_3053.jpeg,1224,792,L,train,PNEUMONIA,1.5454545454545454
person1112_virus_1837.jpeg,data/train/PNEUMONIA/person1112_virus_1837.jpeg,1352,792,L,train,PNEUMONIA,1.707070707070707
person1113_virus_1838.jpeg,data/train/PNEUMONIA/person1113_virus_1838.jpeg,1232,712,L,train,PNEUMONIA,1.7303370786516854
person1114_bacteria_3055.jpeg,data/train/PNEUMONIA/person1114_bacteria_3055.jpeg,1218,739,L,train,PNEUMONIA,1.6481732070365358
person1115_bacteria_3056.jpeg,data/train/PNEUMONIA/person1115_bacteria_3056.jpeg,1312,888,L,train,PNEUMONIA,1.4774774774774775
person1115_virus_1840.jpeg,data/train/PNEUMONIA/person1115_virus_1840.jpeg,1072,520,L,train,PNEUMONIA,2.0615384615384613
person1116_virus_1841.jpeg,data/train/PNEUMONIA/person1116_virus_1841.jpeg,1160,760,L,train,PNEUMONIA,1.5263157894736843
person1118_bacteria_3059.jpeg,data/train/PNEUMONIA/person1118_bacteria_3059.jpeg,1056,960,L,train,PNEUMONIA,1.1
person1119_virus_1844.jpeg,data/train/PNEUMONIA/person1119_virus_1844.jpeg,1232,808,L,train,PNEUMONIA,1.5247524752475248
person111_virus_209.jpeg,data/train/PNEUMONIA/person111_virus_209.jpeg,1520,1376,L,train,PNEUMONIA,1.1046511627906976
person111_virus_210.jpeg,data/train/PNEUMONIA/person111_virus_210.jpeg,1568,1504,L,train,PNEUMONIA,1.0425531914893618
person111_virus_212.jpeg,data/train/PNEUMONIA/person111_virus_212.jpeg,1693,1456,L,train,PNEUMONIA,1.1627747252747254
person1120_virus_1845.jpeg,data/train/PNEUMONIA/person1120_virus_1845.jpeg,1104,536,L,train,PNEUMONIA,2.0597014925373136
person1121_virus_1846.jpeg,data/train/PNEUMONIA/person1121_virus_1846.jpeg,1320,736,L,train,PNEUMONIA,1.7934782608695652
person1122_bacteria_3063.jpeg,data/train/PNEUMONIA/person1122_bacteria_3063.jpeg,1820,1153,L,train,PNEUMONIA,1.5784908933217694
person1122_virus_1847.jpeg,data/train/PNEUMONIA/person1122_virus_1847.jpeg,1304,848,L,train,PNEUMONIA,1.5377358490566038
person1123_virus_1848.jpeg,data/train/PNEUMONIA/person1123_virus_1848.jpeg,1208,864,L,train,PNEUMONIA,1.3981481481481481
person1124_bacteria_3065.jpeg,data/train/PNEUMONIA/person1124_bacteria_3065.jpeg,1546,1231,L,train,PNEUMONIA,1.255889520714866
person1124_virus_1851.jpeg,data/train/PNEUMONIA/person1124_virus_1851.jpeg,1520,960,L,train,PNEUMONIA,1.5833333333333333
person1125_bacteria_3066.jpeg,data/train/PNEUMONIA/person1125_bacteria_3066.jpeg,1294,1138,L,train,PNEUMONIA,1.1370826010544814
person1125_virus_1852.jpeg,data/train/PNEUMONIA/person1125_virus_1852.jpeg,1272,952,L,train,PNEUMONIA,1.3361344537815125
person1126_virus_1853.jpeg,data/train/PNEUMONIA/person1126_virus_1853.jpeg,1016,512,L,train,PNEUMONIA,1.984375
person1127_bacteria_3068.jpeg,data/train/PNEUMONIA/person1127_bacteria_3068.jpeg,861,543,RGB,train,PNEUMONIA,1.5856353591160222
person1127_virus_1854.jpeg,data/train/PNEUMONIA/person1127_virus_1854.jpeg,1072,712,L,train,PNEUMONIA,1.5056179775280898
person1128_bacteria_3069.jpeg,data/train/PNEUMONIA/person1128_bacteria_3069.jpeg,920,760,L,train,PNEUMONIA,1.2105263157894737
person1129_bacteria_3070.jpeg,data/train/PNEUMONIA/person1129_bacteria_3070.jpeg,1296,784,L,train,PNEUMONIA,1.653061224489796
person1129_virus_1857.jpeg,data/train/PNEUMONIA/person1129_virus_1857.jpeg,926,628,RGB,train,PNEUMONIA,1.4745222929936306
person112_virus_213.jpeg,data/train/PNEUMONIA/person112_virus_213.jpeg,1746,1270,L,train,PNEUMONIA,1.3748031496062991
person1130_bacteria_3072.jpeg,data/train/PNEUMONIA/person1130_bacteria_3072.jpeg,1616,1208,L,train,PNEUMONIA,1.3377483443708609
person1130_virus_1860.jpeg,data/train/PNEUMONIA/person1130_virus_1860.jpeg,992,496,L,train,PNEUMONIA,2.0
person1131_bacteria_3073.jpeg,data/train/PNEUMONIA/person1131_bacteria_3073.jpeg,720,441,RGB,train,PNEUMONIA,1.6326530612244898
person1132_virus_1863.jpeg,data/train/PNEUMONIA/person1132_virus_1863.jpeg,790,472,RGB,train,PNEUMONIA,1.673728813559322
person1133_bacteria_3075.jpeg,data/train/PNEUMONIA/person1133_bacteria_3075.jpeg,1048,528,L,train,PNEUMONIA,1.9848484848484849
person1133_virus_1865.jpeg,data/train/PNEUMONIA/person1133_virus_1865.jpeg,722,427,RGB,train,PNEUMONIA,1.6908665105386418
person1134_bacteria_3076.jpeg,data/train/PNEUMONIA/person1134_bacteria_3076.jpeg,1008,656,L,train,PNEUMONIA,1.5365853658536586
person1135_bacteria_3077.jpeg,data/train/PNEUMONIA/person1135_bacteria_3077.jpeg,1597,1231,L,train,PNEUMONIA,1.29731925264013
person1136_bacteria_3078.jpeg,data/train/PNEUMONIA/person1136_bacteria_3078.jpeg,896,680,L,train,PNEUMONIA,1.3176470588235294
person1137_virus_1876.jpeg,data/train/PNEUMONIA/person1137_virus_1876.jpeg,1804,1396,L,train,PNEUMONIA,1.2922636103151863
person1138_bacteria_3080.jpeg,data/train/PNEUMONIA/person1138_bacteria_3080.jpeg,1280,792,L,train,PNEUMONIA,1.6161616161616161
person1138_virus_1877.jpeg,data/train/PNEUMONIA/person1138_virus_1877.jpeg,1928,964,L,train,PNEUMONIA,2.0
person1138_virus_1879.jpeg,data/train/PNEUMONIA/person1138_virus_1879.jpeg,1560,792,L,train,PNEUMONIA,1.9696969696969697
person1139_bacteria_3081.jpeg,data/train/PNEUMONIA/person1139_bacteria_3081.jpeg,904,600,L,train,PNEUMONIA,1.5066666666666666
person1139_bacteria_3082.jpeg,data/train/PNEUMONIA/person1139_bacteria_3082.jpeg,856,624,L,train,PNEUMONIA,1.3717948717948718
person1139_virus_1882.jpeg,data/train/PNEUMONIA/person1139_virus_1882.jpeg,1364,805,L,train,PNEUMONIA,1.6944099378881987
person113_virus_215.jpeg,data/train/PNEUMONIA/person113_virus_215.jpeg,960,672,L,train,PNEUMONIA,1.4285714285714286
person113_virus_216.jpeg,data/train/PNEUMONIA/person113_virus_216.jpeg,1072,592,L,train,PNEUMONIA,1.8108108108108107
person1140_bacteria_3083.jpeg,data/train/PNEUMONIA/person1140_bacteria_3083.jpeg,1152,784,L,train,PNEUMONIA,1.469387755102041
person1140_virus_1885.jpeg,data/train/PNEUMONIA/person1140_virus_1885.jpeg,1330,844,L,train,PNEUMONIA,1.5758293838862558
person1141_bacteria_3084.jpeg,data/train/PNEUMONIA/person1141_bacteria_3084.jpeg,992,528,L,train,PNEUMONIA,1.878787878787879
person1141_bacteria_3085.jpeg,data/train/PNEUMONIA/person1141_bacteria_3085.jpeg,952,440,L,train,PNEUMONIA,2.1636363636363636
person1141_virus_1886.jpeg,data/train/PNEUMONIA/person1141_virus_1886.jpeg,1152,712,L,train,PNEUMONIA,1.6179775280898876
person1141_virus_1890.jpeg,data/train/PNEUMONIA/person1141_virus_1890.jpeg,1164,735,L,train,PNEUMONIA,1.583673469387755
person1142_bacteria_3086.jpeg,data/train/PNEUMONIA/person1142_bacteria_3086.jpeg,1870,1605,L,train,PNEUMONIA,1.1651090342679127
person1142_virus_1892.jpeg,data/train/PNEUMONIA/person1142_virus_1892.jpeg,941,609,RGB,train,PNEUMONIA,1.5451559934318555
person1143_virus_1896.jpeg,data/train/PNEUMONIA/person1143_virus_1896.jpeg,928,720,L,train,PNEUMONIA,1.288888888888889
person1143_virus_1897.jpeg,data/train/PNEUMONIA/person1143_virus_1897.jpeg,1168,880,L,train,PNEUMONIA,1.3272727272727274
person1144_bacteria_3089.jpeg,data/train/PNEUMONIA/person1144_bacteria_3089.jpeg,750,440,RGB,train,PNEUMONIA,1.7045454545454546
person1145_bacteria_3090.jpeg,data/train/PNEUMONIA/person1145_bacteria_3090.jpeg,976,672,L,train,PNEUMONIA,1.4523809523809523
person1145_virus_1902.jpeg,data/train/PNEUMONIA/person1145_virus_1902.jpeg,1128,720,L,train,PNEUMONIA,1.5666666666666667
person1145_virus_1905.jpeg,data/train/PNEUMONIA/person1145_virus_1905.jpeg,1056,672,L,train,PNEUMONIA,1.5714285714285714
person1145_virus_1906.jpeg,data/train/PNEUMONIA/person1145_virus_1906.jpeg,1136,840,L,train,PNEUMONIA,1.3523809523809525
person1146_bacteria_3091.jpeg,data/train/PNEUMONIA/person1146_bacteria_3091.jpeg,832,584,L,train,PNEUMONIA,1.4246575342465753
person1147_virus_1917.jpeg,data/train/PNEUMONIA/person1147_virus_1917.jpeg,1624,1944,L,train,PNEUMONIA,0.8353909465020576
person1147_virus_1919.jpeg,data/train/PNEUMONIA/person1147_virus_1919.jpeg,1632,1064,L,train,PNEUMONIA,1.5338345864661653
person1147_virus_1920.jpeg,data/train/PNEUMONIA/person1147_virus_1920.jpeg,1664,832,L,train,PNEUMONIA,2.0
person1149_bacteria_3094.jpeg,data/train/PNEUMONIA/person1149_bacteria_3094.jpeg,1008,712,L,train,PNEUMONIA,1.4157303370786516
person1149_virus_1924.jpeg,data/train/PNEUMONIA/person1149_virus_1924.jpeg,1432,1024,L,train,PNEUMONIA,1.3984375
person1149_virus_1925.jpeg,data/train/PNEUMONIA/person1149_virus_1925.jpeg,1272,882,L,train,PNEUMONIA,1.4421768707482994
person114_virus_217.jpeg,data/train/PNEUMONIA/person114_virus_217.jpeg,1456,896,L,train,PNEUMONIA,1.625
person1150_bacteria_3095.jpeg,data/train/PNEUMONIA/person1150_bacteria_3095.jpeg,1697,1159,L,train,PNEUMONIA,1.4641932700603968
person1151_virus_1928.jpeg,data/train/PNEUMONIA/person1151_virus_1928.jpeg,1604,1462,L,train,PNEUMONIA,1.0971272229822162
person1152_virus_1930.jpeg,data/train/PNEUMONIA/person1152_virus_1930.jpeg,1430,933,L,train,PNEUMONIA,1.532690246516613
person1153_virus_1932.jpeg,data/train/PNEUMONIA/person1153_virus_1932.jpeg,1118,712,L,train,PNEUMONIA,1.5702247191011236
person1154_bacteria_3099.jpeg,data/train/PNEUMONIA/person1154_bacteria_3099.jpeg,1404,1072,L,train,PNEUMONIA,1.3097014925373134
person1154_virus_1933.jpeg,data/train/PNEUMONIA/person1154_virus_1933.jpeg,1574,1164,L,train,PNEUMONIA,1.352233676975945
person1155_bacteria_3100.jpeg,data/train/PNEUMONIA/person1155_bacteria_3100.jpeg,1192,728,L,train,PNEUMONIA,1.6373626373626373
person1155_virus_1934.jpeg,data/train/PNEUMONIA/person1155_virus_1934.jpeg,1078,639,L,train,PNEUMONIA,1.6870109546165883
person1156_bacteria_3101.jpeg,data/train/PNEUMONIA/person1156_bacteria_3101.jpeg,1312,912,L,train,PNEUMONIA,1.4385964912280702
person1156_virus_1935.jpeg,data/train/PNEUMONIA/person1156_virus_1935.jpeg,1458,944,L,train,PNEUMONIA,1.5444915254237288
person1156_virus_1936.jpeg,data/train/PNEUMONIA/person1156_virus_1936.jpeg,1492,990,L,train,PNEUMONIA,1.507070707070707
person1157_bacteria_3102.jpeg,data/train/PNEUMONIA/person1157_bacteria_3102.jpeg,1176,800,L,train,PNEUMONIA,1.47
person1157_virus_1937.jpeg,data/train/PNEUMONIA/person1157_virus_1937.jpeg,1152,720,L,train,PNEUMONIA,1.6
person1158_bacteria_3103.jpeg,data/train/PNEUMONIA/person1158_bacteria_3103.jpeg,1596,1148,L,train,PNEUMONIA,1.3902439024390243
person1158_virus_1938.jpeg,data/train/PNEUMONIA/person1158_virus_1938.jpeg,1334,1006,L,train,PNEUMONIA,1.3260437375745526
person1158_virus_1940.jpeg,data/train/PNEUMONIA/person1158_virus_1940.jpeg,1136,688,L,train,PNEUMONIA,1.6511627906976745
person1158_virus_1941.jpeg,data/train/PNEUMONIA/person1158_virus_1941.jpeg,1234,906,L,train,PNEUMONIA,1.3620309050772628
person1158_virus_1942.jpeg,data/train/PNEUMONIA/person1158_virus_1942.jpeg,1024,672,L,train,PNEUMONIA,1.5238095238095237
person1158_virus_1943.jpeg,data/train/PNEUMONIA/person1158_virus_1943.jpeg,1184,728,L,train,PNEUMONIA,1.6263736263736264
person1159_bacteria_3104.jpeg,data/train/PNEUMONIA/person1159_bacteria_3104.jpeg,968,664,L,train,PNEUMONIA,1.4578313253012047
person1159_virus_1944.jpeg,data/train/PNEUMONIA/person1159_virus_1944.jpeg,1360,920,L,train,PNEUMONIA,1.4782608695652173
person1159_virus_1945.jpeg,data/train/PNEUMONIA/person1159_virus_1945.jpeg,1360,920,L,train,PNEUMONIA,1.4782608695652173
person1159_virus_1946.jpeg,data/train/PNEUMONIA/person1159_virus_1946.jpeg,620,359,RGB,train,PNEUMONIA,1.7270194986072422
person115_virus_218.jpeg,data/train/PNEUMONIA/person115_virus_218.jpeg,1568,1192,L,train,PNEUMONIA,1.3154362416107384
person115_virus_219.jpeg,data/train/PNEUMONIA/person115_virus_219.jpeg,1712,1048,L,train,PNEUMONIA,1.633587786259542
person1160_bacteria_3105.jpeg,data/train/PNEUMONIA/person1160_bacteria_3105.jpeg,912,480,L,train,PNEUMONIA,1.9
person1160_virus_1947.jpeg,data/train/PNEUMONIA/person1160_virus_1947.jpeg,1056,643,L,train,PNEUMONIA,1.6423017107309488
person1161_virus_1948.jpeg,data/train/PNEUMONIA/person1161_virus_1948.jpeg,1418,1010,L,train,PNEUMONIA,1.4039603960396039
person1162_bacteria_3107.jpeg,data/train/PNEUMONIA/person1162_bacteria_3107.jpeg,1218,767,L,train,PNEUMONIA,1.5880052151238593
person1162_virus_1949.jpeg,data/train/PNEUMONIA/person1162_virus_1949.jpeg,1148,689,L,train,PNEUMONIA,1.6661828737300435
person1162_virus_1950.jpeg,data/train/PNEUMONIA/person1162_virus_1950.jpeg,1056,642,L,train,PNEUMONIA,1.644859813084112
person1163_virus_1951.jpeg,data/train/PNEUMONIA/person1163_virus_1951.jpeg,1468,913,L,train,PNEUMONIA,1.6078860898138008
person1164_bacteria_3110.jpeg,data/train/PNEUMONIA/person1164_bacteria_3110.jpeg,1362,844,L,train,PNEUMONIA,1.613744075829384
person1164_virus_1952.jpeg,data/train/PNEUMONIA/person1164_virus_1952.jpeg,1472,960,L,train,PNEUMONIA,1.5333333333333334
person1164_virus_1955.jpeg,data/train/PNEUMONIA/person1164_virus_1955.jpeg,1392,1016,L,train,PNEUMONIA,1.3700787401574803
person1164_virus_1956.jpeg,data/train/PNEUMONIA/person1164_virus_1956.jpeg,1480,1392,L,train,PNEUMONIA,1.0632183908045978
person1164_virus_1957.jpeg,data/train/PNEUMONIA/person1164_virus_1957.jpeg,1512,1088,L,train,PNEUMONIA,1.3897058823529411
person1164_virus_1958.jpeg,data/train/PNEUMONIA/person1164_virus_1958.jpeg,1778,1380,L,train,PNEUMONIA,1.2884057971014493
person1165_bacteria_3111.jpeg,data/train/PNEUMONIA/person1165_bacteria_3111.jpeg,1478,928,L,train,PNEUMONIA,1.5926724137931034
person1165_virus_1959.jpeg,data/train/PNEUMONIA/person1165_virus_1959.jpeg,923,586,RGB,train,PNEUMONIA,1.575085324232082
person1167_bacteria_3113.jpeg,data/train/PNEUMONIA/person1167_bacteria_3113.jpeg,790,519,RGB,train,PNEUMONIA,1.5221579961464355
person1168_bacteria_3114.jpeg,data/train/PNEUMONIA/person1168_bacteria_3114.jpeg,1216,872,L,train,PNEUMONIA,1.3944954128440368
person1168_bacteria_3115.jpeg,data/train/PNEUMONIA/person1168_bacteria_3115.jpeg,1104,744,L,train,PNEUMONIA,1.4838709677419355
person1168_virus_1965.jpeg,data/train/PNEUMONIA/person1168_virus_1965.jpeg,1015,607,RGB,train,PNEUMONIA,1.672158154859967
person1168_virus_1966.jpeg,data/train/PNEUMONIA/person1168_virus_1966.jpeg,960,664,L,train,PNEUMONIA,1.4457831325301205
person1169_virus_1968.jpeg,data/train/PNEUMONIA/person1169_virus_1968.jpeg,1192,856,L,train,PNEUMONIA,1.3925233644859814
person116_virus_221.jpeg,data/train/PNEUMONIA/person116_virus_221.jpeg,1728,1168,L,train,PNEUMONIA,1.4794520547945205
person1170_bacteria_3117.jpeg,data/train/PNEUMONIA/person1170_bacteria_3117.jpeg,1064,952,L,train,PNEUMONIA,1.1176470588235294
person1170_virus_1969.jpeg,data/train/PNEUMONIA/person1170_virus_1969.jpeg,937,515,RGB,train,PNEUMONIA,1.8194174757281554
person1170_virus_1970.jpeg,data/train/PNEUMONIA/person1170_virus_1970.jpeg,828,525,RGB,train,PNEUMONIA,1.5771428571428572
person1171_bacteria_3118.jpeg,data/train/PNEUMONIA/person1171_bacteria_3118.jpeg,1040,627,L,train,PNEUMONIA,1.6586921850079746
person1172_bacteria_3119.jpeg,data/train/PNEUMONIA/person1172_bacteria_3119.jpeg,1456,1112,L,train,PNEUMONIA,1.3093525179856116
person1172_virus_1977.jpeg,data/train/PNEUMONIA/person1172_virus_1977.jpeg,1592,1384,L,train,PNEUMONIA,1.1502890173410405
person1173_virus_1978.jpeg,data/train/PNEUMONIA/person1173_virus_1978.jpeg,1650,978,L,train,PNEUMONIA,1.687116564417178
person1174_virus_1980.jpeg,data/train/PNEUMONIA/person1174_virus_1980.jpeg,1272,848,L,train,PNEUMONIA,1.5
person1175_bacteria_3122.jpeg,data/train/PNEUMONIA/person1175_bacteria_3122.jpeg,1310,928,L,train,PNEUMONIA,1.4116379310344827
person1175_virus_1981.jpeg,data/train/PNEUMONIA/person1175_virus_1981.jpeg,1794,1176,L,train,PNEUMONIA,1.5255102040816326
person1176_bacteria_3123.jpeg,data/train/PNEUMONIA/person1176_bacteria_3123.jpeg,1064,856,L,train,PNEUMONIA,1.2429906542056075
person1176_bacteria_3124.jpeg,data/train/PNEUMONIA/person1176_bacteria_3124.jpeg,1096,832,L,train,PNEUMONIA,1.3173076923076923
person1176_virus_1996.jpeg,data/train/PNEUMONIA/person1176_virus_1996.jpeg,1032,768,L,train,PNEUMONIA,1.34375
person1176_virus_1997.jpeg,data/train/PNEUMONIA/person1176_virus_1997.jpeg,1080,752,L,train,PNEUMONIA,1.4361702127659575
person1176_virus_1998.jpeg,data/train/PNEUMONIA/person1176_virus_1998.jpeg,952,664,L,train,PNEUMONIA,1.4337349397590362
person1177_bacteria_3125.jpeg,data/train/PNEUMONIA/person1177_bacteria_3125.jpeg,1032,744,L,train,PNEUMONIA,1.3870967741935485
person1177_virus_1999.jpeg,data/train/PNEUMONIA/person1177_virus_1999.jpeg,763,440,RGB,train,PNEUMONIA,1.7340909090909091
person1177_virus_2000.jpeg,data/train/PNEUMONIA/person1177_virus_2000.jpeg,1088,608,L,train,PNEUMONIA,1.7894736842105263
person1177_virus_2001.jpeg,data/train/PNEUMONIA/person1177_virus_2001.jpeg,862,528,RGB,train,PNEUMONIA,1.6325757575757576
person1177_virus_2002.jpeg,data/train/PNEUMONIA/person1177_virus_2002.jpeg,692,383,RGB,train,PNEUMONIA,1.8067885117493472
person1178_bacteria_3126.jpeg,data/train/PNEUMONIA/person1178_bacteria_3126.jpeg,1152,720,L,train,PNEUMONIA,1.6
person1178_virus_2004.jpeg,data/train/PNEUMONIA/person1178_virus_2004.jpeg,1516,910,L,train,PNEUMONIA,1.665934065934066
person1179_bacteria_3127.jpeg,data/train/PNEUMONIA/person1179_bacteria_3127.jpeg,1430,963,L,train,PNEUMONIA,1.4849428868120458
person1179_virus_2006.jpeg,data/train/PNEUMONIA/person1179_virus_2006.jpeg,1226,624,L,train,PNEUMONIA,1.9647435897435896
person117_virus_223.jpeg,data/train/PNEUMONIA/person117_virus_223.jpeg,1568,968,L,train,PNEUMONIA,1.6198347107438016
person1180_bacteria_3128.jpeg,data/train/PNEUMONIA/person1180_bacteria_3128.jpeg,960,696,L,train,PNEUMONIA,1.3793103448275863
person1180_virus_2007.jpeg,data/train/PNEUMONIA/person1180_virus_2007.jpeg,1048,696,L,train,PNEUMONIA,1.5057471264367817
person1180_virus_2008.jpeg,data/train/PNEUMONIA/person1180_virus_2008.jpeg,952,544,L,train,PNEUMONIA,1.75
person1180_virus_2009.jpeg,data/train/PNEUMONIA/person1180_virus_2009.jpeg,928,584,L,train,PNEUMONIA,1.5890410958904109
person1180_virus_2010.jpeg,data/train/PNEUMONIA/person1180_virus_2010.jpeg,1024,712,L,train,PNEUMONIA,1.4382022471910112
person1180_virus_2011.jpeg,data/train/PNEUMONIA/person1180_virus_2011.jpeg,936,592,L,train,PNEUMONIA,1.5810810810810811
person1180_virus_2012.jpeg,data/train/PNEUMONIA/person1180_virus_2012.jpeg,968,744,L,train,PNEUMONIA,1.3010752688172043
person1180_virus_2013.jpeg,data/train/PNEUMONIA/person1180_virus_2013.jpeg,920,744,L,train,PNEUMONIA,1.2365591397849462
person1180_virus_2014.jpeg,data/train/PNEUMONIA/person1180_virus_2014.jpeg,952,672,L,train,PNEUMONIA,1.4166666666666667
person1180_virus_2015.jpeg,data/train/PNEUMONIA/person1180_virus_2015.jpeg,1086,898,L,train,PNEUMONIA,1.2093541202672606
person1181_bacteria_3129.jpeg,data/train/PNEUMONIA/person1181_bacteria_3129.jpeg,1928,1349,L,train,PNEUMONIA,1.4292068198665677
person1181_virus_2016.jpeg,data/train/PNEUMONIA/person1181_virus_2016.jpeg,1664,1096,L,train,PNEUMONIA,1.5182481751824817
person1182_virus_2017.jpeg,data/train/PNEUMONIA/person1182_virus_2017.jpeg,1098,863,L,train,PNEUMONIA,1.272305909617613
person1183_bacteria_3131.jpeg,data/train/PNEUMONIA/person1183_bacteria_3131.jpeg,1550,955,L,train,PNEUMONIA,1.6230366492146597
person1183_virus_2018.jpeg,data/train/PNEUMONIA/person1183_virus_2018.jpeg,1574,1071,L,train,PNEUMONIA,1.469654528478058
person1184_bacteria_3132.jpeg,data/train/PNEUMONIA/person1184_bacteria_3132.jpeg,1016,608,L,train,PNEUMONIA,1.6710526315789473
person1184_virus_2019.jpeg,data/train/PNEUMONIA/person1184_virus_2019.jpeg,1592,1481,L,train,PNEUMONIA,1.074949358541526
person1185_bacteria_3133.jpeg,data/train/PNEUMONIA/person1185_bacteria_3133.jpeg,1160,800,L,train,PNEUMONIA,1.45
person1186_bacteria_3134.jpeg,data/train/PNEUMONIA/person1186_bacteria_3134.jpeg,1666,1276,L,train,PNEUMONIA,1.3056426332288402
person1186_bacteria_3135.jpeg,data/train/PNEUMONIA/person1186_bacteria_3135.jpeg,1168,808,L,train,PNEUMONIA,1.4455445544554455
person1186_virus_2021.jpeg,data/train/PNEUMONIA/person1186_virus_2021.jpeg,925,635,RGB,train,PNEUMONIA,1.4566929133858268
person1186_virus_2022.jpeg,data/train/PNEUMONIA/person1186_virus_2022.jpeg,1072,640,L,train,PNEUMONIA,1.675
person1187_bacteria_3136.jpeg,data/train/PNEUMONIA/person1187_bacteria_3136.jpeg,992,736,L,train,PNEUMONIA,1.3478260869565217
person1187_virus_2023.jpeg,data/train/PNEUMONIA/person1187_virus_2023.jpeg,1832,1048,L,train,PNEUMONIA,1.748091603053435
person1188_bacteria_3137.jpeg,data/train/PNEUMONIA/person1188_bacteria_3137.jpeg,976,624,L,train,PNEUMONIA,1.564102564102564
person1188_virus_2024.jpeg,data/train/PNEUMONIA/person1188_virus_2024.jpeg,1248,1048,L,train,PNEUMONIA,1.1908396946564885
person118_virus_224.jpeg,data/train/PNEUMONIA/person118_virus_224.jpeg,1256,784,L,train,PNEUMONIA,1.6020408163265305
person1190_virus_2031.jpeg,data/train/PNEUMONIA/person1190_virus_2031.jpeg,2206,1720,L,train,PNEUMONIA,1.2825581395348837
person1191_virus_2032.jpeg,data/train/PNEUMONIA/person1191_virus_2032.jpeg,1704,1234,L,train,PNEUMONIA,1.380875202593193
person1192_bacteria_3141.jpeg,data/train/PNEUMONIA/person1192_bacteria_3141.jpeg,1160,929,L,train,PNEUMONIA,1.248654467168999
person1193_virus_2034.jpeg,data/train/PNEUMONIA/person1193_virus_2034.jpeg,989,651,RGB,train,PNEUMONIA,1.5192012288786483
person1194_bacteria_3143.jpeg,data/train/PNEUMONIA/person1194_bacteria_3143.jpeg,1008,584,L,train,PNEUMONIA,1.726027397260274
person1195_bacteria_3144.jpeg,data/train/PNEUMONIA/person1195_bacteria_3144.jpeg,1096,680,L,train,PNEUMONIA,1.611764705882353
person1196_bacteria_3146.jpeg,data/train/PNEUMONIA/person1196_bacteria_3146.jpeg,1832,1224,L,train,PNEUMONIA,1.4967320261437909
person1197_bacteria_3147.jpeg,data/train/PNEUMONIA/person1197_bacteria_3147.jpeg,1216,768,L,train,PNEUMONIA,1.5833333333333333
person1197_virus_2039.jpeg,data/train/PNEUMONIA/person1197_virus_2039.jpeg,1010,562,RGB,train,PNEUMONIA,1.7971530249110321
person1198_bacteria_3148.jpeg,data/train/PNEUMONIA/person1198_bacteria_3148.jpeg,1128,704,L,train,PNEUMONIA,1.6022727272727273
person1199_bacteria_3149.jpeg,data/train/PNEUMONIA/person1199_bacteria_3149.jpeg,1628,1442,L,train,PNEUMONIA,1.1289875173370318
person119_virus_225.jpeg,data/train/PNEUMONIA/person119_virus_225.jpeg,920,512,L,train,PNEUMONIA,1.796875
person11_bacteria_45.jpeg,data/train/PNEUMONIA/person11_bacteria_45.jpeg,856,485,RGB,train,PNEUMONIA,1.7649484536082474
person1200_virus_2042.jpeg,data/train/PNEUMONIA/person1200_virus_2042.jpeg,1576,1176,L,train,PNEUMONIA,1.3401360544217686
person1201_bacteria_3151.jpeg,data/train/PNEUMONIA/person1201_bacteria_3151.jpeg,846,539,RGB,train,PNEUMONIA,1.5695732838589982
person1202_bacteria_3152.jpeg,data/train/PNEUMONIA/person1202_bacteria_3152.jpeg,1008,800,L,train,PNEUMONIA,1.26
person1202_bacteria_3153.jpeg,data/train/PNEUMONIA/person1202_bacteria_3153.jpeg,920,640,L,train,PNEUMONIA,1.4375
person1202_virus_2045.jpeg,data/train/PNEUMONIA/person1202_virus_2045.jpeg,1408,968,L,train,PNEUMONIA,1.4545454545454546
person1203_bacteria_3154.jpeg,data/train/PNEUMONIA/person1203_bacteria_3154.jpeg,1040,720,L,train,PNEUMONIA,1.4444444444444444
person1203_bacteria_3155.jpeg,data/train/PNEUMONIA/person1203_bacteria_3155.jpeg,713,353,RGB,train,PNEUMONIA,2.0198300283286117
person1204_bacteria_3156.jpeg,data/train/PNEUMONIA/person1204_bacteria_3156.jpeg,1280,808,L,train,PNEUMONIA,1.5841584158415842
person1205_bacteria_3157.jpeg,data/train/PNEUMONIA/person1205_bacteria_3157.jpeg,1508,933,L,train,PNEUMONIA,1.6162915326902465
person1206_bacteria_3158.jpeg,data/train/PNEUMONIA/person1206_bacteria_3158.jpeg,1096,656,L,train,PNEUMONIA,1.670731707317073
person1206_virus_2051.jpeg,data/train/PNEUMONIA/person1206_virus_2051.jpeg,1160,1024,L,train,PNEUMONIA,1.1328125
person1207_bacteria_3159.jpeg,data/train/PNEUMONIA/person1207_bacteria_3159.jpeg,1008,688,L,train,PNEUMONIA,1.4651162790697674
person1208_bacteria_3160.jpeg,data/train/PNEUMONIA/person1208_bacteria_3160.jpeg,1750,1334,L,train,PNEUMONIA,1.3118440779610194
person1209_bacteria_3161.jpeg,data/train/PNEUMONIA/person1209_bacteria_3161.jpeg,1576,1376,L,train,PNEUMONIA,1.1453488372093024
person120_virus_226.jpeg,data/train/PNEUMONIA/person120_virus_226.jpeg,1680,1336,L,train,PNEUMONIA,1.2574850299401197
person1211_bacteria_3163.jpeg,data/train/PNEUMONIA/person1211_bacteria_3163.jpeg,1368,1141,L,train,PNEUMONIA,1.1989482909728308
person1211_virus_2056.jpeg,data/train/PNEUMONIA/person1211_virus_2056.jpeg,1525,1073,L,train,PNEUMONIA,1.4212488350419386
person1212_bacteria_3164.jpeg,data/train/PNEUMONIA/person1212_bacteria_3164.jpeg,1000,624,L,train,PNEUMONIA,1.6025641025641026
person1212_virus_2057.jpeg,data/train/PNEUMONIA/person1212_virus_2057.jpeg,1368,912,L,train,PNEUMONIA,1.5
person1213_virus_2058.jpeg,data/train/PNEUMONIA/person1213_virus_2058.jpeg,1208,656,L,train,PNEUMONIA,1.8414634146341464
person1214_bacteria_3166.jpeg,data/train/PNEUMONIA/person1214_bacteria_3166.jpeg,1816,1110,L,train,PNEUMONIA,1.636036036036036
person1214_virus_2059.jpeg,data/train/PNEUMONIA/person1214_virus_2059.jpeg,1160,856,L,train,PNEUMONIA,1.355140186915888
person1215_bacteria_3167.jpeg,data/train/PNEUMONIA/person1215_bacteria_3167.jpeg,1264,848,L,train,PNEUMONIA,1.490566037735849
person1216_bacteria_3168.jpeg,data/train/PNEUMONIA/person1216_bacteria_3168.jpeg,1827,1044,L,train,PNEUMONIA,1.75
person1216_virus_2062.jpeg,data/train/PNEUMONIA/person1216_virus_2062.jpeg,1216,880,L,train,PNEUMONIA,1.3818181818181818
person1217_bacteria_3169.jpeg,data/train/PNEUMONIA/person1217_bacteria_3169.jpeg,880,576,L,train,PNEUMONIA,1.5277777777777777
person1217_virus_2063.jpeg,data/train/PNEUMONIA/person1217_virus_2063.jpeg,1080,728,L,train,PNEUMONIA,1.4835164835164836
person1218_bacteria_3171.jpeg,data/train/PNEUMONIA/person1218_bacteria_3171.jpeg,1280,768,L,train,PNEUMONIA,1.6666666666666667
person1218_virus_2066.jpeg,data/train/PNEUMONIA/person1218_virus_2066.jpeg,1392,888,L,train,PNEUMONIA,1.5675675675675675
person1219_bacteria_3172.jpeg,data/train/PNEUMONIA/person1219_bacteria_3172.jpeg,1132,825,L,train,PNEUMONIA,1.372121212121212
person1219_virus_2067.jpeg,data/train/PNEUMONIA/person1219_virus_2067.jpeg,1288,768,L,train,PNEUMONIA,1.6770833333333333
person1220_bacteria_3173.jpeg,data/train/PNEUMONIA/person1220_bacteria_3173.jpeg,976,728,L,train,PNEUMONIA,1.3406593406593406
person1220_bacteria_3174.jpeg,data/train/PNEUMONIA/person1220_bacteria_3174.jpeg,984,520,L,train,PNEUMONIA,1.8923076923076922
person1220_virus_2068.jpeg,data/train/PNEUMONIA/person1220_virus_2068.jpeg,877,531,RGB,train,PNEUMONIA,1.6516007532956685
person1222_bacteria_3177.jpeg,data/train/PNEUMONIA/person1222_bacteria_3177.jpeg,1192,712,L,train,PNEUMONIA,1.6741573033707866
person1222_virus_2071.jpeg,data/train/PNEUMONIA/person1222_virus_2071.jpeg,1288,728,L,train,PNEUMONIA,1.7692307692307692
person1223_bacteria_3178.jpeg,data/train/PNEUMONIA/person1223_bacteria_3178.jpeg,1272,936,L,train,PNEUMONIA,1.358974358974359
person1223_virus_2073.jpeg,data/train/PNEUMONIA/person1223_virus_2073.jpeg,1024,584,L,train,PNEUMONIA,1.7534246575342465
person1224_virus_2074.jpeg,data/train/PNEUMONIA/person1224_virus_2074.jpeg,1320,752,L,train,PNEUMONIA,1.7553191489361701
person1225_bacteria_3180.jpeg,data/train/PNEUMONIA/person1225_bacteria_3180.jpeg,1350,855,L,train,PNEUMONIA,1.5789473684210527
person1225_virus_2076.jpeg,data/train/PNEUMONIA/person1225_virus_2076.jpeg,1232,728,L,train,PNEUMONIA,1.6923076923076923
person1226_virus_2077.jpeg,data/train/PNEUMONIA/person1226_virus_2077.jpeg,1152,672,L,train,PNEUMONIA,1.7142857142857142
person1227_bacteria_3182.jpeg,data/train/PNEUMONIA/person1227_bacteria_3182.jpeg,1798,1130,L,train,PNEUMONIA,1.5911504424778762
person1227_virus_2078.jpeg,data/train/PNEUMONIA/person1227_virus_2078.jpeg,1640,1304,L,train,PNEUMONIA,1.2576687116564418
person1228_bacteria_3183.jpeg,data/train/PNEUMONIA/person1228_bacteria_3183.jpeg,1136,648,L,train,PNEUMONIA,1.7530864197530864
person1228_virus_2079.jpeg,data/train/PNEUMONIA/person1228_virus_2079.jpeg,1000,600,L,train,PNEUMONIA,1.6666666666666667
person1229_virus_2080.jpeg,data/train/PNEUMONIA/person1229_virus_2080.jpeg,1160,824,L,train,PNEUMONIA,1.4077669902912622
person122_virus_229.jpeg,data/train/PNEUMONIA/person122_virus_229.jpeg,1080,752,L,train,PNEUMONIA,1.4361702127659575
person1230_bacteria_3185.jpeg,data/train/PNEUMONIA/person1230_bacteria_3185.jpeg,880,584,L,train,PNEUMONIA,1.5068493150684932
person1230_virus_2081.jpeg,data/train/PNEUMONIA/person1230_virus_2081.jpeg,1424,1016,L,train,PNEUMONIA,1.4015748031496063
person1231_bacteria_3186.jpeg,data/train/PNEUMONIA/person1231_bacteria_3186.jpeg,992,592,L,train,PNEUMONIA,1.6756756756756757
person1231_virus_2088.jpeg,data/train/PNEUMONIA/person1231_virus_2088.jpeg,1704,1288,L,train,PNEUMONIA,1.3229813664596273
person1232_virus_2089.jpeg,data/train/PNEUMONIA/person1232_virus_2089.jpeg,1192,776,L,train,PNEUMONIA,1.5360824742268042
person1233_bacteria_3188.jpeg,data/train/PNEUMONIA/person1233_bacteria_3188.jpeg,1320,1016,L,train,PNEUMONIA,1.2992125984251968
person1233_virus_2090.jpeg,data/train/PNEUMONIA/person1233_virus_2090.jpeg,1224,656,L,train,PNEUMONIA,1.8658536585365855
person1234_bacteria_3189.jpeg,data/train/PNEUMONIA/person1234_bacteria_3189.jpeg,1040,680,L,train,PNEUMONIA,1.5294117647058822
person1234_bacteria_3190.jpeg,data/train/PNEUMONIA/person1234_bacteria_3190.jpeg,936,584,L,train,PNEUMONIA,1.6027397260273972
person1234_virus_2093.jpeg,data/train/PNEUMONIA/person1234_virus_2093.jpeg,1576,944,L,train,PNEUMONIA,1.6694915254237288
person1235_bacteria_3191.jpeg,data/train/PNEUMONIA/person1235_bacteria_3191.jpeg,1232,1088,L,train,PNEUMONIA,1.1323529411764706
person1235_virus_2095.jpeg,data/train/PNEUMONIA/person1235_virus_2095.jpeg,1216,680,L,train,PNEUMONIA,1.7882352941176471
person1236_bacteria_3192.jpeg,data/train/PNEUMONIA/person1236_bacteria_3192.jpeg,888,584,L,train,PNEUMONIA,1.5205479452054795
person1236_virus_2096.jpeg,data/train/PNEUMONIA/person1236_virus_2096.jpeg,1360,952,L,train,PNEUMONIA,1.4285714285714286
person1237_bacteria_3193.jpeg,data/train/PNEUMONIA/person1237_bacteria_3193.jpeg,904,576,L,train,PNEUMONIA,1.5694444444444444
person1237_virus_2097.jpeg,data/train/PNEUMONIA/person1237_virus_2097.jpeg,1224,584,L,train,PNEUMONIA,2.095890410958904
person1238_bacteria_3194.jpeg,data/train/PNEUMONIA/person1238_bacteria_3194.jpeg,904,608,L,train,PNEUMONIA,1.486842105263158
person1238_virus_2098.jpeg,data/train/PNEUMONIA/person1238_virus_2098.jpeg,1168,608,L,train,PNEUMONIA,1.9210526315789473
person1239_bacteria_3195.jpeg,data/train/PNEUMONIA/person1239_bacteria_3195.jpeg,848,648,L,train,PNEUMONIA,1.308641975308642
person1239_virus_2099.jpeg,data/train/PNEUMONIA/person1239_virus_2099.jpeg,1440,928,L,train,PNEUMONIA,1.5517241379310345
person123_virus_230.jpeg,data/train/PNEUMONIA/person123_virus_230.jpeg,1216,752,L,train,PNEUMONIA,1.6170212765957446
person1240_bacteria_3196.jpeg,data/train/PNEUMONIA/person1240_bacteria_3196.jpeg,869,553,RGB,train,PNEUMONIA,1.5714285714285714
person1241_bacteria_3197.jpeg,data/train/PNEUMONIA/person1241_bacteria_3197.jpeg,992,592,L,train,PNEUMONIA,1.6756756756756757
person1241_virus_2106.jpeg,data/train/PNEUMONIA/person1241_virus_2106.jpeg,1056,632,L,train,PNEUMONIA,1.6708860759493671
person1242_bacteria_3198.jpeg,data/train/PNEUMONIA/person1242_bacteria_3198.jpeg,1546,1210,L,train,PNEUMONIA,1.2776859504132232
person1242_virus_2108.jpeg,data/train/PNEUMONIA/person1242_virus_2108.jpeg,1168,608,L,train,PNEUMONIA,1.9210526315789473
person1242_virus_2109.jpeg,data/train/PNEUMONIA/person1242_virus_2109.jpeg,1120,592,L,train,PNEUMONIA,1.8918918918918919
person1243_bacteria_3199.jpeg,data/train/PNEUMONIA/person1243_bacteria_3199.jpeg,1633,1080,L,train,PNEUMONIA,1.512037037037037
person1243_virus_2110.jpeg,data/train/PNEUMONIA/person1243_virus_2110.jpeg,1312,1024,L,train,PNEUMONIA,1.28125
person1244_bacteria_3200.jpeg,data/train/PNEUMONIA/person1244_bacteria_3200.jpeg,1260,770,L,train,PNEUMONIA,1.6363636363636365
person1244_virus_2111.jpeg,data/train/PNEUMONIA/person1244_virus_2111.jpeg,1248,816,L,train,PNEUMONIA,1.5294117647058822
person1246_bacteria_3202.jpeg,data/train/PNEUMONIA/person1246_bacteria_3202.jpeg,1048,632,L,train,PNEUMONIA,1.6582278481012658
person1247_bacteria_3203.jpeg,data/train/PNEUMONIA/person1247_bacteria_3203.jpeg,1000,536,L,train,PNEUMONIA,1.8656716417910448
person1247_virus_2115.jpeg,data/train/PNEUMONIA/person1247_virus_2115.jpeg,1232,808,L,train,PNEUMONIA,1.5247524752475248
person1248_bacteria_3204.jpeg,data/train/PNEUMONIA/person1248_bacteria_3204.jpeg,1064,632,L,train,PNEUMONIA,1.6835443037974684
person1248_virus_2117.jpeg,data/train/PNEUMONIA/person1248_virus_2117.jpeg,1088,800,L,train,PNEUMONIA,1.36
person1249_bacteria_3205.jpeg,data/train/PNEUMONIA/person1249_bacteria_3205.jpeg,1064,544,L,train,PNEUMONIA,1.9558823529411764
person1249_virus_2118.jpeg,data/train/PNEUMONIA/person1249_virus_2118.jpeg,1664,1264,L,train,PNEUMONIA,1.3164556962025316
person124_virus_231.jpeg,data/train/PNEUMONIA/person124_virus_231.jpeg,1360,1208,L,train,PNEUMONIA,1.1258278145695364
person124_virus_233.jpeg,data/train/PNEUMONIA/person124_virus_233.jpeg,1352,1080,L,train,PNEUMONIA,1.2518518518518518
person124_virus_234.jpeg,data/train/PNEUMONIA/person124_virus_234.jpeg,1536,1192,L,train,PNEUMONIA,1.2885906040268456
person124_virus_236.jpeg,data/train/PNEUMONIA/person124_virus_236.jpeg,1448,1112,L,train,PNEUMONIA,1.3021582733812949
person124_virus_237.jpeg,data/train/PNEUMONIA/person124_virus_237.jpeg,1336,992,L,train,PNEUMONIA,1.346774193548387
person124_virus_238.jpeg,data/train/PNEUMONIA/person124_virus_238.jpeg,1336,1256,L,train,PNEUMONIA,1.0636942675159236
person124_virus_239.jpeg,data/train/PNEUMONIA/person124_virus_239.jpeg,1328,1224,L,train,PNEUMONIA,1.0849673202614378
person124_virus_240.jpeg,data/train/PNEUMONIA/person124_virus_240.jpeg,1328,1136,L,train,PNEUMONIA,1.1690140845070423
person124_virus_242.jpeg,data/train/PNEUMONIA/person124_virus_242.jpeg,1416,1072,L,train,PNEUMONIA,1.3208955223880596
person124_virus_244.jpeg,data/train/PNEUMONIA/person124_virus_244.jpeg,1416,864,L,train,PNEUMONIA,1.6388888888888888
person124_virus_245.jpeg,data/train/PNEUMONIA/person124_virus_245.jpeg,1184,1048,L,train,PNEUMONIA,1.1297709923664123
person124_virus_246.jpeg,data/train/PNEUMONIA/person124_virus_246.jpeg,1296,888,L,train,PNEUMONIA,1.4594594594594594
person124_virus_247.jpeg,data/train/PNEUMONIA/person124_virus_247.jpeg,1296,888,L,train,PNEUMONIA,1.4594594594594594
person124_virus_249.jpeg,data/train/PNEUMONIA/person124_virus_249.jpeg,1224,952,L,train,PNEUMONIA,1.2857142857142858
person124_virus_250.jpeg,data/train/PNEUMONIA/person124_virus_250.jpeg,1304,968,L,train,PNEUMONIA,1.3471074380165289
person124_virus_251.jpeg,data/train/PNEUMONIA/person124_virus_251.jpeg,1472,1024,L,train,PNEUMONIA,1.4375
person1250_bacteria_3207.jpeg,data/train/PNEUMONIA/person1250_bacteria_3207.jpeg,904,416,L,train,PNEUMONIA,2.173076923076923
person1251_bacteria_3208.jpeg,data/train/PNEUMONIA/person1251_bacteria_3208.jpeg,1940,1816,L,train,PNEUMONIA,1.0682819383259912
person1252_bacteria_3209.jpeg,data/train/PNEUMONIA/person1252_bacteria_3209.jpeg,1008,528,L,train,PNEUMONIA,1.9090909090909092
person1252_virus_2124.jpeg,data/train/PNEUMONIA/person1252_virus_2124.jpeg,1328,1152,L,train,PNEUMONIA,1.1527777777777777
person1253_bacteria_3211.jpeg,data/train/PNEUMONIA/person1253_bacteria_3211.jpeg,711,537,RGB,train,PNEUMONIA,1.324022346368715
person1253_virus_2129.jpeg,data/train/PNEUMONIA/person1253_virus_2129.jpeg,1064,632,L,train,PNEUMONIA,1.6835443037974684
person1254_virus_2130.jpeg,data/train/PNEUMONIA/person1254_virus_2130.jpeg,1072,656,L,train,PNEUMONIA,1.6341463414634145
person1255_virus_2132.jpeg,data/train/PNEUMONIA/person1255_virus_2132.jpeg,1152,512,L,train,PNEUMONIA,2.25
person1256_bacteria_3214.jpeg,data/train/PNEUMONIA/person1256_bacteria_3214.jpeg,920,672,L,train,PNEUMONIA,1.369047619047619
person1257_bacteria_3215.jpeg,data/train/PNEUMONIA/person1257_bacteria_3215.jpeg,816,576,L,train,PNEUMONIA,1.4166666666666667
person1258_bacteria_3216.jpeg,data/train/PNEUMONIA/person1258_bacteria_3216.jpeg,1496,1044,L,train,PNEUMONIA,1.4329501915708813
person1258_virus_2138.jpeg,data/train/PNEUMONIA/person1258_virus_2138.jpeg,1568,1120,L,train,PNEUMONIA,1.4
person1259_bacteria_3217.jpeg,data/train/PNEUMONIA/person1259_bacteria_3217.jpeg,1082,612,L,train,PNEUMONIA,1.7679738562091503
person1259_virus_2139.jpeg,data/train/PNEUMONIA/person1259_virus_2139.jpeg,1416,816,L,train,PNEUMONIA,1.7352941176470589
person125_virus_254.jpeg,data/train/PNEUMONIA/person125_virus_254.jpeg,1400,1088,L,train,PNEUMONIA,1.286764705882353
person1260_bacteria_3218.jpeg,data/train/PNEUMONIA/person1260_bacteria_3218.jpeg,992,600,L,train,PNEUMONIA,1.6533333333333333
person1260_virus_2140.jpeg,data/train/PNEUMONIA/person1260_virus_2140.jpeg,1144,632,L,train,PNEUMONIA,1.8101265822784811
person1261_bacteria_3219.jpeg,data/train/PNEUMONIA/person1261_bacteria_3219.jpeg,1538,1353,L,train,PNEUMONIA,1.1367331855136733
person1261_virus_2145.jpeg,data/train/PNEUMONIA/person1261_virus_2145.jpeg,1144,840,L,train,PNEUMONIA,1.361904761904762
person1261_virus_2147.jpeg,data/train/PNEUMONIA/person1261_virus_2147.jpeg,1184,808,L,train,PNEUMONIA,1.4653465346534653
person1261_virus_2148.jpeg,data/train/PNEUMONIA/person1261_virus_2148.jpeg,1184,808,L,train,PNEUMONIA,1.4653465346534653
person1262_bacteria_3220.jpeg,data/train/PNEUMONIA/person1262_bacteria_3220.jpeg,1176,960,L,train,PNEUMONIA,1.225
person1263_bacteria_3221.jpeg,data/train/PNEUMONIA/person1263_bacteria_3221.jpeg,735,467,RGB,train,PNEUMONIA,1.5738758029978586
person1264_bacteria_3222.jpeg,data/train/PNEUMONIA/person1264_bacteria_3222.jpeg,1152,674,L,train,PNEUMONIA,1.7091988130563798
person1264_virus_2155.jpeg,data/train/PNEUMONIA/person1264_virus_2155.jpeg,1072,568,L,train,PNEUMONIA,1.8873239436619718
person1265_bacteria_3223.jpeg,data/train/PNEUMONIA/person1265_bacteria_3223.jpeg,928,480,L,train,PNEUMONIA,1.9333333333333333
person1265_virus_2156.jpeg,data/train/PNEUMONIA/person1265_virus_2156.jpeg,1128,720,L,train,PNEUMONIA,1.5666666666666667
person1266_bacteria_3224.jpeg,data/train/PNEUMONIA/person1266_bacteria_3224.jpeg,840,528,L,train,PNEUMONIA,1.5909090909090908
person1266_bacteria_3225.jpeg,data/train/PNEUMONIA/person1266_bacteria_3225.jpeg,816,368,L,train,PNEUMONIA,2.217391304347826
person1266_virus_2158.jpeg,data/train/PNEUMONIA/person1266_virus_2158.jpeg,1176,856,L,train,PNEUMONIA,1.3738317757009346
person1267_bacteria_3226.jpeg,data/train/PNEUMONIA/person1267_bacteria_3226.jpeg,1000,744,L,train,PNEUMONIA,1.3440860215053763
person1267_virus_2160.jpeg,data/train/PNEUMONIA/person1267_virus_2160.jpeg,1144,720,L,train,PNEUMONIA,1.5888888888888888
person1268_bacteria_3227.jpeg,data/train/PNEUMONIA/person1268_bacteria_3227.jpeg,1168,1024,L,train,PNEUMONIA,1.140625
person1268_bacteria_3228.jpeg,data/train/PNEUMONIA/person1268_bacteria_3228.jpeg,1256,864,L,train,PNEUMONIA,1.4537037037037037
person1268_virus_2161.jpeg,data/train/PNEUMONIA/person1268_virus_2161.jpeg,1208,984,L,train,PNEUMONIA,1.2276422764227641
person1269_bacteria_3229.jpeg,data/train/PNEUMONIA/person1269_bacteria_3229.jpeg,1328,1040,L,train,PNEUMONIA,1.2769230769230768
person1269_virus_2162.jpeg,data/train/PNEUMONIA/person1269_virus_2162.jpeg,1304,864,L,train,PNEUMONIA,1.5092592592592593
person126_virus_255.jpeg,data/train/PNEUMONIA/person126_virus_255.jpeg,1416,1432,L,train,PNEUMONIA,0.9888268156424581
person1270_bacteria_3230.jpeg,data/train/PNEUMONIA/person1270_bacteria_3230.jpeg,1208,952,L,train,PNEUMONIA,1.26890756302521
person1270_virus_2163.jpeg,data/train/PNEUMONIA/person1270_virus_2163.jpeg,1280,920,L,train,PNEUMONIA,1.391304347826087
person1271_bacteria_3231.jpeg,data/train/PNEUMONIA/person1271_bacteria_3231.jpeg,1422,971,L,train,PNEUMONIA,1.4644696189495365
person1271_virus_2164.jpeg,data/train/PNEUMONIA/person1271_virus_2164.jpeg,1320,1240,L,train,PNEUMONIA,1.064516129032258
person1272_bacteria_3232.jpeg,data/train/PNEUMONIA/person1272_bacteria_3232.jpeg,1164,836,L,train,PNEUMONIA,1.3923444976076556
person1272_virus_2190.jpeg,data/train/PNEUMONIA/person1272_virus_2190.jpeg,1264,832,L,train,PNEUMONIA,1.5192307692307692
person1273_bacteria_3233.jpeg,data/train/PNEUMONIA/person1273_bacteria_3233.jpeg,960,616,L,train,PNEUMONIA,1.5584415584415585
person1273_bacteria_3234.jpeg,data/train/PNEUMONIA/person1273_bacteria_3234.jpeg,920,560,L,train,PNEUMONIA,1.6428571428571428
person1273_virus_2191.jpeg,data/train/PNEUMONIA/person1273_virus_2191.jpeg,1376,1080,L,train,PNEUMONIA,1.2740740740740741
person1274_bacteria_3235.jpeg,data/train/PNEUMONIA/person1274_bacteria_3235.jpeg,1248,1152,L,train,PNEUMONIA,1.0833333333333333
person1274_bacteria_3236.jpeg,data/train/PNEUMONIA/person1274_bacteria_3236.jpeg,1304,816,L,train,PNEUMONIA,1.5980392156862746
person1274_virus_2193.jpeg,data/train/PNEUMONIA/person1274_virus_2193.jpeg,1096,600,L,train,PNEUMONIA,1.8266666666666667
person1275_bacteria_3237.jpeg,data/train/PNEUMONIA/person1275_bacteria_3237.jpeg,952,664,L,train,PNEUMONIA,1.4337349397590362
person1276_bacteria_3239.jpeg,data/train/PNEUMONIA/person1276_bacteria_3239.jpeg,1128,568,L,train,PNEUMONIA,1.9859154929577465
person1276_virus_2198.jpeg,data/train/PNEUMONIA/person1276_virus_2198.jpeg,856,608,L,train,PNEUMONIA,1.4078947368421053
person1277_bacteria_3240.jpeg,data/train/PNEUMONIA/person1277_bacteria_3240.jpeg,824,529,RGB,train,PNEUMONIA,1.55765595463138
person1278_virus_2201.jpeg,data/train/PNEUMONIA/person1278_virus_2201.jpeg,1320,960,L,train,PNEUMONIA,1.375
person1279_bacteria_3242.jpeg,data/train/PNEUMONIA/person1279_bacteria_3242.jpeg,1132,766,L,train,PNEUMONIA,1.4778067885117494
person1280_bacteria_3243.jpeg,data/train/PNEUMONIA/person1280_bacteria_3243.jpeg,1368,1044,L,train,PNEUMONIA,1.3103448275862069
person1281_bacteria_3244.jpeg,data/train/PNEUMONIA/person1281_bacteria_3244.jpeg,1176,727,L,train,PNEUMONIA,1.6176066024759286
person1281_virus_2204.jpeg,data/train/PNEUMONIA/person1281_virus_2204.jpeg,1560,1256,L,train,PNEUMONIA,1.2420382165605095
person1282_bacteria_3245.jpeg,data/train/PNEUMONIA/person1282_bacteria_3245.jpeg,1008,808,L,train,PNEUMONIA,1.2475247524752475
person1283_bacteria_3246.jpeg,data/train/PNEUMONIA/person1283_bacteria_3246.jpeg,1096,960,L,train,PNEUMONIA,1.1416666666666666
person1283_virus_2206.jpeg,data/train/PNEUMONIA/person1283_virus_2206.jpeg,1408,784,L,train,PNEUMONIA,1.7959183673469388
person1284_bacteria_3247.jpeg,data/train/PNEUMONIA/person1284_bacteria_3247.jpeg,1434,986,L,train,PNEUMONIA,1.4543610547667343
person1284_virus_2207.jpeg,data/train/PNEUMONIA/person1284_virus_2207.jpeg,1408,800,L,train,PNEUMONIA,1.76
person1285_virus_2208.jpeg,data/train/PNEUMONIA/person1285_virus_2208.jpeg,944,552,L,train,PNEUMONIA,1.710144927536232
person1286_bacteria_3249.jpeg,data/train/PNEUMONIA/person1286_bacteria_3249.jpeg,1072,504,L,train,PNEUMONIA,2.126984126984127
person1286_virus_2209.jpeg,data/train/PNEUMONIA/person1286_virus_2209.jpeg,1048,776,L,train,PNEUMONIA,1.3505154639175259
person1287_bacteria_3250.jpeg,data/train/PNEUMONIA/person1287_bacteria_3250.jpeg,635,448,RGB,train,PNEUMONIA,1.4174107142857142
person1287_virus_2210.jpeg,data/train/PNEUMONIA/person1287_virus_2210.jpeg,1384,1184,L,train,PNEUMONIA,1.1689189189189189
person1288_bacteria_3251.jpeg,data/train/PNEUMONIA/person1288_bacteria_3251.jpeg,1184,664,L,train,PNEUMONIA,1.783132530120482
person1288_virus_2211.jpeg,data/train/PNEUMONIA/person1288_virus_2211.jpeg,1304,880,L,train,PNEUMONIA,1.481818181818182
person1289_bacteria_3252.jpeg,data/train/PNEUMONIA/person1289_bacteria_3252.jpeg,1120,736,L,train,PNEUMONIA,1.5217391304347827
person128_virus_261.jpeg,data/train/PNEUMONIA/person128_virus_261.jpeg,1312,960,L,train,PNEUMONIA,1.3666666666666667
person1290_bacteria_3253.jpeg,data/train/PNEUMONIA/person1290_bacteria_3253.jpeg,1272,1075,L,train,PNEUMONIA,1.1832558139534883
person1290_virus_2215.jpeg,data/train/PNEUMONIA/person1290_virus_2215.jpeg,1392,1264,L,train,PNEUMONIA,1.1012658227848102
person1290_virus_2216.jpeg,data/train/PNEUMONIA/person1290_virus_2216.jpeg,1392,1056,L,train,PNEUMONIA,1.3181818181818181
person1291_virus_2217.jpeg,data/train/PNEUMONIA/person1291_virus_2217.jpeg,1264,760,L,train,PNEUMONIA,1.6631578947368422
person1292_bacteria_3255.jpeg,data/train/PNEUMONIA/person1292_bacteria_3255.jpeg,1032,536,L,train,PNEUMONIA,1.9253731343283582
person1292_virus_2218.jpeg,data/train/PNEUMONIA/person1292_virus_2218.jpeg,1216,936,L,train,PNEUMONIA,1.2991452991452992
person1293_virus_2219.jpeg,data/train/PNEUMONIA/person1293_virus_2219.jpeg,1320,984,L,train,PNEUMONIA,1.3414634146341464
person1294_bacteria_3257.jpeg,data/train/PNEUMONIA/person1294_bacteria_3257.jpeg,840,536,L,train,PNEUMONIA,1.5671641791044777
person1294_virus_2221.jpeg,data/train/PNEUMONIA/person1294_virus_2221.jpeg,1336,784,L,train,PNEUMONIA,1.7040816326530612
person1294_virus_2222.jpeg,data/train/PNEUMONIA/person1294_virus_2222.jpeg,1216,800,L,train,PNEUMONIA,1.52
person1295_bacteria_3258.jpeg,data/train/PNEUMONIA/person1295_bacteria_3258.jpeg,1168,648,L,train,PNEUMONIA,1.8024691358024691
person1295_virus_2223.jpeg,data/train/PNEUMONIA/person1295_virus_2223.jpeg,1296,1120,L,train,PNEUMONIA,1.1571428571428573
person1296_virus_2224.jpeg,data/train/PNEUMONIA/person1296_virus_2224.jpeg,1592,1056,L,train,PNEUMONIA,1.5075757575757576
person1297_bacteria_3260.jpeg,data/train/PNEUMONIA/person1297_bacteria_3260.jpeg,984,608,L,train,PNEUMONIA,1.618421052631579
person1298_bacteria_3261.jpeg,data/train/PNEUMONIA/person1298_bacteria_3261.jpeg,984,584,L,train,PNEUMONIA,1.6849315068493151
person1298_virus_2226.jpeg,data/train/PNEUMONIA/person1298_virus_2226.jpeg,1288,880,L,train,PNEUMONIA,1.4636363636363636
person1298_virus_2228.jpeg,data/train/PNEUMONIA/person1298_virus_2228.jpeg,714,503,RGB,train,PNEUMONIA,1.41948310139165
person12_bacteria_46.jpeg,data/train/PNEUMONIA/person12_bacteria_46.jpeg,1646,1310,L,train,PNEUMONIA,1.2564885496183207
person12_bacteria_47.jpeg,data/train/PNEUMONIA/person12_bacteria_47.jpeg,1264,1152,L,train,PNEUMONIA,1.0972222222222223
person12_bacteria_48.jpeg,data/train/PNEUMONIA/person12_bacteria_48.jpeg,1736,1365,L,train,PNEUMONIA,1.2717948717948717
person1300_bacteria_3264.jpeg,data/train/PNEUMONIA/person1300_bacteria_3264.jpeg,1512,1488,L,train,PNEUMONIA,1.0161290322580645
person1300_virus_2240.jpeg,data/train/PNEUMONIA/person1300_virus_2240.jpeg,1400,1024,L,train,PNEUMONIA,1.3671875
person1301_virus_2241.jpeg,data/train/PNEUMONIA/person1301_virus_2241.jpeg,984,712,L,train,PNEUMONIA,1.3820224719101124
person1302_bacteria_3266.jpeg,data/train/PNEUMONIA/person1302_bacteria_3266.jpeg,1056,624,L,train,PNEUMONIA,1.6923076923076923
person1303_bacteria_3267.jpeg,data/train/PNEUMONIA/person1303_bacteria_3267.jpeg,671,393,RGB,train,PNEUMONIA,1.7073791348600509
person1303_virus_2243.jpeg,data/train/PNEUMONIA/person1303_virus_2243.jpeg,1424,1112,L,train,PNEUMONIA,1.2805755395683454
person1304_bacteria_3269.jpeg,data/train/PNEUMONIA/person1304_bacteria_3269.jpeg,1544,1008,L,train,PNEUMONIA,1.5317460317460319
person1305_bacteria_3271.jpeg,data/train/PNEUMONIA/person1305_bacteria_3271.jpeg,1144,600,L,train,PNEUMONIA,1.9066666666666667
person1306_bacteria_3272.jpeg,data/train/PNEUMONIA/person1306_bacteria_3272.jpeg,1096,536,L,train,PNEUMONIA,2.044776119402985
person1306_bacteria_3274.jpeg,data/train/PNEUMONIA/person1306_bacteria_3274.jpeg,1064,760,L,train,PNEUMONIA,1.4
person1306_bacteria_3275.jpeg,data/train/PNEUMONIA/person1306_bacteria_3275.jpeg,1056,688,L,train,PNEUMONIA,1.5348837209302326
person1306_bacteria_3276.jpeg,data/train/PNEUMONIA/person1306_bacteria_3276.jpeg,1120,568,L,train,PNEUMONIA,1.971830985915493
person1306_bacteria_3277.jpeg,data/train/PNEUMONIA/person1306_bacteria_3277.jpeg,1136,528,L,train,PNEUMONIA,2.1515151515151514
person1306_virus_2249.jpeg,data/train/PNEUMONIA/person1306_virus_2249.jpeg,1160,664,L,train,PNEUMONIA,1.7469879518072289
person1307_bacteria_3278.jpeg,data/train/PNEUMONIA/person1307_bacteria_3278.jpeg,1328,936,L,train,PNEUMONIA,1.4188034188034189
person1307_virus_2251.jpeg,data/train/PNEUMONIA/person1307_virus_2251.jpeg,1504,1016,L,train,PNEUMONIA,1.4803149606299213
person1308_bacteria_3280.jpeg,data/train/PNEUMONIA/person1308_bacteria_3280.jpeg,940,696,RGB,train,PNEUMONIA,1.3505747126436782
person1308_bacteria_3283.jpeg,data/train/PNEUMONIA/person1308_bacteria_3283.jpeg,1496,984,L,train,PNEUMONIA,1.5203252032520325
person1308_bacteria_3285.jpeg,data/train/PNEUMONIA/person1308_bacteria_3285.jpeg,1472,808,L,train,PNEUMONIA,1.8217821782178218
person1308_bacteria_3286.jpeg,data/train/PNEUMONIA/person1308_bacteria_3286.jpeg,1480,856,L,train,PNEUMONIA,1.7289719626168225
person1308_bacteria_3288.jpeg,data/train/PNEUMONIA/person1308_bacteria_3288.jpeg,1440,792,L,train,PNEUMONIA,1.8181818181818181
person1308_bacteria_3290.jpeg,data/train/PNEUMONIA/person1308_bacteria_3290.jpeg,1416,928,L,train,PNEUMONIA,1.5258620689655173
person1308_bacteria_3292.jpeg,data/train/PNEUMONIA/person1308_bacteria_3292.jpeg,482,209,RGB,train,PNEUMONIA,2.3062200956937797
person1308_virus_2252.jpeg,data/train/PNEUMONIA/person1308_virus_2252.jpeg,960,464,L,train,PNEUMONIA,2.0689655172413794
person1308_virus_2253.jpeg,data/train/PNEUMONIA/person1308_virus_2253.jpeg,1016,808,L,train,PNEUMONIA,1.2574257425742574
person1309_bacteria_3294.jpeg,data/train/PNEUMONIA/person1309_bacteria_3294.jpeg,1216,872,L,train,PNEUMONIA,1.3944954128440368
person1309_virus_2254.jpeg,data/train/PNEUMONIA/person1309_virus_2254.jpeg,1192,664,L,train,PNEUMONIA,1.7951807228915662
person130_virus_263.jpeg,data/train/PNEUMONIA/person130_virus_263.jpeg,1568,1144,L,train,PNEUMONIA,1.3706293706293706
person1310_bacteria_3295.jpeg,data/train/PNEUMONIA/person1310_bacteria_3295.jpeg,1472,904,L,train,PNEUMONIA,1.6283185840707965
person1310_bacteria_3297.jpeg,data/train/PNEUMONIA/person1310_bacteria_3297.jpeg,1440,736,L,train,PNEUMONIA,1.9565217391304348
person1310_bacteria_3300.jpeg,data/train/PNEUMONIA/person1310_bacteria_3300.jpeg,1392,832,L,train,PNEUMONIA,1.6730769230769231
person1310_bacteria_3301.jpeg,data/train/PNEUMONIA/person1310_bacteria_3301.jpeg,1280,752,L,train,PNEUMONIA,1.702127659574468
person1310_bacteria_3302.jpeg,data/train/PNEUMONIA/person1310_bacteria_3302.jpeg,1400,888,L,train,PNEUMONIA,1.5765765765765767
person1310_bacteria_3304.jpeg,data/train/PNEUMONIA/person1310_bacteria_3304.jpeg,1296,824,L,train,PNEUMONIA,1.5728155339805825
person1310_virus_2255.jpeg,data/train/PNEUMONIA/person1310_virus_2255.jpeg,1056,736,L,train,PNEUMONIA,1.434782608695652
person1311_bacteria_3312.jpeg,data/train/PNEUMONIA/person1311_bacteria_3312.jpeg,490,189,RGB,train,PNEUMONIA,2.5925925925925926
person1311_virus_2257.jpeg,data/train/PNEUMONIA/person1311_virus_2257.jpeg,1240,904,L,train,PNEUMONIA,1.3716814159292035
person1311_virus_2259.jpeg,data/train/PNEUMONIA/person1311_virus_2259.jpeg,1200,840,L,train,PNEUMONIA,1.4285714285714286
person1312_bacteria_3313.jpeg,data/train/PNEUMONIA/person1312_bacteria_3313.jpeg,1424,1264,L,train,PNEUMONIA,1.1265822784810127
person1312_bacteria_3314.jpeg,data/train/PNEUMONIA/person1312_bacteria_3314.jpeg,1512,1200,L,train,PNEUMONIA,1.26
person1312_bacteria_3316.jpeg,data/train/PNEUMONIA/person1312_bacteria_3316.jpeg,1528,1416,L,train,PNEUMONIA,1.07909604519774
person1312_bacteria_3317.jpeg,data/train/PNEUMONIA/person1312_bacteria_3317.jpeg,1624,1136,L,train,PNEUMONIA,1.4295774647887325
person1312_bacteria_3318.jpeg,data/train/PNEUMONIA/person1312_bacteria_3318.jpeg,1624,1136,L,train,PNEUMONIA,1.4295774647887325
person1312_bacteria_3319.jpeg,data/train/PNEUMONIA/person1312_bacteria_3319.jpeg,1488,1168,L,train,PNEUMONIA,1.273972602739726
person1312_virus_2261.jpeg,data/train/PNEUMONIA/person1312_virus_2261.jpeg,1432,936,L,train,PNEUMONIA,1.5299145299145298
person1313_bacteria_3320.jpeg,data/train/PNEUMONIA/person1313_bacteria_3320.jpeg,1288,744,L,train,PNEUMONIA,1.7311827956989247
person1313_virus_2264.jpeg,data/train/PNEUMONIA/person1313_virus_2264.jpeg,1184,832,L,train,PNEUMONIA,1.4230769230769231
person1314_virus_2266.jpeg,data/train/PNEUMONIA/person1314_virus_2266.jpeg,1144,624,L,train,PNEUMONIA,1.8333333333333333
person1314_virus_2268.jpeg,data/train/PNEUMONIA/person1314_virus_2268.jpeg,1264,672,L,train,PNEUMONIA,1.880952380952381
person1314_virus_2269.jpeg,data/train/PNEUMONIA/person1314_virus_2269.jpeg,1216,768,L,train,PNEUMONIA,1.5833333333333333
person1315_bacteria_3322.jpeg,data/train/PNEUMONIA/person1315_bacteria_3322.jpeg,1160,776,L,train,PNEUMONIA,1.4948453608247423
person1315_virus_2270.jpeg,data/train/PNEUMONIA/person1315_virus_2270.jpeg,1720,1240,L,train,PNEUMONIA,1.3870967741935485
person1316_bacteria_3326.jpeg,data/train/PNEUMONIA/person1316_bacteria_3326.jpeg,920,536,L,train,PNEUMONIA,1.7164179104477613
person1316_virus_2271.jpeg,data/train/PNEUMONIA/person1316_virus_2271.jpeg,1216,672,L,train,PNEUMONIA,1.8095238095238095
person1317_bacteria_3332.jpeg,data/train/PNEUMONIA/person1317_bacteria_3332.jpeg,679,542,RGB,train,PNEUMONIA,1.2527675276752768
person1317_virus_2273.jpeg,data/train/PNEUMONIA/person1317_virus_2273.jpeg,1200,784,L,train,PNEUMONIA,1.530612244897959
person1318_bacteria_3334.jpeg,data/train/PNEUMONIA/person1318_bacteria_3334.jpeg,1824,1672,L,train,PNEUMONIA,1.0909090909090908
person1318_bacteria_3335.jpeg,data/train/PNEUMONIA/person1318_bacteria_3335.jpeg,1848,1472,L,train,PNEUMONIA,1.2554347826086956
person1318_virus_2274.jpeg,data/train/PNEUMONIA/person1318_virus_2274.jpeg,984,624,L,train,PNEUMONIA,1.5769230769230769
person1319_virus_2276.jpeg,data/train/PNEUMONIA/person1319_virus_2276.jpeg,1096,696,L,train,PNEUMONIA,1.5747126436781609
person131_virus_265.jpeg,data/train/PNEUMONIA/person131_virus_265.jpeg,1184,800,L,train,PNEUMONIA,1.48
person1320_bacteria_3339.jpeg,data/train/PNEUMONIA/person1320_bacteria_3339.jpeg,1512,1152,L,train,PNEUMONIA,1.3125
person1320_bacteria_3340.jpeg,data/train/PNEUMONIA/person1320_bacteria_3340.jpeg,1640,1160,L,train,PNEUMONIA,1.4137931034482758
person1320_bacteria_3342.jpeg,data/train/PNEUMONIA/person1320_bacteria_3342.jpeg,1296,1048,L,train,PNEUMONIA,1.2366412213740459
person1320_bacteria_3344.jpeg,data/train/PNEUMONIA/person1320_bacteria_3344.jpeg,1456,1056,L,train,PNEUMONIA,1.378787878787879
person1320_bacteria_3345.jpeg,data/train/PNEUMONIA/person1320_bacteria_3345.jpeg,1616,1104,L,train,PNEUMONIA,1.463768115942029
person1320_bacteria_3346.jpeg,data/train/PNEUMONIA/person1320_bacteria_3346.jpeg,1600,1208,L,train,PNEUMONIA,1.3245033112582782
person1320_bacteria_3347.jpeg,data/train/PNEUMONIA/person1320_bacteria_3347.jpeg,1440,1040,L,train,PNEUMONIA,1.3846153846153846
person1320_bacteria_3348.jpeg,data/train/PNEUMONIA/person1320_bacteria_3348.jpeg,1544,824,L,train,PNEUMONIA,1.8737864077669903
person1320_bacteria_3350.jpeg,data/train/PNEUMONIA/person1320_bacteria_3350.jpeg,1544,1104,L,train,PNEUMONIA,1.3985507246376812
person1320_bacteria_3351.jpeg,data/train/PNEUMONIA/person1320_bacteria_3351.jpeg,1312,1056,L,train,PNEUMONIA,1.2424242424242424
person1320_bacteria_3352.jpeg,data/train/PNEUMONIA/person1320_bacteria_3352.jpeg,1600,1128,L,train,PNEUMONIA,1.4184397163120568
person1320_bacteria_3353.jpeg,data/train/PNEUMONIA/person1320_bacteria_3353.jpeg,1456,976,L,train,PNEUMONIA,1.4918032786885247
person1320_bacteria_3355.jpeg,data/train/PNEUMONIA/person1320_bacteria_3355.jpeg,1608,944,L,train,PNEUMONIA,1.7033898305084745
person1320_virus_2277.jpeg,data/train/PNEUMONIA/person1320_virus_2277.jpeg,1008,568,L,train,PNEUMONIA,1.7746478873239437
person1321_bacteria_3358.jpeg,data/train/PNEUMONIA/person1321_bacteria_3358.jpeg,1016,648,L,train,PNEUMONIA,1.5679012345679013
person1321_bacteria_3359.jpeg,data/train/PNEUMONIA/person1321_bacteria_3359.jpeg,968,576,L,train,PNEUMONIA,1.6805555555555556
person1321_virus_2279.jpeg,data/train/PNEUMONIA/person1321_virus_2279.jpeg,1632,1088,L,train,PNEUMONIA,1.5
person1322_bacteria_3360.jpeg,data/train/PNEUMONIA/person1322_bacteria_3360.jpeg,803,452,RGB,train,PNEUMONIA,1.7765486725663717
person1323_bacteria_3361.jpeg,data/train/PNEUMONIA/person1323_bacteria_3361.jpeg,1792,1592,L,train,PNEUMONIA,1.1256281407035176
person1323_bacteria_3362.jpeg,data/train/PNEUMONIA/person1323_bacteria_3362.jpeg,1888,1440,L,train,PNEUMONIA,1.3111111111111111
person1323_bacteria_3363.jpeg,data/train/PNEUMONIA/person1323_bacteria_3363.jpeg,1800,1384,L,train,PNEUMONIA,1.300578034682081
person1323_virus_2282.jpeg,data/train/PNEUMONIA/person1323_virus_2282.jpeg,1056,592,L,train,PNEUMONIA,1.7837837837837838
person1323_virus_2283.jpeg,data/train/PNEUMONIA/person1323_virus_2283.jpeg,1112,712,L,train,PNEUMONIA,1.5617977528089888
person1324_virus_2284.jpeg,data/train/PNEUMONIA/person1324_virus_2284.jpeg,1224,992,L,train,PNEUMONIA,1.2338709677419355
person1324_virus_2285.jpeg,data/train/PNEUMONIA/person1324_virus_2285.jpeg,1424,896,L,train,PNEUMONIA,1.5892857142857142
person1325_bacteria_3366.jpeg,data/train/PNEUMONIA/person1325_bacteria_3366.jpeg,749,459,RGB,train,PNEUMONIA,1.6318082788671024
person1325_virus_2287.jpeg,data/train/PNEUMONIA/person1325_virus_2287.jpeg,1336,816,L,train,PNEUMONIA,1.6372549019607843
person1326_bacteria_3372.jpeg,data/train/PNEUMONIA/person1326_bacteria_3372.jpeg,1216,920,L,train,PNEUMONIA,1.3217391304347825
person1327_bacteria_3373.jpeg,data/train/PNEUMONIA/person1327_bacteria_3373.jpeg,1448,1080,L,train,PNEUMONIA,1.3407407407407408
person1327_bacteria_3374.jpeg,data/train/PNEUMONIA/person1327_bacteria_3374.jpeg,1448,1008,L,train,PNEUMONIA,1.4365079365079365
person1328_bacteria_3376.jpeg,data/train/PNEUMONIA/person1328_bacteria_3376.jpeg,1072,584,L,train,PNEUMONIA,1.8356164383561644
person1328_virus_2293.jpeg,data/train/PNEUMONIA/person1328_virus_2293.jpeg,1208,768,L,train,PNEUMONIA,1.5729166666666667
person1328_virus_2294.jpeg,data/train/PNEUMONIA/person1328_virus_2294.jpeg,1248,824,L,train,PNEUMONIA,1.5145631067961165
person1328_virus_2295.jpeg,data/train/PNEUMONIA/person1328_virus_2295.jpeg,1192,792,L,train,PNEUMONIA,1.505050505050505
person1329_bacteria_3377.jpeg,data/train/PNEUMONIA/person1329_bacteria_3377.jpeg,1064,592,L,train,PNEUMONIA,1.7972972972972974
person132_virus_266.jpeg,data/train/PNEUMONIA/person132_virus_266.jpeg,1496,1008,L,train,PNEUMONIA,1.4841269841269842
person1331_bacteria_3380.jpeg,data/train/PNEUMONIA/person1331_bacteria_3380.jpeg,976,680,L,train,PNEUMONIA,1.4352941176470588
person1331_virus_2299.jpeg,data/train/PNEUMONIA/person1331_virus_2299.jpeg,1104,776,L,train,PNEUMONIA,1.422680412371134
person1332_virus_2300.jpeg,data/train/PNEUMONIA/person1332_virus_2300.jpeg,1536,896,L,train,PNEUMONIA,1.7142857142857142
person1333_bacteria_3383.jpeg,data/train/PNEUMONIA/person1333_bacteria_3383.jpeg,1096,640,L,train,PNEUMONIA,1.7125
person1333_bacteria_3384.jpeg,data/train/PNEUMONIA/person1333_bacteria_3384.jpeg,1256,752,L,train,PNEUMONIA,1.6702127659574468
person1333_bacteria_3385.jpeg,data/train/PNEUMONIA/person1333_bacteria_3385.jpeg,1360,784,L,train,PNEUMONIA,1.7346938775510203
person1333_bacteria_3386.jpeg,data/train/PNEUMONIA/person1333_bacteria_3386.jpeg,1136,688,L,train,PNEUMONIA,1.6511627906976745
person1333_virus_2301.jpeg,data/train/PNEUMONIA/person1333_virus_2301.jpeg,1400,1072,L,train,PNEUMONIA,1.3059701492537314
person1336_virus_2306.jpeg,data/train/PNEUMONIA/person1336_virus_2306.jpeg,1152,776,L,train,PNEUMONIA,1.4845360824742269
person1337_virus_2307.jpeg,data/train/PNEUMONIA/person1337_virus_2307.jpeg,2008,1440,L,train,PNEUMONIA,1.3944444444444444
person1338_bacteria_3394.jpeg,data/train/PNEUMONIA/person1338_bacteria_3394.jpeg,1448,1080,L,train,PNEUMONIA,1.3407407407407408
person1338_bacteria_3395.jpeg,data/train/PNEUMONIA/person1338_bacteria_3395.jpeg,1440,992,L,train,PNEUMONIA,1.4516129032258065
person1338_bacteria_3397.jpeg,data/train/PNEUMONIA/person1338_bacteria_3397.jpeg,1472,1048,L,train,PNEUMONIA,1.4045801526717556
person1338_virus_2308.jpeg,data/train/PNEUMONIA/person1338_virus_2308.jpeg,1096,488,L,train,PNEUMONIA,2.2459016393442623
person1339_bacteria_3399.jpeg,data/train/PNEUMONIA/person1339_bacteria_3399.jpeg,1344,712,L,train,PNEUMONIA,1.8876404494382022
person1339_bacteria_3402.jpeg,data/train/PNEUMONIA/person1339_bacteria_3402.jpeg,1208,672,L,train,PNEUMONIA,1.7976190476190477
person133_virus_267.jpeg,data/train/PNEUMONIA/person133_virus_267.jpeg,1552,1000,L,train,PNEUMONIA,1.552
person1340_bacteria_3405.jpeg,data/train/PNEUMONIA/person1340_bacteria_3405.jpeg,992,776,L,train,PNEUMONIA,1.2783505154639174
person1340_virus_2311.jpeg,data/train/PNEUMONIA/person1340_virus_2311.jpeg,1032,744,L,train,PNEUMONIA,1.3870967741935485
person1340_virus_2312.jpeg,data/train/PNEUMONIA/person1340_virus_2312.jpeg,911,630,RGB,train,PNEUMONIA,1.446031746031746
person1341_bacteria_3406.jpeg,data/train/PNEUMONIA/person1341_bacteria_3406.jpeg,1088,544,L,train,PNEUMONIA,2.0
person1341_virus_2313.jpeg,data/train/PNEUMONIA/person1341_virus_2313.jpeg,1056,728,L,train,PNEUMONIA,1.4505494505494505
person1342_bacteria_3407.jpeg,data/train/PNEUMONIA/person1342_bacteria_3407.jpeg,1048,648,L,train,PNEUMONIA,1.617283950617284
person1342_virus_2315.jpeg,data/train/PNEUMONIA/person1342_virus_2315.jpeg,1448,880,L,train,PNEUMONIA,1.6454545454545455
person1343_bacteria_3409.jpeg,data/train/PNEUMONIA/person1343_bacteria_3409.jpeg,1312,832,L,train,PNEUMONIA,1.5769230769230769
person1343_bacteria_3411.jpeg,data/train/PNEUMONIA/person1343_bacteria_3411.jpeg,1448,888,L,train,PNEUMONIA,1.6306306306306306
person1343_bacteria_3413.jpeg,data/train/PNEUMONIA/person1343_bacteria_3413.jpeg,1384,864,L,train,PNEUMONIA,1.6018518518518519
person1343_bacteria_3414.jpeg,data/train/PNEUMONIA/person1343_bacteria_3414.jpeg,1384,864,L,train,PNEUMONIA,1.6018518518518519
person1343_bacteria_3415.jpeg,data/train/PNEUMONIA/person1343_bacteria_3415.jpeg,1376,1120,L,train,PNEUMONIA,1.2285714285714286
person1343_bacteria_3416.jpeg,data/train/PNEUMONIA/person1343_bacteria_3416.jpeg,1416,888,L,train,PNEUMONIA,1.5945945945945945
person1343_bacteria_3417.jpeg,data/train/PNEUMONIA/person1343_bacteria_3417.jpeg,1136,760,L,train,PNEUMONIA,1.4947368421052631
person1343_bacteria_3418.jpeg,data/train/PNEUMONIA/person1343_bacteria_3418.jpeg,1152,912,L,train,PNEUMONIA,1.263157894736842
person1343_bacteria_3419.jpeg,data/train/PNEUMONIA/person1343_bacteria_3419.jpeg,1216,712,L,train,PNEUMONIA,1.7078651685393258
person1343_virus_2316.jpeg,data/train/PNEUMONIA/person1343_virus_2316.jpeg,1184,840,L,train,PNEUMONIA,1.4095238095238096
person1343_virus_2317.jpeg,data/train/PNEUMONIA/person1343_virus_2317.jpeg,1280,872,L,train,PNEUMONIA,1.4678899082568808
person1344_bacteria_3421.jpeg,data/train/PNEUMONIA/person1344_bacteria_3421.jpeg,1144,760,L,train,PNEUMONIA,1.5052631578947369
person1344_virus_2319.jpeg,data/train/PNEUMONIA/person1344_virus_2319.jpeg,992,560,L,train,PNEUMONIA,1.7714285714285714
person1344_virus_2320.jpeg,data/train/PNEUMONIA/person1344_virus_2320.jpeg,984,656,L,train,PNEUMONIA,1.5
person1345_bacteria_3422.jpeg,data/train/PNEUMONIA/person1345_bacteria_3422.jpeg,1376,1048,L,train,PNEUMONIA,1.3129770992366412
person1345_bacteria_3424.jpeg,data/train/PNEUMONIA/person1345_bacteria_3424.jpeg,1320,856,L,train,PNEUMONIA,1.5420560747663552
person1345_bacteria_3425.jpeg,data/train/PNEUMONIA/person1345_bacteria_3425.jpeg,1552,840,L,train,PNEUMONIA,1.8476190476190477
person1345_bacteria_3426.jpeg,data/train/PNEUMONIA/person1345_bacteria_3426.jpeg,1384,1008,L,train,PNEUMONIA,1.373015873015873
person1345_bacteria_3427.jpeg,data/train/PNEUMONIA/person1345_bacteria_3427.jpeg,1464,1048,L,train,PNEUMONIA,1.3969465648854962
person1345_bacteria_3428.jpeg,data/train/PNEUMONIA/person1345_bacteria_3428.jpeg,1408,848,L,train,PNEUMONIA,1.6603773584905661
person1345_virus_2321.jpeg,data/train/PNEUMONIA/person1345_virus_2321.jpeg,1272,840,L,train,PNEUMONIA,1.5142857142857142
person1346_bacteria_3430.jpeg,data/train/PNEUMONIA/person1346_bacteria_3430.jpeg,1248,936,L,train,PNEUMONIA,1.3333333333333333
person1346_virus_2322.jpeg,data/train/PNEUMONIA/person1346_virus_2322.jpeg,944,640,L,train,PNEUMONIA,1.475
person1347_virus_2323.jpeg,data/train/PNEUMONIA/person1347_virus_2323.jpeg,1320,1000,L,train,PNEUMONIA,1.32
person1348_virus_2324.jpeg,data/train/PNEUMONIA/person1348_virus_2324.jpeg,1432,1008,L,train,PNEUMONIA,1.4206349206349207
person1348_virus_2326.jpeg,data/train/PNEUMONIA/person1348_virus_2326.jpeg,1432,968,L,train,PNEUMONIA,1.4793388429752066
person1349_bacteria_3434.jpeg,data/train/PNEUMONIA/person1349_bacteria_3434.jpeg,1512,872,L,train,PNEUMONIA,1.7339449541284404
person1349_bacteria_3436.jpeg,data/train/PNEUMONIA/person1349_bacteria_3436.jpeg,1480,1208,L,train,PNEUMONIA,1.2251655629139073
person1349_bacteria_3437.jpeg,data/train/PNEUMONIA/person1349_bacteria_3437.jpeg,1480,1208,L,train,PNEUMONIA,1.2251655629139073
person1349_bacteria_3438.jpeg,data/train/PNEUMONIA/person1349_bacteria_3438.jpeg,1336,904,L,train,PNEUMONIA,1.4778761061946903
person1349_bacteria_3439.jpeg,data/train/PNEUMONIA/person1349_bacteria_3439.jpeg,1504,992,L,train,PNEUMONIA,1.5161290322580645
person134_virus_268.jpeg,data/train/PNEUMONIA/person134_virus_268.jpeg,1216,1008,L,train,PNEUMONIA,1.2063492063492063
person1350_virus_2329.jpeg,data/train/PNEUMONIA/person1350_virus_2329.jpeg,1280,792,L,train,PNEUMONIA,1.6161616161616161
person1351_bacteria_3441.jpeg,data/train/PNEUMONIA/person1351_bacteria_3441.jpeg,1112,680,L,train,PNEUMONIA,1.6352941176470588
person1351_virus_2330.jpeg,data/train/PNEUMONIA/person1351_virus_2330.jpeg,1224,776,L,train,PNEUMONIA,1.577319587628866
person1352_bacteria_3442.jpeg,data/train/PNEUMONIA/person1352_bacteria_3442.jpeg,1296,696,L,train,PNEUMONIA,1.8620689655172413
person1352_bacteria_3443.jpeg,data/train/PNEUMONIA/person1352_bacteria_3443.jpeg,1232,824,L,train,PNEUMONIA,1.4951456310679612
person1352_bacteria_3444.jpeg,data/train/PNEUMONIA/person1352_bacteria_3444.jpeg,1384,960,L,train,PNEUMONIA,1.4416666666666667
person1352_bacteria_3445.jpeg,data/train/PNEUMONIA/person1352_bacteria_3445.jpeg,1320,1008,L,train,PNEUMONIA,1.3095238095238095
person1353_bacteria_3446.jpeg,data/train/PNEUMONIA/person1353_bacteria_3446.jpeg,1296,904,L,train,PNEUMONIA,1.4336283185840708
person1353_virus_2333.jpeg,data/train/PNEUMONIA/person1353_virus_2333.jpeg,1408,1024,L,train,PNEUMONIA,1.375
person1354_bacteria_3448.jpeg,data/train/PNEUMONIA/person1354_bacteria_3448.jpeg,1312,936,L,train,PNEUMONIA,1.4017094017094016
person1355_bacteria_3449.jpeg,data/train/PNEUMONIA/person1355_bacteria_3449.jpeg,841,528,RGB,train,PNEUMONIA,1.5928030303030303
person1355_bacteria_3452.jpeg,data/train/PNEUMONIA/person1355_bacteria_3452.jpeg,800,472,L,train,PNEUMONIA,1.694915254237288
person1355_virus_2336.jpeg,data/train/PNEUMONIA/person1355_virus_2336.jpeg,1416,1104,L,train,PNEUMONIA,1.2826086956521738
person1356_virus_2337.jpeg,data/train/PNEUMONIA/person1356_virus_2337.jpeg,1328,1104,L,train,PNEUMONIA,1.2028985507246377
person1357_virus_2338.jpeg,data/train/PNEUMONIA/person1357_virus_2338.jpeg,1416,1088,L,train,PNEUMONIA,1.3014705882352942
person1358_bacteria_3463.jpeg,data/train/PNEUMONIA/person1358_bacteria_3463.jpeg,1472,976,L,train,PNEUMONIA,1.5081967213114753
person1358_bacteria_3465.jpeg,data/train/PNEUMONIA/person1358_bacteria_3465.jpeg,1440,912,L,train,PNEUMONIA,1.5789473684210527
person1358_virus_2339.jpeg,data/train/PNEUMONIA/person1358_virus_2339.jpeg,1760,1360,L,train,PNEUMONIA,1.2941176470588236
person1359_virus_2340.jpeg,data/train/PNEUMONIA/person1359_virus_2340.jpeg,1408,976,L,train,PNEUMONIA,1.4426229508196722
person135_virus_270.jpeg,data/train/PNEUMONIA/person135_virus_270.jpeg,992,568,L,train,PNEUMONIA,1.7464788732394365
person135_virus_271.jpeg,data/train/PNEUMONIA/person135_virus_271.jpeg,1072,624,L,train,PNEUMONIA,1.7179487179487178
person1360_virus_2341.jpeg,data/train/PNEUMONIA/person1360_virus_2341.jpeg,1632,1200,L,train,PNEUMONIA,1.36
person1361_bacteria_3476.jpeg,data/train/PNEUMONIA/person1361_bacteria_3476.jpeg,1240,920,L,train,PNEUMONIA,1.3478260869565217
person1361_bacteria_3477.jpeg,data/train/PNEUMONIA/person1361_bacteria_3477.jpeg,1192,760,L,train,PNEUMONIA,1.568421052631579
person1361_virus_2342.jpeg,data/train/PNEUMONIA/person1361_virus_2342.jpeg,1416,904,L,train,PNEUMONIA,1.5663716814159292
person1361_virus_2344.jpeg,data/train/PNEUMONIA/person1361_virus_2344.jpeg,1232,880,L,train,PNEUMONIA,1.4
person1362_virus_2345.jpeg,data/train/PNEUMONIA/person1362_virus_2345.jpeg,1360,1296,L,train,PNEUMONIA,1.0493827160493827
person1363_bacteria_3483.jpeg,data/train/PNEUMONIA/person1363_bacteria_3483.jpeg,1320,944,L,train,PNEUMONIA,1.3983050847457628
person1363_bacteria_3484.jpeg,data/train/PNEUMONIA/person1363_bacteria_3484.jpeg,1216,872,L,train,PNEUMONIA,1.3944954128440368
person1363_virus_2346.jpeg,data/train/PNEUMONIA/person1363_virus_2346.jpeg,1504,1056,L,train,PNEUMONIA,1.4242424242424243
person1365_bacteria_3489.jpeg,data/train/PNEUMONIA/person1365_bacteria_3489.jpeg,1000,568,L,train,PNEUMONIA,1.7605633802816902
person1365_virus_2348.jpeg,data/train/PNEUMONIA/person1365_virus_2348.jpeg,1152,840,L,train,PNEUMONIA,1.3714285714285714
person1366_bacteria_3490.jpeg,data/train/PNEUMONIA/person1366_bacteria_3490.jpeg,1816,1488,L,train,PNEUMONIA,1.2204301075268817
person1366_virus_2349.jpeg,data/train/PNEUMONIA/person1366_virus_2349.jpeg,1192,672,L,train,PNEUMONIA,1.7738095238095237
person1367_virus_2351.jpeg,data/train/PNEUMONIA/person1367_virus_2351.jpeg,1296,848,L,train,PNEUMONIA,1.528301886792453
person1368_virus_2352.jpeg,data/train/PNEUMONIA/person1368_virus_2352.jpeg,1312,824,L,train,PNEUMONIA,1.5922330097087378
person1368_virus_2353.jpeg,data/train/PNEUMONIA/person1368_virus_2353.jpeg,1320,1048,L,train,PNEUMONIA,1.2595419847328244
person1368_virus_2354.jpeg,data/train/PNEUMONIA/person1368_virus_2354.jpeg,1296,928,L,train,PNEUMONIA,1.396551724137931
person1369_virus_2355.jpeg,data/train/PNEUMONIA/person1369_virus_2355.jpeg,852,444,RGB,train,PNEUMONIA,1.9189189189189189
person1369_virus_2356.jpeg,data/train/PNEUMONIA/person1369_virus_2356.jpeg,1003,413,RGB,train,PNEUMONIA,2.4285714285714284
person1371_virus_2361.jpeg,data/train/PNEUMONIA/person1371_virus_2361.jpeg,1120,680,L,train,PNEUMONIA,1.6470588235294117
person1371_virus_2362.jpeg,data/train/PNEUMONIA/person1371_virus_2362.jpeg,1072,648,L,train,PNEUMONIA,1.654320987654321
person1372_bacteria_3498.jpeg,data/train/PNEUMONIA/person1372_bacteria_3498.jpeg,1856,1312,L,train,PNEUMONIA,1.4146341463414633
person1372_bacteria_3499.jpeg,data/train/PNEUMONIA/person1372_bacteria_3499.jpeg,1688,1392,L,train,PNEUMONIA,1.2126436781609196
person1372_bacteria_3500.jpeg,data/train/PNEUMONIA/person1372_bacteria_3500.jpeg,1624,1288,L,train,PNEUMONIA,1.2608695652173914
person1372_bacteria_3501.jpeg,data/train/PNEUMONIA/person1372_bacteria_3501.jpeg,1800,1512,L,train,PNEUMONIA,1.1904761904761905
person1372_bacteria_3502.jpeg,data/train/PNEUMONIA/person1372_bacteria_3502.jpeg,1800,1512,L,train,PNEUMONIA,1.1904761904761905
person1372_bacteria_3503.jpeg,data/train/PNEUMONIA/person1372_bacteria_3503.jpeg,1800,1512,L,train,PNEUMONIA,1.1904761904761905
person1374_bacteria_3506.jpeg,data/train/PNEUMONIA/person1374_bacteria_3506.jpeg,1552,840,L,train,PNEUMONIA,1.8476190476190477
person1374_bacteria_3507.jpeg,data/train/PNEUMONIA/person1374_bacteria_3507.jpeg,1416,1016,L,train,PNEUMONIA,1.3937007874015748
person1374_virus_2365.jpeg,data/train/PNEUMONIA/person1374_virus_2365.jpeg,1136,576,L,train,PNEUMONIA,1.9722222222222223
person1375_bacteria_3509.jpeg,data/train/PNEUMONIA/person1375_bacteria_3509.jpeg,1320,800,L,train,PNEUMONIA,1.65
person1375_bacteria_3510.jpeg,data/train/PNEUMONIA/person1375_bacteria_3510.jpeg,1312,816,L,train,PNEUMONIA,1.607843137254902
person1375_virus_2366.jpeg,data/train/PNEUMONIA/person1375_virus_2366.jpeg,1512,1056,L,train,PNEUMONIA,1.4318181818181819
person1376_bacteria_3511.jpeg,data/train/PNEUMONIA/person1376_bacteria_3511.jpeg,1416,856,L,train,PNEUMONIA,1.6542056074766356
person1376_virus_2367.jpeg,data/train/PNEUMONIA/person1376_virus_2367.jpeg,1264,712,L,train,PNEUMONIA,1.7752808988764044
person1377_bacteria_3512.jpeg,data/train/PNEUMONIA/person1377_bacteria_3512.jpeg,1400,1072,L,train,PNEUMONIA,1.3059701492537314
person1377_virus_2369.jpeg,data/train/PNEUMONIA/person1377_virus_2369.jpeg,1584,720,L,train,PNEUMONIA,2.2
person1378_bacteria_3513.jpeg,data/train/PNEUMONIA/person1378_bacteria_3513.jpeg,928,504,L,train,PNEUMONIA,1.8412698412698412
person1379_bacteria_3514.jpeg,data/train/PNEUMONIA/person1379_bacteria_3514.jpeg,1216,720,L,train,PNEUMONIA,1.6888888888888889
person137_virus_281.jpeg,data/train/PNEUMONIA/person137_virus_281.jpeg,1320,1000,L,train,PNEUMONIA,1.32
person1380_bacteria_3515.jpeg,data/train/PNEUMONIA/person1380_bacteria_3515.jpeg,1064,688,L,train,PNEUMONIA,1.5465116279069768
person1381_bacteria_3516.jpeg,data/train/PNEUMONIA/person1381_bacteria_3516.jpeg,1944,1560,L,train,PNEUMONIA,1.2461538461538462
person1381_bacteria_3517.jpeg,data/train/PNEUMONIA/person1381_bacteria_3517.jpeg,1984,1576,L,train,PNEUMONIA,1.2588832487309645
person1381_virus_2375.jpeg,data/train/PNEUMONIA/person1381_virus_2375.jpeg,1352,840,L,train,PNEUMONIA,1.6095238095238096
person1383_bacteria_3521.jpeg,data/train/PNEUMONIA/person1383_bacteria_3521.jpeg,1224,680,L,train,PNEUMONIA,1.8
person1383_virus_2377.jpeg,data/train/PNEUMONIA/person1383_virus_2377.jpeg,1240,960,L,train,PNEUMONIA,1.2916666666666667
person1384_bacteria_3522.jpeg,data/train/PNEUMONIA/person1384_bacteria_3522.jpeg,1104,848,L,train,PNEUMONIA,1.3018867924528301
person1385_bacteria_3524.jpeg,data/train/PNEUMONIA/person1385_bacteria_3524.jpeg,1288,784,L,train,PNEUMONIA,1.6428571428571428
person1385_virus_2380.jpeg,data/train/PNEUMONIA/person1385_virus_2380.jpeg,1320,856,L,train,PNEUMONIA,1.5420560747663552
person1387_virus_2382.jpeg,data/train/PNEUMONIA/person1387_virus_2382.jpeg,1368,760,L,train,PNEUMONIA,1.8
person1388_bacteria_3529.jpeg,data/train/PNEUMONIA/person1388_bacteria_3529.jpeg,1128,680,L,train,PNEUMONIA,1.6588235294117648
person1389_bacteria_3531.jpeg,data/train/PNEUMONIA/person1389_bacteria_3531.jpeg,1056,744,L,train,PNEUMONIA,1.4193548387096775
person1389_virus_2387.jpeg,data/train/PNEUMONIA/person1389_virus_2387.jpeg,1392,776,L,train,PNEUMONIA,1.7938144329896908
person138_virus_282.jpeg,data/train/PNEUMONIA/person138_virus_282.jpeg,928,496,L,train,PNEUMONIA,1.8709677419354838
person1390_bacteria_3534.jpeg,data/train/PNEUMONIA/person1390_bacteria_3534.jpeg,1128,688,L,train,PNEUMONIA,1.6395348837209303
person1390_bacteria_3535.jpeg,data/train/PNEUMONIA/person1390_bacteria_3535.jpeg,1056,584,L,train,PNEUMONIA,1.8082191780821917
person1391_bacteria_3536.jpeg,data/train/PNEUMONIA/person1391_bacteria_3536.jpeg,1576,1200,L,train,PNEUMONIA,1.3133333333333332
person1391_bacteria_3537.jpeg,data/train/PNEUMONIA/person1391_bacteria_3537.jpeg,1384,1072,L,train,PNEUMONIA,1.291044776119403
person1392_bacteria_3538.jpeg,data/train/PNEUMONIA/person1392_bacteria_3538.jpeg,1232,832,L,train,PNEUMONIA,1.4807692307692308
person1393_virus_2396.jpeg,data/train/PNEUMONIA/person1393_virus_2396.jpeg,1240,720,L,train,PNEUMONIA,1.7222222222222223
person1394_virus_2397.jpeg,data/train/PNEUMONIA/person1394_virus_2397.jpeg,1440,896,L,train,PNEUMONIA,1.6071428571428572
person1395_bacteria_3544.jpeg,data/train/PNEUMONIA/person1395_bacteria_3544.jpeg,1848,1448,L,train,PNEUMONIA,1.276243093922652
person1395_virus_2398.jpeg,data/train/PNEUMONIA/person1395_virus_2398.jpeg,1208,728,L,train,PNEUMONIA,1.6593406593406594
person1396_bacteria_3545.jpeg,data/train/PNEUMONIA/person1396_bacteria_3545.jpeg,1160,856,L,train,PNEUMONIA,1.355140186915888
person1396_virus_2399.jpeg,data/train/PNEUMONIA/person1396_virus_2399.jpeg,1432,1128,L,train,PNEUMONIA,1.2695035460992907
person1397_virus_2400.jpeg,data/train/PNEUMONIA/person1397_virus_2400.jpeg,1176,696,L,train,PNEUMONIA,1.6896551724137931
person1398_bacteria_3548.jpeg,data/train/PNEUMONIA/person1398_bacteria_3548.jpeg,1544,1280,L,train,PNEUMONIA,1.20625
person1398_virus_2401.jpeg,data/train/PNEUMONIA/person1398_virus_2401.jpeg,1144,696,L,train,PNEUMONIA,1.6436781609195403
person1399_bacteria_3549.jpeg,data/train/PNEUMONIA/person1399_bacteria_3549.jpeg,1696,1432,L,train,PNEUMONIA,1.1843575418994414
person1399_virus_2402.jpeg,data/train/PNEUMONIA/person1399_virus_2402.jpeg,872,608,L,train,PNEUMONIA,1.4342105263157894
person139_virus_283.jpeg,data/train/PNEUMONIA/person139_virus_283.jpeg,1576,1064,L,train,PNEUMONIA,1.481203007518797
person13_bacteria_49.jpeg,data/train/PNEUMONIA/person13_bacteria_49.jpeg,1666,1392,L,train,PNEUMONIA,1.1968390804597702
person13_bacteria_50.jpeg,data/train/PNEUMONIA/person13_bacteria_50.jpeg,1762,1535,L,train,PNEUMONIA,1.1478827361563517
person1400_bacteria_3550.jpeg,data/train/PNEUMONIA/person1400_bacteria_3550.jpeg,1272,784,L,train,PNEUMONIA,1.6224489795918366
person1400_bacteria_3551.jpeg,data/train/PNEUMONIA/person1400_bacteria_3551.jpeg,1168,872,L,train,PNEUMONIA,1.3394495412844036
person1400_bacteria_3553.jpeg,data/train/PNEUMONIA/person1400_bacteria_3553.jpeg,1240,1048,L,train,PNEUMONIA,1.183206106870229
person1400_bacteria_3554.jpeg,data/train/PNEUMONIA/person1400_bacteria_3554.jpeg,1576,960,L,train,PNEUMONIA,1.6416666666666666
person1401_bacteria_3555.jpeg,data/train/PNEUMONIA/person1401_bacteria_3555.jpeg,1088,560,L,train,PNEUMONIA,1.9428571428571428
person1402_virus_2405.jpeg,data/train/PNEUMONIA/person1402_virus_2405.jpeg,1136,648,L,train,PNEUMONIA,1.7530864197530864
person1403_bacteria_3557.jpeg,data/train/PNEUMONIA/person1403_bacteria_3557.jpeg,1208,920,L,train,PNEUMONIA,1.3130434782608695
person1403_bacteria_3559.jpeg,data/train/PNEUMONIA/person1403_bacteria_3559.jpeg,1304,768,L,train,PNEUMONIA,1.6979166666666667
person1403_virus_2406.jpeg,data/train/PNEUMONIA/person1403_virus_2406.jpeg,1064,600,L,train,PNEUMONIA,1.7733333333333334
person1404_bacteria_3561.jpeg,data/train/PNEUMONIA/person1404_bacteria_3561.jpeg,1392,968,L,train,PNEUMONIA,1.43801652892562
person1405_bacteria_3564.jpeg,data/train/PNEUMONIA/person1405_bacteria_3564.jpeg,1432,1016,L,train,PNEUMONIA,1.4094488188976377
person1405_bacteria_3566.jpeg,data/train/PNEUMONIA/person1405_bacteria_3566.jpeg,1392,936,L,train,PNEUMONIA,1.4871794871794872
person1405_bacteria_3567.jpeg,data/train/PNEUMONIA/person1405_bacteria_3567.jpeg,1488,816,L,train,PNEUMONIA,1.8235294117647058
person1405_bacteria_3571.jpeg,data/train/PNEUMONIA/person1405_bacteria_3571.jpeg,1216,824,L,train,PNEUMONIA,1.4757281553398058
person1405_bacteria_3573.jpeg,data/train/PNEUMONIA/person1405_bacteria_3573.jpeg,1352,944,L,train,PNEUMONIA,1.4322033898305084
person1405_virus_2408.jpeg,data/train/PNEUMONIA/person1405_virus_2408.jpeg,1816,1216,L,train,PNEUMONIA,1.493421052631579
person1406_bacteria_3574.jpeg,data/train/PNEUMONIA/person1406_bacteria_3574.jpeg,1304,824,L,train,PNEUMONIA,1.5825242718446602
person1406_bacteria_3575.jpeg,data/train/PNEUMONIA/person1406_bacteria_3575.jpeg,1240,848,L,train,PNEUMONIA,1.4622641509433962
person1406_virus_2409.jpeg,data/train/PNEUMONIA/person1406_virus_2409.jpeg,1488,1048,L,train,PNEUMONIA,1.4198473282442747
person1407_virus_2410.jpeg,data/train/PNEUMONIA/person1407_virus_2410.jpeg,1208,776,L,train,PNEUMONIA,1.556701030927835
person1408_bacteria_3579.jpeg,data/train/PNEUMONIA/person1408_bacteria_3579.jpeg,1744,1224,L,train,PNEUMONIA,1.4248366013071896
person1408_bacteria_3581.jpeg,data/train/PNEUMONIA/person1408_bacteria_3581.jpeg,1576,1288,L,train,PNEUMONIA,1.2236024844720497
person1408_virus_2411.jpeg,data/train/PNEUMONIA/person1408_virus_2411.jpeg,1392,1120,L,train,PNEUMONIA,1.2428571428571429
person1409_bacteria_3583.jpeg,data/train/PNEUMONIA/person1409_bacteria_3583.jpeg,1712,1272,L,train,PNEUMONIA,1.3459119496855345
person1409_bacteria_3585.jpeg,data/train/PNEUMONIA/person1409_bacteria_3585.jpeg,1680,1256,L,train,PNEUMONIA,1.3375796178343948
person1409_virus_2413.jpeg,data/train/PNEUMONIA/person1409_virus_2413.jpeg,984,672,L,train,PNEUMONIA,1.4642857142857142
person140_virus_284.jpeg,data/train/PNEUMONIA/person140_virus_284.jpeg,1896,1360,L,train,PNEUMONIA,1.3941176470588235
person140_virus_285.jpeg,data/train/PNEUMONIA/person140_virus_285.jpeg,2048,1656,L,train,PNEUMONIA,1.2367149758454106
person1411_bacteria_3591.jpeg,data/train/PNEUMONIA/person1411_bacteria_3591.jpeg,1672,1488,L,train,PNEUMONIA,1.1236559139784945
person1411_bacteria_3593.jpeg,data/train/PNEUMONIA/person1411_bacteria_3593.jpeg,1904,1480,L,train,PNEUMONIA,1.2864864864864864
person1411_bacteria_3598.jpeg,data/train/PNEUMONIA/person1411_bacteria_3598.jpeg,1648,1240,L,train,PNEUMONIA,1.3290322580645162
person1411_bacteria_3599.jpeg,data/train/PNEUMONIA/person1411_bacteria_3599.jpeg,1712,1488,L,train,PNEUMONIA,1.1505376344086022
person1411_bacteria_3601.jpeg,data/train/PNEUMONIA/person1411_bacteria_3601.jpeg,1808,1352,L,train,PNEUMONIA,1.3372781065088757
person1411_bacteria_3602.jpeg,data/train/PNEUMONIA/person1411_bacteria_3602.jpeg,1624,1312,L,train,PNEUMONIA,1.2378048780487805
person1411_bacteria_3603.jpeg,data/train/PNEUMONIA/person1411_bacteria_3603.jpeg,1656,1264,L,train,PNEUMONIA,1.3101265822784811
person1411_bacteria_3604.jpeg,data/train/PNEUMONIA/person1411_bacteria_3604.jpeg,1648,1208,L,train,PNEUMONIA,1.3642384105960266
person1411_bacteria_3607.jpeg,data/train/PNEUMONIA/person1411_bacteria_3607.jpeg,1816,1608,L,train,PNEUMONIA,1.1293532338308458
person1411_bacteria_3609.jpeg,data/train/PNEUMONIA/person1411_bacteria_3609.jpeg,1616,1216,L,train,PNEUMONIA,1.3289473684210527
person1411_bacteria_3610.jpeg,data/train/PNEUMONIA/person1411_bacteria_3610.jpeg,1656,1288,L,train,PNEUMONIA,1.2857142857142858
person1411_virus_2415.jpeg,data/train/PNEUMONIA/person1411_virus_2415.jpeg,1440,1224,L,train,PNEUMONIA,1.1764705882352942
person1412_bacteria_3612.jpeg,data/train/PNEUMONIA/person1412_bacteria_3612.jpeg,1256,784,L,train,PNEUMONIA,1.6020408163265305
person1413_bacteria_3613.jpeg,data/train/PNEUMONIA/person1413_bacteria_3613.jpeg,1224,848,L,train,PNEUMONIA,1.4433962264150944
person1413_bacteria_3615.jpeg,data/train/PNEUMONIA/person1413_bacteria_3615.jpeg,1400,704,L,train,PNEUMONIA,1.9886363636363635
person1413_bacteria_3617.jpeg,data/train/PNEUMONIA/person1413_bacteria_3617.jpeg,1440,856,L,train,PNEUMONIA,1.6822429906542056
person1413_bacteria_3620.jpeg,data/train/PNEUMONIA/person1413_bacteria_3620.jpeg,1408,800,L,train,PNEUMONIA,1.76
person1413_virus_2422.jpeg,data/train/PNEUMONIA/person1413_virus_2422.jpeg,1136,968,L,train,PNEUMONIA,1.1735537190082646
person1413_virus_2423.jpeg,data/train/PNEUMONIA/person1413_virus_2423.jpeg,1336,1056,L,train,PNEUMONIA,1.2651515151515151
person1414_bacteria_3627.jpeg,data/train/PNEUMONIA/person1414_bacteria_3627.jpeg,1232,704,L,train,PNEUMONIA,1.75
person1414_bacteria_3628.jpeg,data/train/PNEUMONIA/person1414_bacteria_3628.jpeg,1288,896,L,train,PNEUMONIA,1.4375
person1414_virus_2424.jpeg,data/train/PNEUMONIA/person1414_virus_2424.jpeg,1064,592,L,train,PNEUMONIA,1.7972972972972974
person1415_bacteria_3629.jpeg,data/train/PNEUMONIA/person1415_bacteria_3629.jpeg,1136,1008,L,train,PNEUMONIA,1.126984126984127
person1415_virus_2425.jpeg,data/train/PNEUMONIA/person1415_virus_2425.jpeg,1600,1088,L,train,PNEUMONIA,1.4705882352941178
person1416_virus_2427.jpeg,data/train/PNEUMONIA/person1416_virus_2427.jpeg,1528,952,L,train,PNEUMONIA,1.6050420168067228
person1417_bacteria_3635.jpeg,data/train/PNEUMONIA/person1417_bacteria_3635.jpeg,1528,1056,L,train,PNEUMONIA,1.446969696969697
person1418_bacteria_3636.jpeg,data/train/PNEUMONIA/person1418_bacteria_3636.jpeg,1408,1152,L,train,PNEUMONIA,1.2222222222222223
person1418_bacteria_3637.jpeg,data/train/PNEUMONIA/person1418_bacteria_3637.jpeg,1216,1032,L,train,PNEUMONIA,1.178294573643411
person1418_bacteria_3638.jpeg,data/train/PNEUMONIA/person1418_bacteria_3638.jpeg,1464,1080,L,train,PNEUMONIA,1.3555555555555556
person1418_bacteria_3639.jpeg,data/train/PNEUMONIA/person1418_bacteria_3639.jpeg,1352,1088,L,train,PNEUMONIA,1.2426470588235294
person1418_bacteria_3643.jpeg,data/train/PNEUMONIA/person1418_bacteria_3643.jpeg,1296,1040,L,train,PNEUMONIA,1.2461538461538462
person1418_virus_2429.jpeg,data/train/PNEUMONIA/person1418_virus_2429.jpeg,1496,976,L,train,PNEUMONIA,1.5327868852459017
person1419_bacteria_3645.jpeg,data/train/PNEUMONIA/person1419_bacteria_3645.jpeg,1096,592,L,train,PNEUMONIA,1.8513513513513513
person141_virus_287.jpeg,data/train/PNEUMONIA/person141_virus_287.jpeg,1608,1168,L,train,PNEUMONIA,1.3767123287671232
person1420_bacteria_3647.jpeg,data/train/PNEUMONIA/person1420_bacteria_3647.jpeg,944,808,L,train,PNEUMONIA,1.1683168316831682
person1420_virus_2431.jpeg,data/train/PNEUMONIA/person1420_virus_2431.jpeg,1328,952,L,train,PNEUMONIA,1.3949579831932772
person1422_bacteria_3649.jpeg,data/train/PNEUMONIA/person1422_bacteria_3649.jpeg,880,424,L,train,PNEUMONIA,2.0754716981132075
person1422_virus_2434.jpeg,data/train/PNEUMONIA/person1422_virus_2434.jpeg,1104,824,L,train,PNEUMONIA,1.3398058252427185
person1423_bacteria_3650.jpeg,data/train/PNEUMONIA/person1423_bacteria_3650.jpeg,1232,776,L,train,PNEUMONIA,1.5876288659793814
person1424_bacteria_3651.jpeg,data/train/PNEUMONIA/person1424_bacteria_3651.jpeg,1192,872,L,train,PNEUMONIA,1.3669724770642202
person1424_virus_2437.jpeg,data/train/PNEUMONIA/person1424_virus_2437.jpeg,1152,664,L,train,PNEUMONIA,1.7349397590361446
person1425_virus_2438.jpeg,data/train/PNEUMONIA/person1425_virus_2438.jpeg,984,504,L,train,PNEUMONIA,1.9523809523809523
person1426_bacteria_3667.jpeg,data/train/PNEUMONIA/person1426_bacteria_3667.jpeg,1360,864,L,train,PNEUMONIA,1.5740740740740742
person1426_bacteria_3668.jpeg,data/train/PNEUMONIA/person1426_bacteria_3668.jpeg,1352,800,L,train,PNEUMONIA,1.69
person1426_virus_2439.jpeg,data/train/PNEUMONIA/person1426_virus_2439.jpeg,952,584,L,train,PNEUMONIA,1.63013698630137
person1427_virus_2441.jpeg,data/train/PNEUMONIA/person1427_virus_2441.jpeg,1712,1136,L,train,PNEUMONIA,1.5070422535211268
person1428_virus_2442.jpeg,data/train/PNEUMONIA/person1428_virus_2442.jpeg,1680,1032,L,train,PNEUMONIA,1.627906976744186
person1429_bacteria_3688.jpeg,data/train/PNEUMONIA/person1429_bacteria_3688.jpeg,1824,1632,L,train,PNEUMONIA,1.1176470588235294
person1429_bacteria_3690.jpeg,data/train/PNEUMONIA/person1429_bacteria_3690.jpeg,1688,1528,L,train,PNEUMONIA,1.1047120418848169
person1429_bacteria_3691.jpeg,data/train/PNEUMONIA/person1429_bacteria_3691.jpeg,1704,1344,L,train,PNEUMONIA,1.2678571428571428
person1429_virus_2443.jpeg,data/train/PNEUMONIA/person1429_virus_2443.jpeg,1512,1088,L,train,PNEUMONIA,1.3897058823529411
person142_virus_288.jpeg,data/train/PNEUMONIA/person142_virus_288.jpeg,1720,1192,L,train,PNEUMONIA,1.4429530201342282
person1430_bacteria_3693.jpeg,data/train/PNEUMONIA/person1430_bacteria_3693.jpeg,984,520,L,train,PNEUMONIA,1.8923076923076922
person1430_bacteria_3694.jpeg,data/train/PNEUMONIA/person1430_bacteria_3694.jpeg,976,568,L,train,PNEUMONIA,1.7183098591549295
person1430_bacteria_3695.jpeg,data/train/PNEUMONIA/person1430_bacteria_3695.jpeg,1144,792,L,train,PNEUMONIA,1.4444444444444444
person1430_bacteria_3696.jpeg,data/train/PNEUMONIA/person1430_bacteria_3696.jpeg,1144,792,L,train,PNEUMONIA,1.4444444444444444
person1430_bacteria_3697.jpeg,data/train/PNEUMONIA/person1430_bacteria_3697.jpeg,1144,888,L,train,PNEUMONIA,1.2882882882882882
person1430_virus_2444.jpeg,data/train/PNEUMONIA/person1430_virus_2444.jpeg,1200,864,L,train,PNEUMONIA,1.3888888888888888
person1431_bacteria_3698.jpeg,data/train/PNEUMONIA/person1431_bacteria_3698.jpeg,1376,1024,L,train,PNEUMONIA,1.34375
person1432_bacteria_3699.jpeg,data/train/PNEUMONIA/person1432_bacteria_3699.jpeg,976,632,L,train,PNEUMONIA,1.5443037974683544
person1433_bacteria_3701.jpeg,data/train/PNEUMONIA/person1433_bacteria_3701.jpeg,1232,704,L,train,PNEUMONIA,1.75
person1433_bacteria_3704.jpeg,data/train/PNEUMONIA/person1433_bacteria_3704.jpeg,1240,824,L,train,PNEUMONIA,1.5048543689320388
person1433_bacteria_3705.jpeg,data/train/PNEUMONIA/person1433_bacteria_3705.jpeg,1232,824,L,train,PNEUMONIA,1.4951456310679612
person1433_virus_2447.jpeg,data/train/PNEUMONIA/person1433_virus_2447.jpeg,1280,856,L,train,PNEUMONIA,1.4953271028037383
person1436_bacteria_3711.jpeg,data/train/PNEUMONIA/person1436_bacteria_3711.jpeg,1384,912,L,train,PNEUMONIA,1.5175438596491229
person1436_bacteria_3712.jpeg,data/train/PNEUMONIA/person1436_bacteria_3712.jpeg,1480,1088,L,train,PNEUMONIA,1.3602941176470589
person1438_bacteria_3715.jpeg,data/train/PNEUMONIA/person1438_bacteria_3715.jpeg,944,632,L,train,PNEUMONIA,1.4936708860759493
person1438_bacteria_3718.jpeg,data/train/PNEUMONIA/person1438_bacteria_3718.jpeg,976,568,L,train,PNEUMONIA,1.7183098591549295
person1438_bacteria_3721.jpeg,data/train/PNEUMONIA/person1438_bacteria_3721.jpeg,984,672,L,train,PNEUMONIA,1.4642857142857142
person1438_virus_2452.jpeg,data/train/PNEUMONIA/person1438_virus_2452.jpeg,1088,592,L,train,PNEUMONIA,1.837837837837838
person1439_bacteria_3722.jpeg,data/train/PNEUMONIA/person1439_bacteria_3722.jpeg,1168,760,L,train,PNEUMONIA,1.5368421052631578
person1439_virus_2453.jpeg,data/train/PNEUMONIA/person1439_virus_2453.jpeg,968,576,L,train,PNEUMONIA,1.6805555555555556
person143_virus_289.jpeg,data/train/PNEUMONIA/person143_virus_289.jpeg,1368,992,L,train,PNEUMONIA,1.3790322580645162
person1440_bacteria_3723.jpeg,data/train/PNEUMONIA/person1440_bacteria_3723.jpeg,1272,984,L,train,PNEUMONIA,1.2926829268292683
person1441_bacteria_3724.jpeg,data/train/PNEUMONIA/person1441_bacteria_3724.jpeg,1576,1144,L,train,PNEUMONIA,1.3776223776223777
person1441_virus_2454.jpeg,data/train/PNEUMONIA/person1441_virus_2454.jpeg,1760,1232,L,train,PNEUMONIA,1.4285714285714286
person1441_virus_2457.jpeg,data/train/PNEUMONIA/person1441_virus_2457.jpeg,1760,1280,L,train,PNEUMONIA,1.375
person1442_bacteria_3726.jpeg,data/train/PNEUMONIA/person1442_bacteria_3726.jpeg,1136,760,L,train,PNEUMONIA,1.4947368421052631
person1444_bacteria_3732.jpeg,data/train/PNEUMONIA/person1444_bacteria_3732.jpeg,1752,1480,L,train,PNEUMONIA,1.1837837837837837
person1445_bacteria_3734.jpeg,data/train/PNEUMONIA/person1445_bacteria_3734.jpeg,1552,1544,L,train,PNEUMONIA,1.005181347150259
person1445_bacteria_3735.jpeg,data/train/PNEUMONIA/person1445_bacteria_3735.jpeg,1576,1544,L,train,PNEUMONIA,1.0207253886010363
person1446_bacteria_3737.jpeg,data/train/PNEUMONIA/person1446_bacteria_3737.jpeg,1224,768,L,train,PNEUMONIA,1.59375
person1446_bacteria_3739.jpeg,data/train/PNEUMONIA/person1446_bacteria_3739.jpeg,1248,712,L,train,PNEUMONIA,1.752808988764045
person1446_bacteria_3740.jpeg,data/train/PNEUMONIA/person1446_bacteria_3740.jpeg,1248,792,L,train,PNEUMONIA,1.5757575757575757
person1447_bacteria_3741.jpeg,data/train/PNEUMONIA/person1447_bacteria_3741.jpeg,1552,1104,L,train,PNEUMONIA,1.4057971014492754
person1448_virus_2468.jpeg,data/train/PNEUMONIA/person1448_virus_2468.jpeg,1408,839,L,train,PNEUMONIA,1.6781883194278904
person1449_bacteria_3743.jpeg,data/train/PNEUMONIA/person1449_bacteria_3743.jpeg,1632,1400,L,train,PNEUMONIA,1.1657142857142857
person1449_bacteria_3745.jpeg,data/train/PNEUMONIA/person1449_bacteria_3745.jpeg,1472,1168,L,train,PNEUMONIA,1.2602739726027397
person1449_bacteria_3746.jpeg,data/train/PNEUMONIA/person1449_bacteria_3746.jpeg,1512,1136,L,train,PNEUMONIA,1.3309859154929577
person1449_bacteria_3747.jpeg,data/train/PNEUMONIA/person1449_bacteria_3747.jpeg,1592,1152,L,train,PNEUMONIA,1.3819444444444444
person1449_virus_2474.jpeg,data/train/PNEUMONIA/person1449_virus_2474.jpeg,896,600,L,train,PNEUMONIA,1.4933333333333334
person1449_virus_2476.jpeg,data/train/PNEUMONIA/person1449_virus_2476.jpeg,1190,709,L,train,PNEUMONIA,1.6784203102961919
person1450_bacteria_3753.jpeg,data/train/PNEUMONIA/person1450_bacteria_3753.jpeg,1192,888,L,train,PNEUMONIA,1.3423423423423424
person1451_virus_2479.jpeg,data/train/PNEUMONIA/person1451_virus_2479.jpeg,880,560,L,train,PNEUMONIA,1.5714285714285714
person1451_virus_2480.jpeg,data/train/PNEUMONIA/person1451_virus_2480.jpeg,912,584,L,train,PNEUMONIA,1.5616438356164384
person1451_virus_2482.jpeg,data/train/PNEUMONIA/person1451_virus_2482.jpeg,912,528,L,train,PNEUMONIA,1.7272727272727273
person1452_virus_2484.jpeg,data/train/PNEUMONIA/person1452_virus_2484.jpeg,1136,680,L,train,PNEUMONIA,1.6705882352941177
person1453_bacteria_3770.jpeg,data/train/PNEUMONIA/person1453_bacteria_3770.jpeg,1208,1120,L,train,PNEUMONIA,1.0785714285714285
person1453_bacteria_3771.jpeg,data/train/PNEUMONIA/person1453_bacteria_3771.jpeg,1360,832,L,train,PNEUMONIA,1.6346153846153846
person1453_bacteria_3772.jpeg,data/train/PNEUMONIA/person1453_bacteria_3772.jpeg,1360,848,L,train,PNEUMONIA,1.6037735849056605
person1453_virus_2485.jpeg,data/train/PNEUMONIA/person1453_virus_2485.jpeg,904,544,L,train,PNEUMONIA,1.661764705882353
person1454_bacteria_3774.jpeg,data/train/PNEUMONIA/person1454_bacteria_3774.jpeg,1344,848,L,train,PNEUMONIA,1.5849056603773586
person1454_bacteria_3778.jpeg,data/train/PNEUMONIA/person1454_bacteria_3778.jpeg,1456,976,L,train,PNEUMONIA,1.4918032786885247
person1454_bacteria_3779.jpeg,data/train/PNEUMONIA/person1454_bacteria_3779.jpeg,1440,1008,L,train,PNEUMONIA,1.4285714285714286
person1454_bacteria_3780.jpeg,data/train/PNEUMONIA/person1454_bacteria_3780.jpeg,1456,1104,L,train,PNEUMONIA,1.318840579710145
person1454_bacteria_3781.jpeg,data/train/PNEUMONIA/person1454_bacteria_3781.jpeg,1408,856,L,train,PNEUMONIA,1.644859813084112
person1454_bacteria_3782.jpeg,data/train/PNEUMONIA/person1454_bacteria_3782.jpeg,1624,1016,L,train,PNEUMONIA,1.5984251968503937
person1454_virus_2486.jpeg,data/train/PNEUMONIA/person1454_virus_2486.jpeg,1248,848,L,train,PNEUMONIA,1.471698113207547
person1455_bacteria_3784.jpeg,data/train/PNEUMONIA/person1455_bacteria_3784.jpeg,856,456,L,train,PNEUMONIA,1.8771929824561404
person1455_virus_2487.jpeg,data/train/PNEUMONIA/person1455_virus_2487.jpeg,896,536,L,train,PNEUMONIA,1.671641791044776
person1455_virus_2488.jpeg,data/train/PNEUMONIA/person1455_virus_2488.jpeg,904,608,L,train,PNEUMONIA,1.486842105263158
person1455_virus_2489.jpeg,data/train/PNEUMONIA/person1455_virus_2489.jpeg,936,424,L,train,PNEUMONIA,2.207547169811321
person1455_virus_2490.jpeg,data/train/PNEUMONIA/person1455_virus_2490.jpeg,1040,736,L,train,PNEUMONIA,1.4130434782608696
person1455_virus_2492.jpeg,data/train/PNEUMONIA/person1455_virus_2492.jpeg,832,512,L,train,PNEUMONIA,1.625
person1455_virus_2496.jpeg,data/train/PNEUMONIA/person1455_virus_2496.jpeg,1148,677,L,train,PNEUMONIA,1.6957163958641064
person1457_virus_2498.jpeg,data/train/PNEUMONIA/person1457_virus_2498.jpeg,1592,1080,L,train,PNEUMONIA,1.474074074074074
person1458_virus_2501.jpeg,data/train/PNEUMONIA/person1458_virus_2501.jpeg,1160,960,L,train,PNEUMONIA,1.2083333333333333
person1458_virus_2502.jpeg,data/train/PNEUMONIA/person1458_virus_2502.jpeg,1288,984,L,train,PNEUMONIA,1.3089430894308942
person1458_virus_2503.jpeg,data/train/PNEUMONIA/person1458_virus_2503.jpeg,1192,800,L,train,PNEUMONIA,1.49
person1459_bacteria_3796.jpeg,data/train/PNEUMONIA/person1459_bacteria_3796.jpeg,1248,816,L,train,PNEUMONIA,1.5294117647058822
person1459_bacteria_3797.jpeg,data/train/PNEUMONIA/person1459_bacteria_3797.jpeg,1336,824,L,train,PNEUMONIA,1.6213592233009708
person1459_virus_2506.jpeg,data/train/PNEUMONIA/person1459_virus_2506.jpeg,1426,947,L,train,PNEUMONIA,1.5058078141499471
person145_virus_294.jpeg,data/train/PNEUMONIA/person145_virus_294.jpeg,904,600,L,train,PNEUMONIA,1.5066666666666666
person145_virus_295.jpeg,data/train/PNEUMONIA/person145_virus_295.jpeg,968,552,L,train,PNEUMONIA,1.7536231884057971
person1460_bacteria_3801.jpeg,data/train/PNEUMONIA/person1460_bacteria_3801.jpeg,1392,920,L,train,PNEUMONIA,1.5130434782608695
person1460_bacteria_3805.jpeg,data/train/PNEUMONIA/person1460_bacteria_3805.jpeg,1248,856,L,train,PNEUMONIA,1.4579439252336448
person1460_virus_2507.jpeg,data/train/PNEUMONIA/person1460_virus_2507.jpeg,1280,920,L,train,PNEUMONIA,1.391304347826087
person1460_virus_2509.jpeg,data/train/PNEUMONIA/person1460_virus_2509.jpeg,1272,992,L,train,PNEUMONIA,1.282258064516129
person1461_virus_2510.jpeg,data/train/PNEUMONIA/person1461_virus_2510.jpeg,1500,1195,L,train,PNEUMONIA,1.2552301255230125
person1462_virus_2512.jpeg,data/train/PNEUMONIA/person1462_virus_2512.jpeg,1816,1550,L,train,PNEUMONIA,1.1716129032258065
person1463_bacteria_3808.jpeg,data/train/PNEUMONIA/person1463_bacteria_3808.jpeg,1432,736,L,train,PNEUMONIA,1.9456521739130435
person1463_bacteria_3809.jpeg,data/train/PNEUMONIA/person1463_bacteria_3809.jpeg,1448,928,L,train,PNEUMONIA,1.5603448275862069
person1463_bacteria_3811.jpeg,data/train/PNEUMONIA/person1463_bacteria_3811.jpeg,1328,800,L,train,PNEUMONIA,1.66
person1463_virus_2516.jpeg,data/train/PNEUMONIA/person1463_virus_2516.jpeg,1168,744,L,train,PNEUMONIA,1.5698924731182795
person1465_virus_2530.jpeg,data/train/PNEUMONIA/person1465_virus_2530.jpeg,1008,560,L,train,PNEUMONIA,1.8
person1465_virus_2531.jpeg,data/train/PNEUMONIA/person1465_virus_2531.jpeg,1000,760,L,train,PNEUMONIA,1.3157894736842106
person1465_virus_2532.jpeg,data/train/PNEUMONIA/person1465_virus_2532.jpeg,1152,920,L,train,PNEUMONIA,1.2521739130434784
person1465_virus_2537.jpeg,data/train/PNEUMONIA/person1465_virus_2537.jpeg,1136,912,L,train,PNEUMONIA,1.2456140350877194
person1466_virus_2541.jpeg,data/train/PNEUMONIA/person1466_virus_2541.jpeg,984,672,L,train,PNEUMONIA,1.4642857142857142
person1466_virus_2542.jpeg,data/train/PNEUMONIA/person1466_virus_2542.jpeg,1112,704,L,train,PNEUMONIA,1.5795454545454546
person1466_virus_2543.jpeg,data/train/PNEUMONIA/person1466_virus_2543.jpeg,1090,751,L,train,PNEUMONIA,1.451398135818908
person1467_virus_2544.jpeg,data/train/PNEUMONIA/person1467_virus_2544.jpeg,1056,544,L,train,PNEUMONIA,1.9411764705882353
person1468_bacteria_3822.jpeg,data/train/PNEUMONIA/person1468_bacteria_3822.jpeg,1312,928,L,train,PNEUMONIA,1.4137931034482758
person1468_virus_2545.jpeg,data/train/PNEUMONIA/person1468_virus_2545.jpeg,1708,1214,L,train,PNEUMONIA,1.4069192751235584
person1468_virus_2546.jpeg,data/train/PNEUMONIA/person1468_virus_2546.jpeg,1670,1245,L,train,PNEUMONIA,1.3413654618473896
person1469_bacteria_3824.jpeg,data/train/PNEUMONIA/person1469_bacteria_3824.jpeg,1272,712,L,train,PNEUMONIA,1.7865168539325842
person1469_bacteria_3827.jpeg,data/train/PNEUMONIA/person1469_bacteria_3827.jpeg,1040,696,L,train,PNEUMONIA,1.4942528735632183
person1469_virus_2547.jpeg,data/train/PNEUMONIA/person1469_virus_2547.jpeg,1686,1195,L,train,PNEUMONIA,1.410878661087866
person146_virus_296.jpeg,data/train/PNEUMONIA/person146_virus_296.jpeg,1360,816,L,train,PNEUMONIA,1.6666666666666667
person1470_bacteria_3829.jpeg,data/train/PNEUMONIA/person1470_bacteria_3829.jpeg,1040,640,L,train,PNEUMONIA,1.625
person1470_bacteria_3830.jpeg,data/train/PNEUMONIA/person1470_bacteria_3830.jpeg,904,528,L,train,PNEUMONIA,1.7121212121212122
person1471_bacteria_3831.jpeg,data/train/PNEUMONIA/person1471_bacteria_3831.jpeg,1000,632,L,train,PNEUMONIA,1.5822784810126582
person1471_virus_2549.jpeg,data/train/PNEUMONIA/person1471_virus_2549.jpeg,1448,1152,L,train,PNEUMONIA,1.2569444444444444
person1472_bacteria_3833.jpeg,data/train/PNEUMONIA/person1472_bacteria_3833.jpeg,1456,1104,L,train,PNEUMONIA,1.318840579710145
person1472_bacteria_3834.jpeg,data/train/PNEUMONIA/person1472_bacteria_3834.jpeg,1368,936,L,train,PNEUMONIA,1.4615384615384615
person1472_virus_2550.jpeg,data/train/PNEUMONIA/person1472_virus_2550.jpeg,1296,968,L,train,PNEUMONIA,1.3388429752066116
person1473_bacteria_3836.jpeg,data/train/PNEUMONIA/person1473_bacteria_3836.jpeg,1048,680,L,train,PNEUMONIA,1.5411764705882354
person1473_virus_2551.jpeg,data/train/PNEUMONIA/person1473_virus_2551.jpeg,2088,1840,L,train,PNEUMONIA,1.1347826086956523
person1473_virus_2553.jpeg,data/train/PNEUMONIA/person1473_virus_2553.jpeg,1912,1768,L,train,PNEUMONIA,1.081447963800905
person1474_bacteria_3837.jpeg,data/train/PNEUMONIA/person1474_bacteria_3837.jpeg,872,552,L,train,PNEUMONIA,1.5797101449275361
person1474_virus_2556.jpeg,data/train/PNEUMONIA/person1474_virus_2556.jpeg,1056,896,L,train,PNEUMONIA,1.1785714285714286
person1474_virus_2557.jpeg,data/train/PNEUMONIA/person1474_virus_2557.jpeg,1088,688,L,train,PNEUMONIA,1.5813953488372092
person1475_virus_2558.jpeg,data/train/PNEUMONIA/person1475_virus_2558.jpeg,1358,870,L,train,PNEUMONIA,1.560919540229885
person1476_bacteria_3842.jpeg,data/train/PNEUMONIA/person1476_bacteria_3842.jpeg,1152,736,L,train,PNEUMONIA,1.565217391304348
person1476_bacteria_3843.jpeg,data/train/PNEUMONIA/person1476_bacteria_3843.jpeg,1072,768,L,train,PNEUMONIA,1.3958333333333333
person1476_virus_2560.jpeg,data/train/PNEUMONIA/person1476_virus_2560.jpeg,1580,805,L,train,PNEUMONIA,1.9627329192546583
person1477_virus_2561.jpeg,data/train/PNEUMONIA/person1477_virus_2561.jpeg,1566,1222,L,train,PNEUMONIA,1.281505728314239
person1478_bacteria_3848.jpeg,data/train/PNEUMONIA/person1478_bacteria_3848.jpeg,647,329,RGB,train,PNEUMONIA,1.966565349544073
person147_virus_297.jpeg,data/train/PNEUMONIA/person147_virus_297.jpeg,1168,688,L,train,PNEUMONIA,1.697674418604651
person1480_bacteria_3858.jpeg,data/train/PNEUMONIA/person1480_bacteria_3858.jpeg,1152,728,L,train,PNEUMONIA,1.5824175824175823
person1480_bacteria_3859.jpeg,data/train/PNEUMONIA/person1480_bacteria_3859.jpeg,1320,824,L,train,PNEUMONIA,1.6019417475728155
person1480_virus_2566.jpeg,data/train/PNEUMONIA/person1480_virus_2566.jpeg,1686,1160,L,train,PNEUMONIA,1.453448275862069
person1481_bacteria_3862.jpeg,data/train/PNEUMONIA/person1481_bacteria_3862.jpeg,1440,1168,L,train,PNEUMONIA,1.2328767123287672
person1481_bacteria_3863.jpeg,data/train/PNEUMONIA/person1481_bacteria_3863.jpeg,1440,1168,L,train,PNEUMONIA,1.2328767123287672
person1481_bacteria_3864.jpeg,data/train/PNEUMONIA/person1481_bacteria_3864.jpeg,1656,1200,L,train,PNEUMONIA,1.38
person1481_bacteria_3865.jpeg,data/train/PNEUMONIA/person1481_bacteria_3865.jpeg,1656,1200,L,train,PNEUMONIA,1.38
person1481_bacteria_3866.jpeg,data/train/PNEUMONIA/person1481_bacteria_3866.jpeg,1600,1176,L,train,PNEUMONIA,1.3605442176870748
person1481_bacteria_3867.jpeg,data/train/PNEUMONIA/person1481_bacteria_3867.jpeg,1600,1176,L,train,PNEUMONIA,1.3605442176870748
person1481_bacteria_3868.jpeg,data/train/PNEUMONIA/person1481_bacteria_3868.jpeg,1352,992,L,train,PNEUMONIA,1.3629032258064515
person1481_virus_2567.jpeg,data/train/PNEUMONIA/person1481_virus_2567.jpeg,1716,1489,L,train,PNEUMONIA,1.152451309603761
person1482_bacteria_3870.jpeg,data/train/PNEUMONIA/person1482_bacteria_3870.jpeg,668,408,RGB,train,PNEUMONIA,1.6372549019607843
person1482_bacteria_3874.jpeg,data/train/PNEUMONIA/person1482_bacteria_3874.jpeg,1192,832,L,train,PNEUMONIA,1.4326923076923077
person1482_virus_2569.jpeg,data/train/PNEUMONIA/person1482_virus_2569.jpeg,1168,672,L,train,PNEUMONIA,1.7380952380952381
person1482_virus_2570.jpeg,data/train/PNEUMONIA/person1482_virus_2570.jpeg,1088,656,L,train,PNEUMONIA,1.6585365853658536
person1482_virus_2571.jpeg,data/train/PNEUMONIA/person1482_virus_2571.jpeg,1104,680,L,train,PNEUMONIA,1.6235294117647059
person1482_virus_2572.jpeg,data/train/PNEUMONIA/person1482_virus_2572.jpeg,1056,664,L,train,PNEUMONIA,1.5903614457831325
person1482_virus_2573.jpeg,data/train/PNEUMONIA/person1482_virus_2573.jpeg,1024,728,L,train,PNEUMONIA,1.4065934065934067
person1483_bacteria_3876.jpeg,data/train/PNEUMONIA/person1483_bacteria_3876.jpeg,984,616,L,train,PNEUMONIA,1.5974025974025974
person1483_virus_2574.jpeg,data/train/PNEUMONIA/person1483_virus_2574.jpeg,1642,1133,L,train,PNEUMONIA,1.4492497793468668
person1484_bacteria_3878.jpeg,data/train/PNEUMONIA/person1484_bacteria_3878.jpeg,1152,760,L,train,PNEUMONIA,1.5157894736842106
person1484_virus_2576.jpeg,data/train/PNEUMONIA/person1484_virus_2576.jpeg,1040,688,L,train,PNEUMONIA,1.5116279069767442
person1484_virus_2577.jpeg,data/train/PNEUMONIA/person1484_virus_2577.jpeg,1104,736,L,train,PNEUMONIA,1.5
person1486_bacteria_3881.jpeg,data/train/PNEUMONIA/person1486_bacteria_3881.jpeg,1304,960,L,train,PNEUMONIA,1.3583333333333334
person1486_bacteria_3883.jpeg,data/train/PNEUMONIA/person1486_bacteria_3883.jpeg,1240,904,L,train,PNEUMONIA,1.3716814159292035
person1486_bacteria_3884.jpeg,data/train/PNEUMONIA/person1486_bacteria_3884.jpeg,663,431,RGB,train,PNEUMONIA,1.5382830626450117
person1486_bacteria_3885.jpeg,data/train/PNEUMONIA/person1486_bacteria_3885.jpeg,1448,1032,L,train,PNEUMONIA,1.4031007751937985
person1486_virus_2580.jpeg,data/train/PNEUMONIA/person1486_virus_2580.jpeg,1064,512,L,train,PNEUMONIA,2.078125
person1488_bacteria_3887.jpeg,data/train/PNEUMONIA/person1488_bacteria_3887.jpeg,1400,1032,L,train,PNEUMONIA,1.3565891472868217
person1488_virus_2585.jpeg,data/train/PNEUMONIA/person1488_virus_2585.jpeg,1472,1088,L,train,PNEUMONIA,1.3529411764705883
person1488_virus_2587.jpeg,data/train/PNEUMONIA/person1488_virus_2587.jpeg,1552,1144,L,train,PNEUMONIA,1.3566433566433567
person1488_virus_2589.jpeg,data/train/PNEUMONIA/person1488_virus_2589.jpeg,1520,904,L,train,PNEUMONIA,1.6814159292035398
person1488_virus_2592.jpeg,data/train/PNEUMONIA/person1488_virus_2592.jpeg,1504,1096,L,train,PNEUMONIA,1.3722627737226278
person1488_virus_2593.jpeg,data/train/PNEUMONIA/person1488_virus_2593.jpeg,1754,1395,L,train,PNEUMONIA,1.257347670250896
person1489_bacteria_3889.jpeg,data/train/PNEUMONIA/person1489_bacteria_3889.jpeg,1000,544,L,train,PNEUMONIA,1.838235294117647
person1489_virus_2594.jpeg,data/train/PNEUMONIA/person1489_virus_2594.jpeg,1878,1331,L,train,PNEUMONIA,1.410969196093163
person148_virus_298.jpeg,data/train/PNEUMONIA/person148_virus_298.jpeg,1536,1104,L,train,PNEUMONIA,1.391304347826087
person1490_bacteria_3891.jpeg,data/train/PNEUMONIA/person1490_bacteria_3891.jpeg,1056,696,L,train,PNEUMONIA,1.5172413793103448
person1490_virus_2596.jpeg,data/train/PNEUMONIA/person1490_virus_2596.jpeg,1094,829,L,train,PNEUMONIA,1.3196622436670689
person1491_bacteria_3892.jpeg,data/train/PNEUMONIA/person1491_bacteria_3892.jpeg,1328,968,L,train,PNEUMONIA,1.371900826446281
person1491_bacteria_3893.jpeg,data/train/PNEUMONIA/person1491_bacteria_3893.jpeg,1576,1056,L,train,PNEUMONIA,1.4924242424242424
person1491_virus_2597.jpeg,data/train/PNEUMONIA/person1491_virus_2597.jpeg,1272,824,L,train,PNEUMONIA,1.5436893203883495
person1492_bacteria_3894.jpeg,data/train/PNEUMONIA/person1492_bacteria_3894.jpeg,864,520,L,train,PNEUMONIA,1.6615384615384616
person1492_virus_2599.jpeg,data/train/PNEUMONIA/person1492_virus_2599.jpeg,1136,744,L,train,PNEUMONIA,1.5268817204301075
person1493_bacteria_3895.jpeg,data/train/PNEUMONIA/person1493_bacteria_3895.jpeg,1272,952,L,train,PNEUMONIA,1.3361344537815125
person1493_bacteria_3896.jpeg,data/train/PNEUMONIA/person1493_bacteria_3896.jpeg,1416,856,L,train,PNEUMONIA,1.6542056074766356
person1493_bacteria_3897.jpeg,data/train/PNEUMONIA/person1493_bacteria_3897.jpeg,1304,1024,L,train,PNEUMONIA,1.2734375
person1493_bacteria_3898.jpeg,data/train/PNEUMONIA/person1493_bacteria_3898.jpeg,1296,728,L,train,PNEUMONIA,1.7802197802197801
person1493_bacteria_3899.jpeg,data/train/PNEUMONIA/person1493_bacteria_3899.jpeg,1224,672,L,train,PNEUMONIA,1.8214285714285714
person1494_bacteria_3901.jpeg,data/train/PNEUMONIA/person1494_bacteria_3901.jpeg,1080,728,L,train,PNEUMONIA,1.4835164835164836
person1494_virus_2601.jpeg,data/train/PNEUMONIA/person1494_virus_2601.jpeg,1680,1232,L,train,PNEUMONIA,1.3636363636363635
person1495_virus_2603.jpeg,data/train/PNEUMONIA/person1495_virus_2603.jpeg,1376,936,L,train,PNEUMONIA,1.4700854700854702
person1496_bacteria_3905.jpeg,data/train/PNEUMONIA/person1496_bacteria_3905.jpeg,1304,1224,L,train,PNEUMONIA,1.065359477124183
person1496_bacteria_3906.jpeg,data/train/PNEUMONIA/person1496_bacteria_3906.jpeg,1288,968,L,train,PNEUMONIA,1.3305785123966942
person1496_bacteria_3907.jpeg,data/train/PNEUMONIA/person1496_bacteria_3907.jpeg,1248,824,L,train,PNEUMONIA,1.5145631067961165
person1496_bacteria_3908.jpeg,data/train/PNEUMONIA/person1496_bacteria_3908.jpeg,1336,912,L,train,PNEUMONIA,1.4649122807017543
person1496_bacteria_3909.jpeg,data/train/PNEUMONIA/person1496_bacteria_3909.jpeg,1296,1000,L,train,PNEUMONIA,1.296
person1496_bacteria_3910.jpeg,data/train/PNEUMONIA/person1496_bacteria_3910.jpeg,1296,1000,L,train,PNEUMONIA,1.296
person1496_bacteria_3911.jpeg,data/train/PNEUMONIA/person1496_bacteria_3911.jpeg,1256,872,L,train,PNEUMONIA,1.4403669724770642
person1496_virus_2605.jpeg,data/train/PNEUMONIA/person1496_virus_2605.jpeg,1192,688,L,train,PNEUMONIA,1.7325581395348837
person1496_virus_2606.jpeg,data/train/PNEUMONIA/person1496_virus_2606.jpeg,888,704,L,train,PNEUMONIA,1.2613636363636365
person1497_bacteria_3912.jpeg,data/train/PNEUMONIA/person1497_bacteria_3912.jpeg,856,472,L,train,PNEUMONIA,1.8135593220338984
person1497_virus_2607.jpeg,data/train/PNEUMONIA/person1497_virus_2607.jpeg,1454,794,L,train,PNEUMONIA,1.8312342569269522
person1499_bacteria_3915.jpeg,data/train/PNEUMONIA/person1499_bacteria_3915.jpeg,1120,744,L,train,PNEUMONIA,1.5053763440860215
person1499_virus_2609.jpeg,data/train/PNEUMONIA/person1499_virus_2609.jpeg,1016,640,L,train,PNEUMONIA,1.5875
person149_virus_299.jpeg,data/train/PNEUMONIA/person149_virus_299.jpeg,1528,1032,L,train,PNEUMONIA,1.4806201550387597
person14_bacteria_51.jpeg,data/train/PNEUMONIA/person14_bacteria_51.jpeg,981,663,RGB,train,PNEUMONIA,1.4796380090497738
person1500_bacteria_3916.jpeg,data/train/PNEUMONIA/person1500_bacteria_3916.jpeg,1736,1424,L,train,PNEUMONIA,1.2191011235955056
person1500_virus_2610.jpeg,data/train/PNEUMONIA/person1500_virus_2610.jpeg,1560,1304,L,train,PNEUMONIA,1.196319018404908
person1501_virus_2611.jpeg,data/train/PNEUMONIA/person1501_virus_2611.jpeg,1024,640,L,train,PNEUMONIA,1.6
person1502_bacteria_3922.jpeg,data/train/PNEUMONIA/person1502_bacteria_3922.jpeg,1168,872,L,train,PNEUMONIA,1.3394495412844036
person1502_bacteria_3923.jpeg,data/train/PNEUMONIA/person1502_bacteria_3923.jpeg,992,528,L,train,PNEUMONIA,1.878787878787879
person1502_bacteria_3924.jpeg,data/train/PNEUMONIA/person1502_bacteria_3924.jpeg,1008,536,L,train,PNEUMONIA,1.8805970149253732
person1502_bacteria_3925.jpeg,data/train/PNEUMONIA/person1502_bacteria_3925.jpeg,1224,824,L,train,PNEUMONIA,1.4854368932038835
person1502_bacteria_3927.jpeg,data/train/PNEUMONIA/person1502_bacteria_3927.jpeg,1008,600,L,train,PNEUMONIA,1.68
person1502_bacteria_3928.jpeg,data/train/PNEUMONIA/person1502_bacteria_3928.jpeg,1176,776,L,train,PNEUMONIA,1.5154639175257731
person1502_bacteria_3929.jpeg,data/train/PNEUMONIA/person1502_bacteria_3929.jpeg,960,520,L,train,PNEUMONIA,1.8461538461538463
person1502_virus_2612.jpeg,data/train/PNEUMONIA/person1502_virus_2612.jpeg,1656,1008,L,train,PNEUMONIA,1.6428571428571428
person1503_virus_2613.jpeg,data/train/PNEUMONIA/person1503_virus_2613.jpeg,1232,768,L,train,PNEUMONIA,1.6041666666666667
person1504_bacteria_3931.jpeg,data/train/PNEUMONIA/person1504_bacteria_3931.jpeg,1064,816,L,train,PNEUMONIA,1.303921568627451
person1504_virus_2614.jpeg,data/train/PNEUMONIA/person1504_virus_2614.jpeg,1088,776,L,train,PNEUMONIA,1.402061855670103
person1505_virus_2615.jpeg,data/train/PNEUMONIA/person1505_virus_2615.jpeg,1400,1072,L,train,PNEUMONIA,1.3059701492537314
person1506_bacteria_3933.jpeg,data/train/PNEUMONIA/person1506_bacteria_3933.jpeg,1648,1208,L,train,PNEUMONIA,1.3642384105960266
person1506_virus_2616.jpeg,data/train/PNEUMONIA/person1506_virus_2616.jpeg,1144,952,L,train,PNEUMONIA,1.2016806722689075
person1507_bacteria_3935.jpeg,data/train/PNEUMONIA/person1507_bacteria_3935.jpeg,1776,1352,L,train,PNEUMONIA,1.3136094674556213
person1507_bacteria_3942.jpeg,data/train/PNEUMONIA/person1507_bacteria_3942.jpeg,1752,1176,L,train,PNEUMONIA,1.489795918367347
person1507_bacteria_3943.jpeg,data/train/PNEUMONIA/person1507_bacteria_3943.jpeg,1592,1200,L,train,PNEUMONIA,1.3266666666666667
person1507_bacteria_3944.jpeg,data/train/PNEUMONIA/person1507_bacteria_3944.jpeg,1648,1176,L,train,PNEUMONIA,1.401360544217687
person1507_bacteria_3945.jpeg,data/train/PNEUMONIA/person1507_bacteria_3945.jpeg,1664,1088,L,train,PNEUMONIA,1.5294117647058822
person1507_bacteria_3946.jpeg,data/train/PNEUMONIA/person1507_bacteria_3946.jpeg,1416,1176,L,train,PNEUMONIA,1.2040816326530612
person1507_bacteria_3947.jpeg,data/train/PNEUMONIA/person1507_bacteria_3947.jpeg,1568,1112,L,train,PNEUMONIA,1.410071942446043
person1507_bacteria_3948.jpeg,data/train/PNEUMONIA/person1507_bacteria_3948.jpeg,1552,1064,L,train,PNEUMONIA,1.4586466165413534
person1508_bacteria_3949.jpeg,data/train/PNEUMONIA/person1508_bacteria_3949.jpeg,1760,1328,L,train,PNEUMONIA,1.3253012048192772
person1509_bacteria_3951.jpeg,data/train/PNEUMONIA/person1509_bacteria_3951.jpeg,1704,1392,L,train,PNEUMONIA,1.2241379310344827
person1509_virus_2621.jpeg,data/train/PNEUMONIA/person1509_virus_2621.jpeg,1656,1336,L,train,PNEUMONIA,1.2395209580838322
person1510_virus_2628.jpeg,data/train/PNEUMONIA/person1510_virus_2628.jpeg,1264,880,L,train,PNEUMONIA,1.4363636363636363
person1510_virus_2629.jpeg,data/train/PNEUMONIA/person1510_virus_2629.jpeg,1312,712,L,train,PNEUMONIA,1.8426966292134832
person1511_bacteria_3955.jpeg,data/train/PNEUMONIA/person1511_bacteria_3955.jpeg,1192,808,L,train,PNEUMONIA,1.4752475247524752
person1512_bacteria_3958.jpeg,data/train/PNEUMONIA/person1512_bacteria_3958.jpeg,1312,648,L,train,PNEUMONIA,2.0246913580246915
person1512_virus_2631.jpeg,data/train/PNEUMONIA/person1512_virus_2631.jpeg,1360,1040,L,train,PNEUMONIA,1.3076923076923077
person1513_bacteria_3962.jpeg,data/train/PNEUMONIA/person1513_bacteria_3962.jpeg,1304,800,L,train,PNEUMONIA,1.63
person1513_virus_2632.jpeg,data/train/PNEUMONIA/person1513_virus_2632.jpeg,1376,1208,L,train,PNEUMONIA,1.1390728476821192
person1514_bacteria_3964.jpeg,data/train/PNEUMONIA/person1514_bacteria_3964.jpeg,1360,936,L,train,PNEUMONIA,1.452991452991453
person1514_virus_2633.jpeg,data/train/PNEUMONIA/person1514_virus_2633.jpeg,1200,784,L,train,PNEUMONIA,1.530612244897959
person1516_virus_2643.jpeg,data/train/PNEUMONIA/person1516_virus_2643.jpeg,1152,752,L,train,PNEUMONIA,1.5319148936170213
person1517_bacteria_3968.jpeg,data/train/PNEUMONIA/person1517_bacteria_3968.jpeg,1328,984,L,train,PNEUMONIA,1.3495934959349594
person1517_virus_2644.jpeg,data/train/PNEUMONIA/person1517_virus_2644.jpeg,1376,824,L,train,PNEUMONIA,1.6699029126213591
person1518_bacteria_3969.jpeg,data/train/PNEUMONIA/person1518_bacteria_3969.jpeg,1896,1640,L,train,PNEUMONIA,1.1560975609756097
person1518_virus_2645.jpeg,data/train/PNEUMONIA/person1518_virus_2645.jpeg,1464,1056,L,train,PNEUMONIA,1.3863636363636365
person1519_bacteria_3970.jpeg,data/train/PNEUMONIA/person1519_bacteria_3970.jpeg,1256,984,L,train,PNEUMONIA,1.2764227642276422
person1519_virus_2646.jpeg,data/train/PNEUMONIA/person1519_virus_2646.jpeg,1248,808,L,train,PNEUMONIA,1.5445544554455446
person151_virus_301.jpeg,data/train/PNEUMONIA/person151_virus_301.jpeg,1368,984,L,train,PNEUMONIA,1.3902439024390243
person151_virus_302.jpeg,data/train/PNEUMONIA/person151_virus_302.jpeg,1264,704,L,train,PNEUMONIA,1.7954545454545454
person1520_bacteria_3971.jpeg,data/train/PNEUMONIA/person1520_bacteria_3971.jpeg,1008,776,L,train,PNEUMONIA,1.2989690721649485
person1520_virus_2647.jpeg,data/train/PNEUMONIA/person1520_virus_2647.jpeg,1536,1208,L,train,PNEUMONIA,1.271523178807947
person1521_virus_2649.jpeg,data/train/PNEUMONIA/person1521_virus_2649.jpeg,1288,976,L,train,PNEUMONIA,1.319672131147541
person1522_bacteria_3977.jpeg,data/train/PNEUMONIA/person1522_bacteria_3977.jpeg,1232,904,L,train,PNEUMONIA,1.3628318584070795
person1522_virus_2651.jpeg,data/train/PNEUMONIA/person1522_virus_2651.jpeg,1008,520,L,train,PNEUMONIA,1.9384615384615385
person1523_bacteria_3979.jpeg,data/train/PNEUMONIA/person1523_bacteria_3979.jpeg,1248,784,L,train,PNEUMONIA,1.5918367346938775
person1523_bacteria_3980.jpeg,data/train/PNEUMONIA/person1523_bacteria_3980.jpeg,1088,792,L,train,PNEUMONIA,1.3737373737373737
person1524_bacteria_3983.jpeg,data/train/PNEUMONIA/person1524_bacteria_3983.jpeg,1632,1136,L,train,PNEUMONIA,1.4366197183098592
person1524_bacteria_3984.jpeg,data/train/PNEUMONIA/person1524_bacteria_3984.jpeg,1664,1264,L,train,PNEUMONIA,1.3164556962025316
person1524_virus_2658.jpeg,data/train/PNEUMONIA/person1524_virus_2658.jpeg,1320,992,L,train,PNEUMONIA,1.3306451612903225
person1525_bacteria_3985.jpeg,data/train/PNEUMONIA/person1525_bacteria_3985.jpeg,1184,848,L,train,PNEUMONIA,1.3962264150943395
person1525_virus_2659.jpeg,data/train/PNEUMONIA/person1525_virus_2659.jpeg,1216,816,L,train,PNEUMONIA,1.4901960784313726
person1526_bacteria_3986.jpeg,data/train/PNEUMONIA/person1526_bacteria_3986.jpeg,1192,888,L,train,PNEUMONIA,1.3423423423423424
person1526_virus_2660.jpeg,data/train/PNEUMONIA/person1526_virus_2660.jpeg,920,568,L,train,PNEUMONIA,1.619718309859155
person1527_bacteria_3988.jpeg,data/train/PNEUMONIA/person1527_bacteria_3988.jpeg,1216,792,L,train,PNEUMONIA,1.5353535353535352
person1527_bacteria_3989.jpeg,data/train/PNEUMONIA/person1527_bacteria_3989.jpeg,1240,952,L,train,PNEUMONIA,1.3025210084033614
person1527_bacteria_3990.jpeg,data/train/PNEUMONIA/person1527_bacteria_3990.jpeg,1184,712,L,train,PNEUMONIA,1.6629213483146068
person1527_virus_2661.jpeg,data/train/PNEUMONIA/person1527_virus_2661.jpeg,1120,768,L,train,PNEUMONIA,1.4583333333333333
person1528_bacteria_3991.jpeg,data/train/PNEUMONIA/person1528_bacteria_3991.jpeg,1080,760,L,train,PNEUMONIA,1.4210526315789473
person1528_bacteria_3996.jpeg,data/train/PNEUMONIA/person1528_bacteria_3996.jpeg,1168,688,L,train,PNEUMONIA,1.697674418604651
person1528_virus_2662.jpeg,data/train/PNEUMONIA/person1528_virus_2662.jpeg,1352,840,L,train,PNEUMONIA,1.6095238095238096
person1529_virus_2663.jpeg,data/train/PNEUMONIA/person1529_virus_2663.jpeg,1104,704,L,train,PNEUMONIA,1.5681818181818181
person152_virus_303.jpeg,data/train/PNEUMONIA/person152_virus_303.jpeg,1344,1032,L,train,PNEUMONIA,1.302325581395349
person1530_bacteria_4000.jpeg,data/train/PNEUMONIA/person1530_bacteria_4000.jpeg,1336,752,L,train,PNEUMONIA,1.7765957446808511
person1530_virus_2664.jpeg,data/train/PNEUMONIA/person1530_virus_2664.jpeg,1080,632,L,train,PNEUMONIA,1.7088607594936709
person1531_bacteria_4003.jpeg,data/train/PNEUMONIA/person1531_bacteria_4003.jpeg,1336,864,L,train,PNEUMONIA,1.5462962962962963
person1531_virus_2666.jpeg,data/train/PNEUMONIA/person1531_virus_2666.jpeg,1336,936,L,train,PNEUMONIA,1.4273504273504274
person1532_virus_2667.jpeg,data/train/PNEUMONIA/person1532_virus_2667.jpeg,1232,800,L,train,PNEUMONIA,1.54
person1534_virus_2670.jpeg,data/train/PNEUMONIA/person1534_virus_2670.jpeg,1336,1056,L,train,PNEUMONIA,1.2651515151515151
person1535_bacteria_4015.jpeg,data/train/PNEUMONIA/person1535_bacteria_4015.jpeg,920,552,L,train,PNEUMONIA,1.6666666666666667
person1535_bacteria_4016.jpeg,data/train/PNEUMONIA/person1535_bacteria_4016.jpeg,920,648,L,train,PNEUMONIA,1.4197530864197532
person1535_bacteria_4017.jpeg,data/train/PNEUMONIA/person1535_bacteria_4017.jpeg,888,672,L,train,PNEUMONIA,1.3214285714285714
person1535_virus_2672.jpeg,data/train/PNEUMONIA/person1535_virus_2672.jpeg,1304,896,L,train,PNEUMONIA,1.4553571428571428
person1536_bacteria_4018.jpeg,data/train/PNEUMONIA/person1536_bacteria_4018.jpeg,1792,1600,L,train,PNEUMONIA,1.12
person1536_virus_2673.jpeg,data/train/PNEUMONIA/person1536_virus_2673.jpeg,992,464,L,train,PNEUMONIA,2.1379310344827585
person1537_bacteria_4019.jpeg,data/train/PNEUMONIA/person1537_bacteria_4019.jpeg,1256,976,L,train,PNEUMONIA,1.2868852459016393
person1537_bacteria_4020.jpeg,data/train/PNEUMONIA/person1537_bacteria_4020.jpeg,1336,928,L,train,PNEUMONIA,1.4396551724137931
person1537_virus_2674.jpeg,data/train/PNEUMONIA/person1537_virus_2674.jpeg,1456,1312,L,train,PNEUMONIA,1.1097560975609757
person1538_bacteria_4021.jpeg,data/train/PNEUMONIA/person1538_bacteria_4021.jpeg,1200,808,L,train,PNEUMONIA,1.4851485148514851
person1539_bacteria_4022.jpeg,data/train/PNEUMONIA/person1539_bacteria_4022.jpeg,1392,864,L,train,PNEUMONIA,1.6111111111111112
person1539_virus_2678.jpeg,data/train/PNEUMONIA/person1539_virus_2678.jpeg,1112,624,L,train,PNEUMONIA,1.7820512820512822
person1539_virus_2679.jpeg,data/train/PNEUMONIA/person1539_virus_2679.jpeg,1152,584,L,train,PNEUMONIA,1.9726027397260273
person153_virus_304.jpeg,data/train/PNEUMONIA/person153_virus_304.jpeg,1160,752,L,train,PNEUMONIA,1.5425531914893618
person1540_bacteria_4023.jpeg,data/train/PNEUMONIA/person1540_bacteria_4023.jpeg,1320,1000,L,train,PNEUMONIA,1.32
person1540_virus_2680.jpeg,data/train/PNEUMONIA/person1540_virus_2680.jpeg,1472,944,L,train,PNEUMONIA,1.5593220338983051
person1541_virus_2681.jpeg,data/train/PNEUMONIA/person1541_virus_2681.jpeg,1400,1080,L,train,PNEUMONIA,1.2962962962962963
person1542_bacteria_4029.jpeg,data/train/PNEUMONIA/person1542_bacteria_4029.jpeg,1144,760,L,train,PNEUMONIA,1.5052631578947369
person1542_virus_2683.jpeg,data/train/PNEUMONIA/person1542_virus_2683.jpeg,1104,728,L,train,PNEUMONIA,1.5164835164835164
person1543_virus_2684.jpeg,data/train/PNEUMONIA/person1543_virus_2684.jpeg,1128,704,L,train,PNEUMONIA,1.6022727272727273
person1544_bacteria_4033.jpeg,data/train/PNEUMONIA/person1544_bacteria_4033.jpeg,2192,2272,L,train,PNEUMONIA,0.9647887323943662
person1544_bacteria_4035.jpeg,data/train/PNEUMONIA/person1544_bacteria_4035.jpeg,2056,2104,L,train,PNEUMONIA,0.9771863117870723
person1544_bacteria_4037.jpeg,data/train/PNEUMONIA/person1544_bacteria_4037.jpeg,1856,1496,L,train,PNEUMONIA,1.2406417112299466
person1544_bacteria_4038.jpeg,data/train/PNEUMONIA/person1544_bacteria_4038.jpeg,2008,2096,L,train,PNEUMONIA,0.9580152671755725
person1544_virus_2685.jpeg,data/train/PNEUMONIA/person1544_virus_2685.jpeg,1720,1152,L,train,PNEUMONIA,1.4930555555555556
person1545_bacteria_4041.jpeg,data/train/PNEUMONIA/person1545_bacteria_4041.jpeg,912,536,L,train,PNEUMONIA,1.7014925373134329
person1545_bacteria_4042.jpeg,data/train/PNEUMONIA/person1545_bacteria_4042.jpeg,920,544,L,train,PNEUMONIA,1.6911764705882353
person1546_bacteria_4044.jpeg,data/train/PNEUMONIA/person1546_bacteria_4044.jpeg,1216,856,L,train,PNEUMONIA,1.4205607476635513
person1546_bacteria_4045.jpeg,data/train/PNEUMONIA/person1546_bacteria_4045.jpeg,1288,776,L,train,PNEUMONIA,1.6597938144329898
person1546_virus_2687.jpeg,data/train/PNEUMONIA/person1546_virus_2687.jpeg,976,504,L,train,PNEUMONIA,1.9365079365079365
person1547_virus_2688.jpeg,data/train/PNEUMONIA/person1547_virus_2688.jpeg,1016,552,L,train,PNEUMONIA,1.8405797101449275
person1548_bacteria_4048.jpeg,data/train/PNEUMONIA/person1548_bacteria_4048.jpeg,1088,696,L,train,PNEUMONIA,1.5632183908045978
person1548_virus_2689.jpeg,data/train/PNEUMONIA/person1548_virus_2689.jpeg,1384,1048,L,train,PNEUMONIA,1.3206106870229009
person1549_bacteria_4050.jpeg,data/train/PNEUMONIA/person1549_bacteria_4050.jpeg,1416,960,L,train,PNEUMONIA,1.475
person1549_virus_2690.jpeg,data/train/PNEUMONIA/person1549_virus_2690.jpeg,1320,1032,L,train,PNEUMONIA,1.2790697674418605
person154_virus_305.jpeg,data/train/PNEUMONIA/person154_virus_305.jpeg,1336,728,L,train,PNEUMONIA,1.835164835164835
person154_virus_306.jpeg,data/train/PNEUMONIA/person154_virus_306.jpeg,1448,1176,L,train,PNEUMONIA,1.2312925170068028
person1550_bacteria_4051.jpeg,data/train/PNEUMONIA/person1550_bacteria_4051.jpeg,1600,984,L,train,PNEUMONIA,1.6260162601626016
person1550_virus_2691.jpeg,data/train/PNEUMONIA/person1550_virus_2691.jpeg,1000,640,L,train,PNEUMONIA,1.5625
person1551_bacteria_4053.jpeg,data/train/PNEUMONIA/person1551_bacteria_4053.jpeg,1376,952,L,train,PNEUMONIA,1.4453781512605042
person1551_bacteria_4054.jpeg,data/train/PNEUMONIA/person1551_bacteria_4054.jpeg,1424,1016,L,train,PNEUMONIA,1.4015748031496063
person1551_virus_2692.jpeg,data/train/PNEUMONIA/person1551_virus_2692.jpeg,1120,816,L,train,PNEUMONIA,1.3725490196078431
person1552_bacteria_4055.jpeg,data/train/PNEUMONIA/person1552_bacteria_4055.jpeg,1136,864,L,train,PNEUMONIA,1.3148148148148149
person1554_bacteria_4057.jpeg,data/train/PNEUMONIA/person1554_bacteria_4057.jpeg,1248,824,L,train,PNEUMONIA,1.5145631067961165
person1554_virus_2696.jpeg,data/train/PNEUMONIA/person1554_virus_2696.jpeg,1344,784,L,train,PNEUMONIA,1.7142857142857142
person1555_bacteria_4058.jpeg,data/train/PNEUMONIA/person1555_bacteria_4058.jpeg,1112,568,L,train,PNEUMONIA,1.9577464788732395
person1555_bacteria_4059.jpeg,data/train/PNEUMONIA/person1555_bacteria_4059.jpeg,1144,736,L,train,PNEUMONIA,1.5543478260869565
person1555_bacteria_4060.jpeg,data/train/PNEUMONIA/person1555_bacteria_4060.jpeg,1000,624,L,train,PNEUMONIA,1.6025641025641026
person1556_bacteria_4061.jpeg,data/train/PNEUMONIA/person1556_bacteria_4061.jpeg,1416,1216,L,train,PNEUMONIA,1.1644736842105263
person1556_bacteria_4062.jpeg,data/train/PNEUMONIA/person1556_bacteria_4062.jpeg,1688,1136,L,train,PNEUMONIA,1.4859154929577465
person1556_virus_2699.jpeg,data/train/PNEUMONIA/person1556_virus_2699.jpeg,1128,736,L,train,PNEUMONIA,1.5326086956521738
person1557_bacteria_4063.jpeg,data/train/PNEUMONIA/person1557_bacteria_4063.jpeg,1696,1736,L,train,PNEUMONIA,0.9769585253456221
person1557_bacteria_4065.jpeg,data/train/PNEUMONIA/person1557_bacteria_4065.jpeg,1592,1728,L,train,PNEUMONIA,0.9212962962962963
person1558_bacteria_4066.jpeg,data/train/PNEUMONIA/person1558_bacteria_4066.jpeg,1408,1184,L,train,PNEUMONIA,1.1891891891891893
person1559_bacteria_4067.jpeg,data/train/PNEUMONIA/person1559_bacteria_4067.jpeg,856,528,L,train,PNEUMONIA,1.621212121212121
person155_virus_307.jpeg,data/train/PNEUMONIA/person155_virus_307.jpeg,1536,1064,L,train,PNEUMONIA,1.443609022556391
person1561_bacteria_4077.jpeg,data/train/PNEUMONIA/person1561_bacteria_4077.jpeg,1536,856,L,train,PNEUMONIA,1.794392523364486
person1562_bacteria_4078.jpeg,data/train/PNEUMONIA/person1562_bacteria_4078.jpeg,1448,1008,L,train,PNEUMONIA,1.4365079365079365
person1562_bacteria_4081.jpeg,data/train/PNEUMONIA/person1562_bacteria_4081.jpeg,1656,1216,L,train,PNEUMONIA,1.361842105263158
person1562_bacteria_4087.jpeg,data/train/PNEUMONIA/person1562_bacteria_4087.jpeg,1624,1312,L,train,PNEUMONIA,1.2378048780487805
person1562_bacteria_4089.jpeg,data/train/PNEUMONIA/person1562_bacteria_4089.jpeg,1568,1256,L,train,PNEUMONIA,1.2484076433121019
person1563_bacteria_4092.jpeg,data/train/PNEUMONIA/person1563_bacteria_4092.jpeg,1272,872,L,train,PNEUMONIA,1.4587155963302751
person1564_bacteria_4094.jpeg,data/train/PNEUMONIA/person1564_bacteria_4094.jpeg,1168,560,L,train,PNEUMONIA,2.085714285714286
person1564_virus_2719.jpeg,data/train/PNEUMONIA/person1564_virus_2719.jpeg,1064,560,L,train,PNEUMONIA,1.9
person1565_bacteria_4095.jpeg,data/train/PNEUMONIA/person1565_bacteria_4095.jpeg,1960,1600,L,train,PNEUMONIA,1.225
person1566_bacteria_4099.jpeg,data/train/PNEUMONIA/person1566_bacteria_4099.jpeg,888,440,L,train,PNEUMONIA,2.018181818181818
person1567_bacteria_4100.jpeg,data/train/PNEUMONIA/person1567_bacteria_4100.jpeg,1176,800,L,train,PNEUMONIA,1.47
person1567_virus_2722.jpeg,data/train/PNEUMONIA/person1567_virus_2722.jpeg,1528,1376,L,train,PNEUMONIA,1.1104651162790697
person1568_virus_2723.jpeg,data/train/PNEUMONIA/person1568_virus_2723.jpeg,1400,1104,L,train,PNEUMONIA,1.2681159420289856
person156_virus_308.jpeg,data/train/PNEUMONIA/person156_virus_308.jpeg,1264,800,L,train,PNEUMONIA,1.58
person1571_bacteria_4108.jpeg,data/train/PNEUMONIA/person1571_bacteria_4108.jpeg,1352,928,L,train,PNEUMONIA,1.456896551724138
person1571_bacteria_4110.jpeg,data/train/PNEUMONIA/person1571_bacteria_4110.jpeg,1296,848,L,train,PNEUMONIA,1.528301886792453
person1571_virus_2728.jpeg,data/train/PNEUMONIA/person1571_virus_2728.jpeg,1304,712,L,train,PNEUMONIA,1.8314606741573034
person1574_bacteria_4118.jpeg,data/train/PNEUMONIA/person1574_bacteria_4118.jpeg,1096,600,L,train,PNEUMONIA,1.8266666666666667
person1575_bacteria_4119.jpeg,data/train/PNEUMONIA/person1575_bacteria_4119.jpeg,1360,888,L,train,PNEUMONIA,1.5315315315315314
person1576_bacteria_4120.jpeg,data/train/PNEUMONIA/person1576_bacteria_4120.jpeg,1264,984,L,train,PNEUMONIA,1.2845528455284554
person1576_bacteria_4121.jpeg,data/train/PNEUMONIA/person1576_bacteria_4121.jpeg,1280,1016,L,train,PNEUMONIA,1.2598425196850394
person1576_bacteria_4122.jpeg,data/train/PNEUMONIA/person1576_bacteria_4122.jpeg,1440,992,L,train,PNEUMONIA,1.4516129032258065
person1576_bacteria_4124.jpeg,data/train/PNEUMONIA/person1576_bacteria_4124.jpeg,1528,1080,L,train,PNEUMONIA,1.4148148148148147
person1576_bacteria_4126.jpeg,data/train/PNEUMONIA/person1576_bacteria_4126.jpeg,1416,1056,L,train,PNEUMONIA,1.3409090909090908
person1576_bacteria_4127.jpeg,data/train/PNEUMONIA/person1576_bacteria_4127.jpeg,1296,944,L,train,PNEUMONIA,1.3728813559322033
person1576_bacteria_4128.jpeg,data/train/PNEUMONIA/person1576_bacteria_4128.jpeg,1536,1176,L,train,PNEUMONIA,1.3061224489795917
person1576_bacteria_4129.jpeg,data/train/PNEUMONIA/person1576_bacteria_4129.jpeg,1384,1088,L,train,PNEUMONIA,1.2720588235294117
person1576_virus_2734.jpeg,data/train/PNEUMONIA/person1576_virus_2734.jpeg,968,440,L,train,PNEUMONIA,2.2
person1577_virus_2735.jpeg,data/train/PNEUMONIA/person1577_virus_2735.jpeg,1392,712,L,train,PNEUMONIA,1.9550561797752808
person1579_bacteria_4133.jpeg,data/train/PNEUMONIA/person1579_bacteria_4133.jpeg,936,632,L,train,PNEUMONIA,1.481012658227848
person157_virus_311.jpeg,data/train/PNEUMONIA/person157_virus_311.jpeg,1768,1216,L,train,PNEUMONIA,1.4539473684210527
person1580_virus_2739.jpeg,data/train/PNEUMONIA/person1580_virus_2739.jpeg,1616,1024,L,train,PNEUMONIA,1.578125
person1581_bacteria_4135.jpeg,data/train/PNEUMONIA/person1581_bacteria_4135.jpeg,1024,592,L,train,PNEUMONIA,1.7297297297297298
person1581_virus_2741.jpeg,data/train/PNEUMONIA/person1581_virus_2741.jpeg,1144,656,L,train,PNEUMONIA,1.7439024390243902
person1582_bacteria_4136.jpeg,data/train/PNEUMONIA/person1582_bacteria_4136.jpeg,1304,1024,L,train,PNEUMONIA,1.2734375
person1582_bacteria_4137.jpeg,data/train/PNEUMONIA/person1582_bacteria_4137.jpeg,1248,1064,L,train,PNEUMONIA,1.1729323308270676
person1582_bacteria_4140.jpeg,data/train/PNEUMONIA/person1582_bacteria_4140.jpeg,1144,736,L,train,PNEUMONIA,1.5543478260869565
person1582_bacteria_4142.jpeg,data/train/PNEUMONIA/person1582_bacteria_4142.jpeg,1240,696,L,train,PNEUMONIA,1.7816091954022988
person1582_bacteria_4143.jpeg,data/train/PNEUMONIA/person1582_bacteria_4143.jpeg,1352,864,L,train,PNEUMONIA,1.5648148148148149
person1583_bacteria_4144.jpeg,data/train/PNEUMONIA/person1583_bacteria_4144.jpeg,1496,1024,L,train,PNEUMONIA,1.4609375
person1584_bacteria_4146.jpeg,data/train/PNEUMONIA/person1584_bacteria_4146.jpeg,1120,640,L,train,PNEUMONIA,1.75
person1584_bacteria_4148.jpeg,data/train/PNEUMONIA/person1584_bacteria_4148.jpeg,1064,656,L,train,PNEUMONIA,1.6219512195121952
person1585_bacteria_4149.jpeg,data/train/PNEUMONIA/person1585_bacteria_4149.jpeg,1192,696,L,train,PNEUMONIA,1.7126436781609196
person1585_bacteria_4151.jpeg,data/train/PNEUMONIA/person1585_bacteria_4151.jpeg,1336,808,L,train,PNEUMONIA,1.6534653465346534
person1585_bacteria_4155.jpeg,data/train/PNEUMONIA/person1585_bacteria_4155.jpeg,1128,752,L,train,PNEUMONIA,1.5
person1588_virus_2762.jpeg,data/train/PNEUMONIA/person1588_virus_2762.jpeg,1376,832,L,train,PNEUMONIA,1.6538461538461537
person1589_bacteria_4171.jpeg,data/train/PNEUMONIA/person1589_bacteria_4171.jpeg,1136,712,L,train,PNEUMONIA,1.595505617977528
person1589_bacteria_4172.jpeg,data/train/PNEUMONIA/person1589_bacteria_4172.jpeg,1032,840,L,train,PNEUMONIA,1.2285714285714286
person1589_virus_2763.jpeg,data/train/PNEUMONIA/person1589_virus_2763.jpeg,1168,800,L,train,PNEUMONIA,1.46
person158_virus_312.jpeg,data/train/PNEUMONIA/person158_virus_312.jpeg,1552,1176,L,train,PNEUMONIA,1.3197278911564625
person1590_bacteria_4174.jpeg,data/train/PNEUMONIA/person1590_bacteria_4174.jpeg,1960,1992,L,train,PNEUMONIA,0.9839357429718876
person1590_bacteria_4175.jpeg,data/train/PNEUMONIA/person1590_bacteria_4175.jpeg,2000,1896,L,train,PNEUMONIA,1.0548523206751055
person1590_bacteria_4176.jpeg,data/train/PNEUMONIA/person1590_bacteria_4176.jpeg,1984,1840,L,train,PNEUMONIA,1.0782608695652174
person1590_virus_2764.jpeg,data/train/PNEUMONIA/person1590_virus_2764.jpeg,1280,856,L,train,PNEUMONIA,1.4953271028037383
person1591_bacteria_4177.jpeg,data/train/PNEUMONIA/person1591_bacteria_4177.jpeg,1160,664,L,train,PNEUMONIA,1.7469879518072289
person1591_virus_2765.jpeg,data/train/PNEUMONIA/person1591_virus_2765.jpeg,1720,1240,L,train,PNEUMONIA,1.3870967741935485
person1592_bacteria_4178.jpeg,data/train/PNEUMONIA/person1592_bacteria_4178.jpeg,952,736,L,train,PNEUMONIA,1.2934782608695652
person1592_virus_2766.jpeg,data/train/PNEUMONIA/person1592_virus_2766.jpeg,1056,760,L,train,PNEUMONIA,1.3894736842105264
person1593_virus_2767.jpeg,data/train/PNEUMONIA/person1593_virus_2767.jpeg,1176,760,L,train,PNEUMONIA,1.5473684210526315
person1594_bacteria_4182.jpeg,data/train/PNEUMONIA/person1594_bacteria_4182.jpeg,1240,848,L,train,PNEUMONIA,1.4622641509433962
person1594_virus_2768.jpeg,data/train/PNEUMONIA/person1594_virus_2768.jpeg,1272,776,L,train,PNEUMONIA,1.6391752577319587
person1595_bacteria_4183.jpeg,data/train/PNEUMONIA/person1595_bacteria_4183.jpeg,1416,800,L,train,PNEUMONIA,1.77
person1595_virus_2771.jpeg,data/train/PNEUMONIA/person1595_virus_2771.jpeg,1336,832,L,train,PNEUMONIA,1.6057692307692308
person1596_bacteria_4184.jpeg,data/train/PNEUMONIA/person1596_bacteria_4184.jpeg,1696,1224,L,train,PNEUMONIA,1.3856209150326797
person1597_bacteria_4187.jpeg,data/train/PNEUMONIA/person1597_bacteria_4187.jpeg,1768,1488,L,train,PNEUMONIA,1.1881720430107527
person1597_bacteria_4188.jpeg,data/train/PNEUMONIA/person1597_bacteria_4188.jpeg,1856,1536,L,train,PNEUMONIA,1.2083333333333333
person1597_bacteria_4189.jpeg,data/train/PNEUMONIA/person1597_bacteria_4189.jpeg,1824,1776,L,train,PNEUMONIA,1.027027027027027
person1597_bacteria_4190.jpeg,data/train/PNEUMONIA/person1597_bacteria_4190.jpeg,1664,1456,L,train,PNEUMONIA,1.1428571428571428
person1597_bacteria_4191.jpeg,data/train/PNEUMONIA/person1597_bacteria_4191.jpeg,1544,1336,L,train,PNEUMONIA,1.155688622754491
person1597_bacteria_4192.jpeg,data/train/PNEUMONIA/person1597_bacteria_4192.jpeg,1632,1144,L,train,PNEUMONIA,1.4265734265734267
person1597_bacteria_4193.jpeg,data/train/PNEUMONIA/person1597_bacteria_4193.jpeg,1736,1368,L,train,PNEUMONIA,1.2690058479532165
person1597_bacteria_4194.jpeg,data/train/PNEUMONIA/person1597_bacteria_4194.jpeg,1768,1560,L,train,PNEUMONIA,1.1333333333333333
person1598_bacteria_4195.jpeg,data/train/PNEUMONIA/person1598_bacteria_4195.jpeg,1288,824,L,train,PNEUMONIA,1.5631067961165048
person1598_bacteria_4197.jpeg,data/train/PNEUMONIA/person1598_bacteria_4197.jpeg,1264,920,L,train,PNEUMONIA,1.373913043478261
person1598_bacteria_4198.jpeg,data/train/PNEUMONIA/person1598_bacteria_4198.jpeg,1208,808,L,train,PNEUMONIA,1.495049504950495
person1599_bacteria_4200.jpeg,data/train/PNEUMONIA/person1599_bacteria_4200.jpeg,1624,864,L,train,PNEUMONIA,1.8796296296296295
person1599_bacteria_4201.jpeg,data/train/PNEUMONIA/person1599_bacteria_4201.jpeg,1520,1152,L,train,PNEUMONIA,1.3194444444444444
person1599_virus_2775.jpeg,data/train/PNEUMONIA/person1599_virus_2775.jpeg,1136,888,L,train,PNEUMONIA,1.2792792792792793
person1599_virus_2776.jpeg,data/train/PNEUMONIA/person1599_virus_2776.jpeg,1112,832,L,train,PNEUMONIA,1.3365384615384615
person15_bacteria_52.jpeg,data/train/PNEUMONIA/person15_bacteria_52.jpeg,1280,751,L,train,PNEUMONIA,1.7043941411451398
person1600_bacteria_4202.jpeg,data/train/PNEUMONIA/person1600_bacteria_4202.jpeg,1848,1488,L,train,PNEUMONIA,1.2419354838709677
person1600_virus_2777.jpeg,data/train/PNEUMONIA/person1600_virus_2777.jpeg,1296,832,L,train,PNEUMONIA,1.5576923076923077
person1601_bacteria_4209.jpeg,data/train/PNEUMONIA/person1601_bacteria_4209.jpeg,1256,840,L,train,PNEUMONIA,1.4952380952380953
person1601_bacteria_4212.jpeg,data/train/PNEUMONIA/person1601_bacteria_4212.jpeg,1400,880,L,train,PNEUMONIA,1.5909090909090908
person1602_bacteria_4218.jpeg,data/train/PNEUMONIA/person1602_bacteria_4218.jpeg,1568,992,L,train,PNEUMONIA,1.5806451612903225
person1602_virus_2780.jpeg,data/train/PNEUMONIA/person1602_virus_2780.jpeg,1216,880,L,train,PNEUMONIA,1.3818181818181818
person1603_virus_2781.jpeg,data/train/PNEUMONIA/person1603_virus_2781.jpeg,1616,1232,L,train,PNEUMONIA,1.3116883116883118
person1604_virus_2782.jpeg,data/train/PNEUMONIA/person1604_virus_2782.jpeg,1016,656,L,train,PNEUMONIA,1.548780487804878
person1605_bacteria_4226.jpeg,data/train/PNEUMONIA/person1605_bacteria_4226.jpeg,1136,888,L,train,PNEUMONIA,1.2792792792792793
person1607_bacteria_4232.jpeg,data/train/PNEUMONIA/person1607_bacteria_4232.jpeg,1064,624,L,train,PNEUMONIA,1.705128205128205
person1607_virus_2785.jpeg,data/train/PNEUMONIA/person1607_virus_2785.jpeg,1056,568,L,train,PNEUMONIA,1.8591549295774648
person1608_bacteria_4235.jpeg,data/train/PNEUMONIA/person1608_bacteria_4235.jpeg,1168,640,L,train,PNEUMONIA,1.825
person1609_bacteria_4236.jpeg,data/train/PNEUMONIA/person1609_bacteria_4236.jpeg,1312,824,L,train,PNEUMONIA,1.5922330097087378
person1609_bacteria_4237.jpeg,data/train/PNEUMONIA/person1609_bacteria_4237.jpeg,1560,1160,L,train,PNEUMONIA,1.3448275862068966
person1609_bacteria_4239.jpeg,data/train/PNEUMONIA/person1609_bacteria_4239.jpeg,1480,1008,L,train,PNEUMONIA,1.4682539682539681
person1609_virus_2790.jpeg,data/train/PNEUMONIA/person1609_virus_2790.jpeg,1416,824,L,train,PNEUMONIA,1.7184466019417475
person1609_virus_2791.jpeg,data/train/PNEUMONIA/person1609_virus_2791.jpeg,1408,976,L,train,PNEUMONIA,1.4426229508196722
person160_virus_316.jpeg,data/train/PNEUMONIA/person160_virus_316.jpeg,1536,1120,L,train,PNEUMONIA,1.3714285714285714
person1610_bacteria_4240.jpeg,data/train/PNEUMONIA/person1610_bacteria_4240.jpeg,1112,736,L,train,PNEUMONIA,1.5108695652173914
person1611_bacteria_4241.jpeg,data/train/PNEUMONIA/person1611_bacteria_4241.jpeg,1144,632,L,train,PNEUMONIA,1.8101265822784811
person1613_bacteria_4247.jpeg,data/train/PNEUMONIA/person1613_bacteria_4247.jpeg,1376,800,L,train,PNEUMONIA,1.72
person1614_bacteria_4248.jpeg,data/train/PNEUMONIA/person1614_bacteria_4248.jpeg,1392,824,L,train,PNEUMONIA,1.6893203883495145
person1615_bacteria_4249.jpeg,data/train/PNEUMONIA/person1615_bacteria_4249.jpeg,1224,1072,L,train,PNEUMONIA,1.1417910447761195
person1616_bacteria_4251.jpeg,data/train/PNEUMONIA/person1616_bacteria_4251.jpeg,1008,696,L,train,PNEUMONIA,1.4482758620689655
person1617_bacteria_4254.jpeg,data/train/PNEUMONIA/person1617_bacteria_4254.jpeg,816,456,L,train,PNEUMONIA,1.7894736842105263
person1617_bacteria_4255.jpeg,data/train/PNEUMONIA/person1617_bacteria_4255.jpeg,944,440,L,train,PNEUMONIA,2.1454545454545455
person1617_bacteria_4256.jpeg,data/train/PNEUMONIA/person1617_bacteria_4256.jpeg,864,528,L,train,PNEUMONIA,1.6363636363636365
person1618_bacteria_4258.jpeg,data/train/PNEUMONIA/person1618_bacteria_4258.jpeg,1248,760,L,train,PNEUMONIA,1.6421052631578947
person1619_bacteria_4261.jpeg,data/train/PNEUMONIA/person1619_bacteria_4261.jpeg,1400,1040,L,train,PNEUMONIA,1.3461538461538463
person1619_bacteria_4262.jpeg,data/train/PNEUMONIA/person1619_bacteria_4262.jpeg,1424,904,L,train,PNEUMONIA,1.575221238938053
person1619_bacteria_4266.jpeg,data/train/PNEUMONIA/person1619_bacteria_4266.jpeg,1352,968,L,train,PNEUMONIA,1.396694214876033
person1619_bacteria_4267.jpeg,data/train/PNEUMONIA/person1619_bacteria_4267.jpeg,1512,1272,L,train,PNEUMONIA,1.1886792452830188
person1619_bacteria_4268.jpeg,data/train/PNEUMONIA/person1619_bacteria_4268.jpeg,1512,1272,L,train,PNEUMONIA,1.1886792452830188
person1619_bacteria_4269.jpeg,data/train/PNEUMONIA/person1619_bacteria_4269.jpeg,1392,888,L,train,PNEUMONIA,1.5675675675675675
person1619_bacteria_4270.jpeg,data/train/PNEUMONIA/person1619_bacteria_4270.jpeg,1352,880,L,train,PNEUMONIA,1.5363636363636364
person1619_bacteria_4271.jpeg,data/train/PNEUMONIA/person1619_bacteria_4271.jpeg,1504,912,L,train,PNEUMONIA,1.6491228070175439
person161_virus_317.jpeg,data/train/PNEUMONIA/person161_virus_317.jpeg,1264,904,L,train,PNEUMONIA,1.3982300884955752
person1620_bacteria_4272.jpeg,data/train/PNEUMONIA/person1620_bacteria_4272.jpeg,1224,656,L,train,PNEUMONIA,1.8658536585365855
person1625_bacteria_4290.jpeg,data/train/PNEUMONIA/person1625_bacteria_4290.jpeg,1040,824,L,train,PNEUMONIA,1.2621359223300972
person1626_bacteria_4291.jpeg,data/train/PNEUMONIA/person1626_bacteria_4291.jpeg,896,648,L,train,PNEUMONIA,1.382716049382716
person1628_bacteria_4293.jpeg,data/train/PNEUMONIA/person1628_bacteria_4293.jpeg,1144,896,L,train,PNEUMONIA,1.2767857142857142
person1628_bacteria_4294.jpeg,data/train/PNEUMONIA/person1628_bacteria_4294.jpeg,1328,1000,L,train,PNEUMONIA,1.328
person1628_bacteria_4295.jpeg,data/train/PNEUMONIA/person1628_bacteria_4295.jpeg,1240,744,L,train,PNEUMONIA,1.6666666666666667
person1628_bacteria_4296.jpeg,data/train/PNEUMONIA/person1628_bacteria_4296.jpeg,1280,848,L,train,PNEUMONIA,1.509433962264151
person1628_bacteria_4297.jpeg,data/train/PNEUMONIA/person1628_bacteria_4297.jpeg,1304,968,L,train,PNEUMONIA,1.3471074380165289
person1628_bacteria_4298.jpeg,data/train/PNEUMONIA/person1628_bacteria_4298.jpeg,1304,968,L,train,PNEUMONIA,1.3471074380165289
person1629_bacteria_4299.jpeg,data/train/PNEUMONIA/person1629_bacteria_4299.jpeg,1792,1216,L,train,PNEUMONIA,1.4736842105263157
person162_virus_319.jpeg,data/train/PNEUMONIA/person162_virus_319.jpeg,1576,1112,L,train,PNEUMONIA,1.4172661870503598
person162_virus_320.jpeg,data/train/PNEUMONIA/person162_virus_320.jpeg,1720,1128,L,train,PNEUMONIA,1.524822695035461
person162_virus_321.jpeg,data/train/PNEUMONIA/person162_virus_321.jpeg,1424,1224,L,train,PNEUMONIA,1.1633986928104576
person162_virus_322.jpeg,data/train/PNEUMONIA/person162_virus_322.jpeg,1424,1224,L,train,PNEUMONIA,1.1633986928104576
person1630_bacteria_4303.jpeg,data/train/PNEUMONIA/person1630_bacteria_4303.jpeg,1552,1096,L,train,PNEUMONIA,1.416058394160584
person1630_bacteria_4304.jpeg,data/train/PNEUMONIA/person1630_bacteria_4304.jpeg,1792,1232,L,train,PNEUMONIA,1.4545454545454546
person1634_bacteria_4326.jpeg,data/train/PNEUMONIA/person1634_bacteria_4326.jpeg,1648,1096,L,train,PNEUMONIA,1.5036496350364963
person1634_bacteria_4331.jpeg,data/train/PNEUMONIA/person1634_bacteria_4331.jpeg,1720,1112,L,train,PNEUMONIA,1.5467625899280575
person1634_bacteria_4334.jpeg,data/train/PNEUMONIA/person1634_bacteria_4334.jpeg,1824,976,L,train,PNEUMONIA,1.8688524590163935
person1635_bacteria_4335.jpeg,data/train/PNEUMONIA/person1635_bacteria_4335.jpeg,1224,848,L,train,PNEUMONIA,1.4433962264150944
person1636_bacteria_4337.jpeg,data/train/PNEUMONIA/person1636_bacteria_4337.jpeg,1608,1024,L,train,PNEUMONIA,1.5703125
person1636_bacteria_4338.jpeg,data/train/PNEUMONIA/person1636_bacteria_4338.jpeg,1624,864,L,train,PNEUMONIA,1.8796296296296295
person1637_bacteria_4339.jpeg,data/train/PNEUMONIA/person1637_bacteria_4339.jpeg,1936,1536,L,train,PNEUMONIA,1.2604166666666667
person1638_bacteria_4340.jpeg,data/train/PNEUMONIA/person1638_bacteria_4340.jpeg,1976,1496,L,train,PNEUMONIA,1.320855614973262
person1638_bacteria_4341.jpeg,data/train/PNEUMONIA/person1638_bacteria_4341.jpeg,1736,1328,L,train,PNEUMONIA,1.3072289156626506
person1638_bacteria_4342.jpeg,data/train/PNEUMONIA/person1638_bacteria_4342.jpeg,1656,1088,L,train,PNEUMONIA,1.5220588235294117
person1639_bacteria_4343.jpeg,data/train/PNEUMONIA/person1639_bacteria_4343.jpeg,832,583,RGB,train,PNEUMONIA,1.4271012006861064
person1639_bacteria_4344.jpeg,data/train/PNEUMONIA/person1639_bacteria_4344.jpeg,1248,688,L,train,PNEUMONIA,1.813953488372093
person1639_bacteria_4345.jpeg,data/train/PNEUMONIA/person1639_bacteria_4345.jpeg,781,476,RGB,train,PNEUMONIA,1.6407563025210083
person1639_bacteria_4347.jpeg,data/train/PNEUMONIA/person1639_bacteria_4347.jpeg,809,476,RGB,train,PNEUMONIA,1.699579831932773
person1640_bacteria_4348.jpeg,data/train/PNEUMONIA/person1640_bacteria_4348.jpeg,855,507,RGB,train,PNEUMONIA,1.6863905325443787
person1641_bacteria_4350.jpeg,data/train/PNEUMONIA/person1641_bacteria_4350.jpeg,1072,648,L,train,PNEUMONIA,1.654320987654321
person1642_bacteria_4352.jpeg,data/train/PNEUMONIA/person1642_bacteria_4352.jpeg,724,286,RGB,train,PNEUMONIA,2.5314685314685317
person1642_bacteria_4353.jpeg,data/train/PNEUMONIA/person1642_bacteria_4353.jpeg,698,413,RGB,train,PNEUMONIA,1.6900726392251817
person1643_bacteria_4354.jpeg,data/train/PNEUMONIA/person1643_bacteria_4354.jpeg,1088,664,L,train,PNEUMONIA,1.6385542168674698
person1644_bacteria_4356.jpeg,data/train/PNEUMONIA/person1644_bacteria_4356.jpeg,741,421,RGB,train,PNEUMONIA,1.7600950118764846
person1644_bacteria_4357.jpeg,data/train/PNEUMONIA/person1644_bacteria_4357.jpeg,645,329,RGB,train,PNEUMONIA,1.9604863221884499
person1644_bacteria_4358.jpeg,data/train/PNEUMONIA/person1644_bacteria_4358.jpeg,1040,536,L,train,PNEUMONIA,1.9402985074626866
person1644_bacteria_4360.jpeg,data/train/PNEUMONIA/person1644_bacteria_4360.jpeg,718,401,RGB,train,PNEUMONIA,1.7905236907730673
person1644_bacteria_4361.jpeg,data/train/PNEUMONIA/person1644_bacteria_4361.jpeg,720,325,RGB,train,PNEUMONIA,2.2153846153846155
person1644_bacteria_4362.jpeg,data/train/PNEUMONIA/person1644_bacteria_4362.jpeg,1048,680,L,train,PNEUMONIA,1.5411764705882354
person1645_bacteria_4363.jpeg,data/train/PNEUMONIA/person1645_bacteria_4363.jpeg,1152,664,L,train,PNEUMONIA,1.7349397590361446
person1646_bacteria_4368.jpeg,data/train/PNEUMONIA/person1646_bacteria_4368.jpeg,976,712,L,train,PNEUMONIA,1.3707865168539326
person1647_bacteria_4372.jpeg,data/train/PNEUMONIA/person1647_bacteria_4372.jpeg,936,776,L,train,PNEUMONIA,1.2061855670103092
person1648_bacteria_4373.jpeg,data/train/PNEUMONIA/person1648_bacteria_4373.jpeg,1056,720,L,train,PNEUMONIA,1.4666666666666666
person1648_bacteria_4375.jpeg,data/train/PNEUMONIA/person1648_bacteria_4375.jpeg,1144,656,L,train,PNEUMONIA,1.7439024390243902
person1648_bacteria_4376.jpeg,data/train/PNEUMONIA/person1648_bacteria_4376.jpeg,1144,824,L,train,PNEUMONIA,1.3883495145631068
person1649_bacteria_4377.jpeg,data/train/PNEUMONIA/person1649_bacteria_4377.jpeg,1040,728,L,train,PNEUMONIA,1.4285714285714286
person1649_bacteria_4378.jpeg,data/train/PNEUMONIA/person1649_bacteria_4378.jpeg,1032,888,L,train,PNEUMONIA,1.162162162162162
person1649_bacteria_4379.jpeg,data/train/PNEUMONIA/person1649_bacteria_4379.jpeg,1152,832,L,train,PNEUMONIA,1.3846153846153846
person1651_bacteria_4381.jpeg,data/train/PNEUMONIA/person1651_bacteria_4381.jpeg,1176,816,L,train,PNEUMONIA,1.4411764705882353
person1652_bacteria_4383.jpeg,data/train/PNEUMONIA/person1652_bacteria_4383.jpeg,1232,624,L,train,PNEUMONIA,1.9743589743589745
person1657_bacteria_4398.jpeg,data/train/PNEUMONIA/person1657_bacteria_4398.jpeg,1552,1120,L,train,PNEUMONIA,1.3857142857142857
person1657_bacteria_4399.jpeg,data/train/PNEUMONIA/person1657_bacteria_4399.jpeg,1456,1160,L,train,PNEUMONIA,1.2551724137931035
person1657_bacteria_4400.jpeg,data/train/PNEUMONIA/person1657_bacteria_4400.jpeg,1504,1200,L,train,PNEUMONIA,1.2533333333333334
person1658_bacteria_4402.jpeg,data/train/PNEUMONIA/person1658_bacteria_4402.jpeg,1680,1168,L,train,PNEUMONIA,1.4383561643835616
person1660_bacteria_4404.jpeg,data/train/PNEUMONIA/person1660_bacteria_4404.jpeg,1032,552,L,train,PNEUMONIA,1.8695652173913044
person1661_bacteria_4406.jpeg,data/train/PNEUMONIA/person1661_bacteria_4406.jpeg,607,347,RGB,train,PNEUMONIA,1.7492795389048992
person1663_bacteria_4411.jpeg,data/train/PNEUMONIA/person1663_bacteria_4411.jpeg,1416,864,L,train,PNEUMONIA,1.6388888888888888
person1663_bacteria_4412.jpeg,data/train/PNEUMONIA/person1663_bacteria_4412.jpeg,1272,952,L,train,PNEUMONIA,1.3361344537815125
person1665_bacteria_4415.jpeg,data/train/PNEUMONIA/person1665_bacteria_4415.jpeg,1160,784,L,train,PNEUMONIA,1.4795918367346939
person1666_bacteria_4416.jpeg,data/train/PNEUMONIA/person1666_bacteria_4416.jpeg,1824,1040,L,train,PNEUMONIA,1.7538461538461538
person1667_bacteria_4417.jpeg,data/train/PNEUMONIA/person1667_bacteria_4417.jpeg,1024,648,L,train,PNEUMONIA,1.5802469135802468
person1667_bacteria_4418.jpeg,data/train/PNEUMONIA/person1667_bacteria_4418.jpeg,1144,752,L,train,PNEUMONIA,1.5212765957446808
person1668_bacteria_4420.jpeg,data/train/PNEUMONIA/person1668_bacteria_4420.jpeg,571,310,RGB,train,PNEUMONIA,1.8419354838709678
person1668_bacteria_4421.jpeg,data/train/PNEUMONIA/person1668_bacteria_4421.jpeg,469,270,RGB,train,PNEUMONIA,1.737037037037037
person1669_bacteria_4422.jpeg,data/train/PNEUMONIA/person1669_bacteria_4422.jpeg,482,163,RGB,train,PNEUMONIA,2.957055214723926
person1669_bacteria_4423.jpeg,data/train/PNEUMONIA/person1669_bacteria_4423.jpeg,920,696,L,train,PNEUMONIA,1.3218390804597702
person1669_bacteria_4424.jpeg,data/train/PNEUMONIA/person1669_bacteria_4424.jpeg,1032,680,L,train,PNEUMONIA,1.5176470588235293
person1670_bacteria_4425.jpeg,data/train/PNEUMONIA/person1670_bacteria_4425.jpeg,1328,928,L,train,PNEUMONIA,1.4310344827586208
person1670_bacteria_4426.jpeg,data/train/PNEUMONIA/person1670_bacteria_4426.jpeg,444,262,RGB,train,PNEUMONIA,1.6946564885496183
person1670_bacteria_4427.jpeg,data/train/PNEUMONIA/person1670_bacteria_4427.jpeg,1488,1088,L,train,PNEUMONIA,1.3676470588235294
person1670_bacteria_4428.jpeg,data/train/PNEUMONIA/person1670_bacteria_4428.jpeg,1352,816,L,train,PNEUMONIA,1.6568627450980393
person1670_bacteria_4429.jpeg,data/train/PNEUMONIA/person1670_bacteria_4429.jpeg,1288,976,L,train,PNEUMONIA,1.319672131147541
person1670_bacteria_4430.jpeg,data/train/PNEUMONIA/person1670_bacteria_4430.jpeg,1464,1104,L,train,PNEUMONIA,1.326086956521739
person1670_bacteria_4431.jpeg,data/train/PNEUMONIA/person1670_bacteria_4431.jpeg,1568,832,L,train,PNEUMONIA,1.8846153846153846
person1671_bacteria_4432.jpeg,data/train/PNEUMONIA/person1671_bacteria_4432.jpeg,1528,1024,L,train,PNEUMONIA,1.4921875
person1673_bacteria_4434.jpeg,data/train/PNEUMONIA/person1673_bacteria_4434.jpeg,896,624,L,train,PNEUMONIA,1.435897435897436
person1674_bacteria_4437.jpeg,data/train/PNEUMONIA/person1674_bacteria_4437.jpeg,1160,936,L,train,PNEUMONIA,1.2393162393162394
person1676_bacteria_4441.jpeg,data/train/PNEUMONIA/person1676_bacteria_4441.jpeg,407,178,RGB,train,PNEUMONIA,2.2865168539325844
person1677_bacteria_4443.jpeg,data/train/PNEUMONIA/person1677_bacteria_4443.jpeg,499,261,RGB,train,PNEUMONIA,1.9118773946360152
person1677_bacteria_4444.jpeg,data/train/PNEUMONIA/person1677_bacteria_4444.jpeg,500,198,RGB,train,PNEUMONIA,2.525252525252525
person1678_bacteria_4446.jpeg,data/train/PNEUMONIA/person1678_bacteria_4446.jpeg,1144,928,L,train,PNEUMONIA,1.2327586206896552
person1679_bacteria_4448.jpeg,data/train/PNEUMONIA/person1679_bacteria_4448.jpeg,480,167,RGB,train,PNEUMONIA,2.874251497005988
person1679_bacteria_4449.jpeg,data/train/PNEUMONIA/person1679_bacteria_4449.jpeg,438,168,RGB,train,PNEUMONIA,2.607142857142857
person1679_bacteria_4450.jpeg,data/train/PNEUMONIA/person1679_bacteria_4450.jpeg,549,229,RGB,train,PNEUMONIA,2.3973799126637556
person1679_bacteria_4452.jpeg,data/train/PNEUMONIA/person1679_bacteria_4452.jpeg,1080,672,L,train,PNEUMONIA,1.6071428571428572
person1679_bacteria_4453.jpeg,data/train/PNEUMONIA/person1679_bacteria_4453.jpeg,1160,632,L,train,PNEUMONIA,1.8354430379746836
person1680_bacteria_4455.jpeg,data/train/PNEUMONIA/person1680_bacteria_4455.jpeg,984,544,L,train,PNEUMONIA,1.8088235294117647
person1682_bacteria_4459.jpeg,data/train/PNEUMONIA/person1682_bacteria_4459.jpeg,1120,744,L,train,PNEUMONIA,1.5053763440860215
person1683_bacteria_4460.jpeg,data/train/PNEUMONIA/person1683_bacteria_4460.jpeg,2072,1440,L,train,PNEUMONIA,1.4388888888888889
person1684_bacteria_4461.jpeg,data/train/PNEUMONIA/person1684_bacteria_4461.jpeg,499,188,RGB,train,PNEUMONIA,2.654255319148936
person1684_bacteria_4462.jpeg,data/train/PNEUMONIA/person1684_bacteria_4462.jpeg,494,151,RGB,train,PNEUMONIA,3.271523178807947
person1684_bacteria_4463.jpeg,data/train/PNEUMONIA/person1684_bacteria_4463.jpeg,984,568,L,train,PNEUMONIA,1.732394366197183
person1685_bacteria_4465.jpeg,data/train/PNEUMONIA/person1685_bacteria_4465.jpeg,1248,744,L,train,PNEUMONIA,1.6774193548387097
person1686_bacteria_4466.jpeg,data/train/PNEUMONIA/person1686_bacteria_4466.jpeg,503,260,RGB,train,PNEUMONIA,1.9346153846153846
person1687_bacteria_4468.jpeg,data/train/PNEUMONIA/person1687_bacteria_4468.jpeg,1096,784,L,train,PNEUMONIA,1.3979591836734695
person1689_bacteria_4472.jpeg,data/train/PNEUMONIA/person1689_bacteria_4472.jpeg,1024,632,L,train,PNEUMONIA,1.620253164556962
person1689_bacteria_4473.jpeg,data/train/PNEUMONIA/person1689_bacteria_4473.jpeg,567,258,RGB,train,PNEUMONIA,2.197674418604651
person1689_bacteria_4474.jpeg,data/train/PNEUMONIA/person1689_bacteria_4474.jpeg,437,144,RGB,train,PNEUMONIA,3.0347222222222223
person1690_bacteria_4475.jpeg,data/train/PNEUMONIA/person1690_bacteria_4475.jpeg,1664,1472,L,train,PNEUMONIA,1.1304347826086956
person1691_bacteria_4479.jpeg,data/train/PNEUMONIA/person1691_bacteria_4479.jpeg,1336,816,L,train,PNEUMONIA,1.6372549019607843
person1691_bacteria_4481.jpeg,data/train/PNEUMONIA/person1691_bacteria_4481.jpeg,1320,1016,L,train,PNEUMONIA,1.2992125984251968
person1693_bacteria_4485.jpeg,data/train/PNEUMONIA/person1693_bacteria_4485.jpeg,399,164,RGB,train,PNEUMONIA,2.432926829268293
person1695_bacteria_4492.jpeg,data/train/PNEUMONIA/person1695_bacteria_4492.jpeg,824,640,L,train,PNEUMONIA,1.2875
person1696_bacteria_4495.jpeg,data/train/PNEUMONIA/person1696_bacteria_4495.jpeg,1072,648,L,train,PNEUMONIA,1.654320987654321
person1697_bacteria_4496.jpeg,data/train/PNEUMONIA/person1697_bacteria_4496.jpeg,1320,688,L,train,PNEUMONIA,1.9186046511627908
person1698_bacteria_4497.jpeg,data/train/PNEUMONIA/person1698_bacteria_4497.jpeg,1152,696,L,train,PNEUMONIA,1.6551724137931034
person1699_bacteria_4498.jpeg,data/train/PNEUMONIA/person1699_bacteria_4498.jpeg,1384,808,L,train,PNEUMONIA,1.7128712871287128
person16_bacteria_53.jpeg,data/train/PNEUMONIA/person16_bacteria_53.jpeg,1470,1033,L,train,PNEUMONIA,1.4230396902226525
person16_bacteria_54.jpeg,data/train/PNEUMONIA/person16_bacteria_54.jpeg,1460,924,L,train,PNEUMONIA,1.58008658008658
person16_bacteria_55.jpeg,data/train/PNEUMONIA/person16_bacteria_55.jpeg,1488,936,L,train,PNEUMONIA,1.5897435897435896
person1700_bacteria_4500.jpeg,data/train/PNEUMONIA/person1700_bacteria_4500.jpeg,1168,864,L,train,PNEUMONIA,1.3518518518518519
person1700_bacteria_4502.jpeg,data/train/PNEUMONIA/person1700_bacteria_4502.jpeg,550,276,RGB,train,PNEUMONIA,1.9927536231884058
person1701_bacteria_4504.jpeg,data/train/PNEUMONIA/person1701_bacteria_4504.jpeg,1408,864,L,train,PNEUMONIA,1.6296296296296295
person1702_bacteria_4506.jpeg,data/train/PNEUMONIA/person1702_bacteria_4506.jpeg,438,179,RGB,train,PNEUMONIA,2.446927374301676
person1702_bacteria_4508.jpeg,data/train/PNEUMONIA/person1702_bacteria_4508.jpeg,1048,816,L,train,PNEUMONIA,1.2843137254901962
person1702_bacteria_4509.jpeg,data/train/PNEUMONIA/person1702_bacteria_4509.jpeg,1064,648,L,train,PNEUMONIA,1.6419753086419753
person1702_bacteria_4510.jpeg,data/train/PNEUMONIA/person1702_bacteria_4510.jpeg,968,656,L,train,PNEUMONIA,1.475609756097561
person1702_bacteria_4511.jpeg,data/train/PNEUMONIA/person1702_bacteria_4511.jpeg,1064,776,L,train,PNEUMONIA,1.3711340206185567
person1705_bacteria_4515.jpeg,data/train/PNEUMONIA/person1705_bacteria_4515.jpeg,446,232,RGB,train,PNEUMONIA,1.9224137931034482
person1706_bacteria_4516.jpeg,data/train/PNEUMONIA/person1706_bacteria_4516.jpeg,461,175,RGB,train,PNEUMONIA,2.6342857142857143
person1707_bacteria_4520.jpeg,data/train/PNEUMONIA/person1707_bacteria_4520.jpeg,514,269,RGB,train,PNEUMONIA,1.9107806691449813
person1708_bacteria_4521.jpeg,data/train/PNEUMONIA/person1708_bacteria_4521.jpeg,1616,1328,L,train,PNEUMONIA,1.216867469879518
person1709_bacteria_4522.jpeg,data/train/PNEUMONIA/person1709_bacteria_4522.jpeg,1288,848,L,train,PNEUMONIA,1.5188679245283019
person1709_bacteria_4523.jpeg,data/train/PNEUMONIA/person1709_bacteria_4523.jpeg,441,255,RGB,train,PNEUMONIA,1.7294117647058824
person1709_bacteria_4524.jpeg,data/train/PNEUMONIA/person1709_bacteria_4524.jpeg,1168,1016,L,train,PNEUMONIA,1.1496062992125984
person1710_bacteria_4525.jpeg,data/train/PNEUMONIA/person1710_bacteria_4525.jpeg,968,584,L,train,PNEUMONIA,1.6575342465753424
person1710_bacteria_4526.jpeg,data/train/PNEUMONIA/person1710_bacteria_4526.jpeg,450,230,RGB,train,PNEUMONIA,1.9565217391304348
person1711_bacteria_4527.jpeg,data/train/PNEUMONIA/person1711_bacteria_4527.jpeg,1168,784,L,train,PNEUMONIA,1.489795918367347
person1712_bacteria_4529.jpeg,data/train/PNEUMONIA/person1712_bacteria_4529.jpeg,1328,1064,L,train,PNEUMONIA,1.2481203007518797
person1713_bacteria_4530.jpeg,data/train/PNEUMONIA/person1713_bacteria_4530.jpeg,1104,744,L,train,PNEUMONIA,1.4838709677419355
person1715_bacteria_4532.jpeg,data/train/PNEUMONIA/person1715_bacteria_4532.jpeg,1216,984,L,train,PNEUMONIA,1.2357723577235773
person1716_bacteria_4533.jpeg,data/train/PNEUMONIA/person1716_bacteria_4533.jpeg,564,194,RGB,train,PNEUMONIA,2.9072164948453607
person1717_bacteria_4534.jpeg,data/train/PNEUMONIA/person1717_bacteria_4534.jpeg,1184,816,L,train,PNEUMONIA,1.4509803921568627
person1717_bacteria_4536.jpeg,data/train/PNEUMONIA/person1717_bacteria_4536.jpeg,1352,680,L,train,PNEUMONIA,1.988235294117647
person1718_bacteria_4538.jpeg,data/train/PNEUMONIA/person1718_bacteria_4538.jpeg,1664,1248,L,train,PNEUMONIA,1.3333333333333333
person1718_bacteria_4540.jpeg,data/train/PNEUMONIA/person1718_bacteria_4540.jpeg,1800,1256,L,train,PNEUMONIA,1.4331210191082802
person1719_bacteria_4541.jpeg,data/train/PNEUMONIA/person1719_bacteria_4541.jpeg,557,177,RGB,train,PNEUMONIA,3.146892655367232
person1719_bacteria_4542.jpeg,data/train/PNEUMONIA/person1719_bacteria_4542.jpeg,481,234,RGB,train,PNEUMONIA,2.0555555555555554
person1719_bacteria_4544.jpeg,data/train/PNEUMONIA/person1719_bacteria_4544.jpeg,462,200,RGB,train,PNEUMONIA,2.31
person1720_bacteria_4545.jpeg,data/train/PNEUMONIA/person1720_bacteria_4545.jpeg,1152,648,L,train,PNEUMONIA,1.7777777777777777
person1721_bacteria_4546.jpeg,data/train/PNEUMONIA/person1721_bacteria_4546.jpeg,1160,816,L,train,PNEUMONIA,1.4215686274509804
person1722_bacteria_4547.jpeg,data/train/PNEUMONIA/person1722_bacteria_4547.jpeg,415,354,RGB,train,PNEUMONIA,1.1723163841807909
person1723_bacteria_4548.jpeg,data/train/PNEUMONIA/person1723_bacteria_4548.jpeg,457,295,RGB,train,PNEUMONIA,1.5491525423728814
person1724_bacteria_4549.jpeg,data/train/PNEUMONIA/person1724_bacteria_4549.jpeg,1160,736,L,train,PNEUMONIA,1.576086956521739
person1725_bacteria_4550.jpeg,data/train/PNEUMONIA/person1725_bacteria_4550.jpeg,514,275,RGB,train,PNEUMONIA,1.8690909090909091
person1725_bacteria_4551.jpeg,data/train/PNEUMONIA/person1725_bacteria_4551.jpeg,450,250,RGB,train,PNEUMONIA,1.8
person1726_bacteria_4552.jpeg,data/train/PNEUMONIA/person1726_bacteria_4552.jpeg,1136,792,L,train,PNEUMONIA,1.4343434343434343
person1728_bacteria_4555.jpeg,data/train/PNEUMONIA/person1728_bacteria_4555.jpeg,486,186,RGB,train,PNEUMONIA,2.6129032258064515
person1728_bacteria_4556.jpeg,data/train/PNEUMONIA/person1728_bacteria_4556.jpeg,455,178,RGB,train,PNEUMONIA,2.556179775280899
person1729_bacteria_4557.jpeg,data/train/PNEUMONIA/person1729_bacteria_4557.jpeg,1168,728,L,train,PNEUMONIA,1.6043956043956045
person1730_bacteria_4558.jpeg,data/train/PNEUMONIA/person1730_bacteria_4558.jpeg,872,560,L,train,PNEUMONIA,1.5571428571428572
person1730_bacteria_4559.jpeg,data/train/PNEUMONIA/person1730_bacteria_4559.jpeg,808,552,L,train,PNEUMONIA,1.463768115942029
person1731_bacteria_4563.jpeg,data/train/PNEUMONIA/person1731_bacteria_4563.jpeg,1184,704,L,train,PNEUMONIA,1.6818181818181819
person1732_bacteria_4564.jpeg,data/train/PNEUMONIA/person1732_bacteria_4564.jpeg,492,156,RGB,train,PNEUMONIA,3.1538461538461537
person1733_bacteria_4566.jpeg,data/train/PNEUMONIA/person1733_bacteria_4566.jpeg,912,456,L,train,PNEUMONIA,2.0
person1735_bacteria_4570.jpeg,data/train/PNEUMONIA/person1735_bacteria_4570.jpeg,1656,1048,L,train,PNEUMONIA,1.5801526717557253
person1737_bacteria_4573.jpeg,data/train/PNEUMONIA/person1737_bacteria_4573.jpeg,2072,1768,L,train,PNEUMONIA,1.1719457013574661
person1739_bacteria_4576.jpeg,data/train/PNEUMONIA/person1739_bacteria_4576.jpeg,1016,672,L,train,PNEUMONIA,1.5119047619047619
person1740_bacteria_4579.jpeg,data/train/PNEUMONIA/person1740_bacteria_4579.jpeg,1720,1328,L,train,PNEUMONIA,1.2951807228915662
person1744_bacteria_4583.jpeg,data/train/PNEUMONIA/person1744_bacteria_4583.jpeg,1416,1208,L,train,PNEUMONIA,1.1721854304635762
person1745_bacteria_4584.jpeg,data/train/PNEUMONIA/person1745_bacteria_4584.jpeg,1792,1280,L,train,PNEUMONIA,1.4
person1746_bacteria_4585.jpeg,data/train/PNEUMONIA/person1746_bacteria_4585.jpeg,2072,1440,L,train,PNEUMONIA,1.4388888888888889
person1748_bacteria_4588.jpeg,data/train/PNEUMONIA/person1748_bacteria_4588.jpeg,1904,1744,L,train,PNEUMONIA,1.091743119266055
person1749_bacteria_4590.jpeg,data/train/PNEUMONIA/person1749_bacteria_4590.jpeg,493,289,RGB,train,PNEUMONIA,1.7058823529411764
person1751_bacteria_4592.jpeg,data/train/PNEUMONIA/person1751_bacteria_4592.jpeg,462,241,RGB,train,PNEUMONIA,1.9170124481327802
person1753_bacteria_4594.jpeg,data/train/PNEUMONIA/person1753_bacteria_4594.jpeg,1480,680,L,train,PNEUMONIA,2.176470588235294
person1756_bacteria_4598.jpeg,data/train/PNEUMONIA/person1756_bacteria_4598.jpeg,1424,1128,L,train,PNEUMONIA,1.2624113475177305
person1757_bacteria_4599.jpeg,data/train/PNEUMONIA/person1757_bacteria_4599.jpeg,920,664,L,train,PNEUMONIA,1.3855421686746987
person1758_bacteria_4600.jpeg,data/train/PNEUMONIA/person1758_bacteria_4600.jpeg,1728,1392,L,train,PNEUMONIA,1.2413793103448276
person1760_bacteria_4602.jpeg,data/train/PNEUMONIA/person1760_bacteria_4602.jpeg,952,632,L,train,PNEUMONIA,1.5063291139240507
person1761_bacteria_4603.jpeg,data/train/PNEUMONIA/person1761_bacteria_4603.jpeg,467,217,RGB,train,PNEUMONIA,2.152073732718894
person1763_bacteria_4606.jpeg,data/train/PNEUMONIA/person1763_bacteria_4606.jpeg,483,178,RGB,train,PNEUMONIA,2.7134831460674156
person1764_bacteria_4607.jpeg,data/train/PNEUMONIA/person1764_bacteria_4607.jpeg,1120,632,L,train,PNEUMONIA,1.7721518987341771
person1765_bacteria_4608.jpeg,data/train/PNEUMONIA/person1765_bacteria_4608.jpeg,1256,856,L,train,PNEUMONIA,1.4672897196261683
person1770_bacteria_4613.jpeg,data/train/PNEUMONIA/person1770_bacteria_4613.jpeg,984,608,L,train,PNEUMONIA,1.618421052631579
person1770_bacteria_4614.jpeg,data/train/PNEUMONIA/person1770_bacteria_4614.jpeg,485,229,RGB,train,PNEUMONIA,2.1179039301310043
person1771_bacteria_4615.jpeg,data/train/PNEUMONIA/person1771_bacteria_4615.jpeg,1760,1352,L,train,PNEUMONIA,1.301775147928994
person1777_bacteria_4622.jpeg,data/train/PNEUMONIA/person1777_bacteria_4622.jpeg,952,584,L,train,PNEUMONIA,1.63013698630137
person1779_bacteria_4626.jpeg,data/train/PNEUMONIA/person1779_bacteria_4626.jpeg,984,544,L,train,PNEUMONIA,1.8088235294117647
person1784_bacteria_4631.jpeg,data/train/PNEUMONIA/person1784_bacteria_4631.jpeg,888,632,L,train,PNEUMONIA,1.4050632911392404
person1787_bacteria_4634.jpeg,data/train/PNEUMONIA/person1787_bacteria_4634.jpeg,984,520,L,train,PNEUMONIA,1.8923076923076922
person1790_bacteria_4638.jpeg,data/train/PNEUMONIA/person1790_bacteria_4638.jpeg,1016,624,L,train,PNEUMONIA,1.6282051282051282
person1796_bacteria_4644.jpeg,data/train/PNEUMONIA/person1796_bacteria_4644.jpeg,1080,712,L,train,PNEUMONIA,1.5168539325842696
person1799_bacteria_4647.jpeg,data/train/PNEUMONIA/person1799_bacteria_4647.jpeg,1192,520,L,train,PNEUMONIA,2.292307692307692
person17_bacteria_56.jpeg,data/train/PNEUMONIA/person17_bacteria_56.jpeg,1256,932,L,train,PNEUMONIA,1.3476394849785407
person1803_bacteria_4651.jpeg,data/train/PNEUMONIA/person1803_bacteria_4651.jpeg,1056,672,L,train,PNEUMONIA,1.5714285714285714
person1803_bacteria_4652.jpeg,data/train/PNEUMONIA/person1803_bacteria_4652.jpeg,976,672,L,train,PNEUMONIA,1.4523809523809523
person1810_bacteria_4664.jpeg,data/train/PNEUMONIA/person1810_bacteria_4664.jpeg,944,672,L,train,PNEUMONIA,1.4047619047619047
person1812_bacteria_4667.jpeg,data/train/PNEUMONIA/person1812_bacteria_4667.jpeg,976,560,L,train,PNEUMONIA,1.7428571428571429
person1814_bacteria_4669.jpeg,data/train/PNEUMONIA/person1814_bacteria_4669.jpeg,912,576,L,train,PNEUMONIA,1.5833333333333333
person1816_bacteria_4673.jpeg,data/train/PNEUMONIA/person1816_bacteria_4673.jpeg,1272,592,L,train,PNEUMONIA,2.1486486486486487
person1816_bacteria_4674.jpeg,data/train/PNEUMONIA/person1816_bacteria_4674.jpeg,1240,728,L,train,PNEUMONIA,1.7032967032967032
person1817_bacteria_4675.jpeg,data/train/PNEUMONIA/person1817_bacteria_4675.jpeg,1184,792,L,train,PNEUMONIA,1.494949494949495
person1818_bacteria_4676.jpeg,data/train/PNEUMONIA/person1818_bacteria_4676.jpeg,1320,768,L,train,PNEUMONIA,1.71875
person1819_bacteria_4677.jpeg,data/train/PNEUMONIA/person1819_bacteria_4677.jpeg,1576,848,L,train,PNEUMONIA,1.8584905660377358
person1823_bacteria_4682.jpeg,data/train/PNEUMONIA/person1823_bacteria_4682.jpeg,1080,784,L,train,PNEUMONIA,1.3775510204081634
person1830_bacteria_4693.jpeg,data/train/PNEUMONIA/person1830_bacteria_4693.jpeg,1584,1104,L,train,PNEUMONIA,1.434782608695652
person1835_bacteria_4699.jpeg,data/train/PNEUMONIA/person1835_bacteria_4699.jpeg,1064,672,L,train,PNEUMONIA,1.5833333333333333
person1838_bacteria_4703.jpeg,data/train/PNEUMONIA/person1838_bacteria_4703.jpeg,1328,888,L,train,PNEUMONIA,1.4954954954954955
person1839_bacteria_4705.jpeg,data/train/PNEUMONIA/person1839_bacteria_4705.jpeg,1056,736,L,train,PNEUMONIA,1.434782608695652
person1841_bacteria_4708.jpeg,data/train/PNEUMONIA/person1841_bacteria_4708.jpeg,1216,1040,L,train,PNEUMONIA,1.1692307692307693
person1843_bacteria_4710.jpeg,data/train/PNEUMONIA/person1843_bacteria_4710.jpeg,888,784,L,train,PNEUMONIA,1.1326530612244898
person1847_bacteria_4716.jpeg,data/train/PNEUMONIA/person1847_bacteria_4716.jpeg,1344,824,L,train,PNEUMONIA,1.6310679611650485
person1848_bacteria_4719.jpeg,data/train/PNEUMONIA/person1848_bacteria_4719.jpeg,1312,792,L,train,PNEUMONIA,1.6565656565656566
person1850_bacteria_4721.jpeg,data/train/PNEUMONIA/person1850_bacteria_4721.jpeg,880,520,L,train,PNEUMONIA,1.6923076923076923
person1851_bacteria_4722.jpeg,data/train/PNEUMONIA/person1851_bacteria_4722.jpeg,1080,776,L,train,PNEUMONIA,1.3917525773195876
person1852_bacteria_4724.jpeg,data/train/PNEUMONIA/person1852_bacteria_4724.jpeg,1712,1224,L,train,PNEUMONIA,1.3986928104575163
person1855_bacteria_4727.jpeg,data/train/PNEUMONIA/person1855_bacteria_4727.jpeg,1048,664,L,train,PNEUMONIA,1.5783132530120483
person1857_bacteria_4729.jpeg,data/train/PNEUMONIA/person1857_bacteria_4729.jpeg,1040,544,L,train,PNEUMONIA,1.911764705882353
person1858_bacteria_4730.jpeg,data/train/PNEUMONIA/person1858_bacteria_4730.jpeg,1416,800,L,train,PNEUMONIA,1.77
person1859_bacteria_4731.jpeg,data/train/PNEUMONIA/person1859_bacteria_4731.jpeg,1520,952,L,train,PNEUMONIA,1.596638655462185
person1860_bacteria_4732.jpeg,data/train/PNEUMONIA/person1860_bacteria_4732.jpeg,1112,640,L,train,PNEUMONIA,1.7375
person1863_bacteria_4735.jpeg,data/train/PNEUMONIA/person1863_bacteria_4735.jpeg,1072,720,L,train,PNEUMONIA,1.488888888888889
person1864_bacteria_4736.jpeg,data/train/PNEUMONIA/person1864_bacteria_4736.jpeg,984,552,L,train,PNEUMONIA,1.7826086956521738
person1865_bacteria_4737.jpeg,data/train/PNEUMONIA/person1865_bacteria_4737.jpeg,1688,1488,L,train,PNEUMONIA,1.1344086021505377
person1865_bacteria_4739.jpeg,data/train/PNEUMONIA/person1865_bacteria_4739.jpeg,1824,1384,L,train,PNEUMONIA,1.3179190751445087
person1866_bacteria_4740.jpeg,data/train/PNEUMONIA/person1866_bacteria_4740.jpeg,1864,1648,L,train,PNEUMONIA,1.1310679611650485
person1867_bacteria_4741.jpeg,data/train/PNEUMONIA/person1867_bacteria_4741.jpeg,1592,1352,L,train,PNEUMONIA,1.1775147928994083
person1868_bacteria_4743.jpeg,data/train/PNEUMONIA/person1868_bacteria_4743.jpeg,912,456,L,train,PNEUMONIA,2.0
person1869_bacteria_4745.jpeg,data/train/PNEUMONIA/person1869_bacteria_4745.jpeg,1184,808,L,train,PNEUMONIA,1.4653465346534653
person1872_bacteria_4750.jpeg,data/train/PNEUMONIA/person1872_bacteria_4750.jpeg,1704,1616,L,train,PNEUMONIA,1.0544554455445545
person1872_bacteria_4751.jpeg,data/train/PNEUMONIA/person1872_bacteria_4751.jpeg,1848,1392,L,train,PNEUMONIA,1.3275862068965518
person1875_bacteria_4756.jpeg,data/train/PNEUMONIA/person1875_bacteria_4756.jpeg,1632,1208,L,train,PNEUMONIA,1.3509933774834437
person1876_bacteria_4760.jpeg,data/train/PNEUMONIA/person1876_bacteria_4760.jpeg,1216,720,L,train,PNEUMONIA,1.6888888888888889
person1877_bacteria_4761.jpeg,data/train/PNEUMONIA/person1877_bacteria_4761.jpeg,1544,1096,L,train,PNEUMONIA,1.4087591240875912
person1879_bacteria_4764.jpeg,data/train/PNEUMONIA/person1879_bacteria_4764.jpeg,1312,848,L,train,PNEUMONIA,1.5471698113207548
person1880_bacteria_4765.jpeg,data/train/PNEUMONIA/person1880_bacteria_4765.jpeg,1136,768,L,train,PNEUMONIA,1.4791666666666667
person1881_bacteria_4767.jpeg,data/train/PNEUMONIA/person1881_bacteria_4767.jpeg,1224,776,L,train,PNEUMONIA,1.577319587628866
person1883_bacteria_4769.jpeg,data/train/PNEUMONIA/person1883_bacteria_4769.jpeg,1904,1560,L,train,PNEUMONIA,1.2205128205128206
person1884_bacteria_4771.jpeg,data/train/PNEUMONIA/person1884_bacteria_4771.jpeg,1040,648,L,train,PNEUMONIA,1.6049382716049383
person1885_bacteria_4772.jpeg,data/train/PNEUMONIA/person1885_bacteria_4772.jpeg,1152,832,L,train,PNEUMONIA,1.3846153846153846
person1886_bacteria_4773.jpeg,data/train/PNEUMONIA/person1886_bacteria_4773.jpeg,1368,944,L,train,PNEUMONIA,1.4491525423728813
person1888_bacteria_4775.jpeg,data/train/PNEUMONIA/person1888_bacteria_4775.jpeg,1568,1272,L,train,PNEUMONIA,1.2327044025157232
person1893_bacteria_4781.jpeg,data/train/PNEUMONIA/person1893_bacteria_4781.jpeg,1008,568,L,train,PNEUMONIA,1.7746478873239437
person1896_bacteria_4788.jpeg,data/train/PNEUMONIA/person1896_bacteria_4788.jpeg,1184,808,L,train,PNEUMONIA,1.4653465346534653
person1897_bacteria_4789.jpeg,data/train/PNEUMONIA/person1897_bacteria_4789.jpeg,1192,728,L,train,PNEUMONIA,1.6373626373626373
person18_bacteria_57.jpeg,data/train/PNEUMONIA/person18_bacteria_57.jpeg,1504,1033,L,train,PNEUMONIA,1.4559535333978704
person1901_bacteria_4795.jpeg,data/train/PNEUMONIA/person1901_bacteria_4795.jpeg,896,568,L,train,PNEUMONIA,1.5774647887323943
person1903_bacteria_4797.jpeg,data/train/PNEUMONIA/person1903_bacteria_4797.jpeg,1640,936,L,train,PNEUMONIA,1.7521367521367521
person1904_bacteria_4798.jpeg,data/train/PNEUMONIA/person1904_bacteria_4798.jpeg,1024,560,L,train,PNEUMONIA,1.8285714285714285
person1905_bacteria_4801.jpeg,data/train/PNEUMONIA/person1905_bacteria_4801.jpeg,1512,1192,L,train,PNEUMONIA,1.2684563758389262
person1906_bacteria_4803.jpeg,data/train/PNEUMONIA/person1906_bacteria_4803.jpeg,1256,680,L,train,PNEUMONIA,1.8470588235294119
person1907_bacteria_4806.jpeg,data/train/PNEUMONIA/person1907_bacteria_4806.jpeg,984,656,L,train,PNEUMONIA,1.5
person1908_bacteria_4811.jpeg,data/train/PNEUMONIA/person1908_bacteria_4811.jpeg,1352,880,L,train,PNEUMONIA,1.5363636363636364
person1910_bacteria_4814.jpeg,data/train/PNEUMONIA/person1910_bacteria_4814.jpeg,952,520,L,train,PNEUMONIA,1.8307692307692307
person1911_bacteria_4815.jpeg,data/train/PNEUMONIA/person1911_bacteria_4815.jpeg,1272,664,L,train,PNEUMONIA,1.9156626506024097
person1912_bacteria_4816.jpeg,data/train/PNEUMONIA/person1912_bacteria_4816.jpeg,1520,920,L,train,PNEUMONIA,1.6521739130434783
person1912_bacteria_4817.jpeg,data/train/PNEUMONIA/person1912_bacteria_4817.jpeg,1720,992,L,train,PNEUMONIA,1.7338709677419355
person1916_bacteria_4821.jpeg,data/train/PNEUMONIA/person1916_bacteria_4821.jpeg,1480,872,L,train,PNEUMONIA,1.6972477064220184
person1917_bacteria_4823.jpeg,data/train/PNEUMONIA/person1917_bacteria_4823.jpeg,1360,856,L,train,PNEUMONIA,1.588785046728972
person1918_bacteria_4825.jpeg,data/train/PNEUMONIA/person1918_bacteria_4825.jpeg,1384,1024,L,train,PNEUMONIA,1.3515625
person1921_bacteria_4828.jpeg,data/train/PNEUMONIA/person1921_bacteria_4828.jpeg,1120,776,L,train,PNEUMONIA,1.443298969072165
person1922_bacteria_4830.jpeg,data/train/PNEUMONIA/person1922_bacteria_4830.jpeg,1160,800,L,train,PNEUMONIA,1.45
person1923_bacteria_4831.jpeg,data/train/PNEUMONIA/person1923_bacteria_4831.jpeg,1464,944,L,train,PNEUMONIA,1.5508474576271187
person1924_bacteria_4832.jpeg,data/train/PNEUMONIA/person1924_bacteria_4832.jpeg,1160,920,L,train,PNEUMONIA,1.2608695652173914
person1924_bacteria_4833.jpeg,data/train/PNEUMONIA/person1924_bacteria_4833.jpeg,1136,680,L,train,PNEUMONIA,1.6705882352941177
person1926_bacteria_4835.jpeg,data/train/PNEUMONIA/person1926_bacteria_4835.jpeg,1096,784,L,train,PNEUMONIA,1.3979591836734695
person1927_bacteria_4836.jpeg,data/train/PNEUMONIA/person1927_bacteria_4836.jpeg,1416,912,L,train,PNEUMONIA,1.5526315789473684
person1927_bacteria_4837.jpeg,data/train/PNEUMONIA/person1927_bacteria_4837.jpeg,1288,792,L,train,PNEUMONIA,1.6262626262626263
person1929_bacteria_4839.jpeg,data/train/PNEUMONIA/person1929_bacteria_4839.jpeg,976,672,L,train,PNEUMONIA,1.4523809523809523
person1930_bacteria_4841.jpeg,data/train/PNEUMONIA/person1930_bacteria_4841.jpeg,1072,720,L,train,PNEUMONIA,1.488888888888889
person1931_bacteria_4842.jpeg,data/train/PNEUMONIA/person1931_bacteria_4842.jpeg,1544,848,L,train,PNEUMONIA,1.820754716981132
person1932_bacteria_4843.jpeg,data/train/PNEUMONIA/person1932_bacteria_4843.jpeg,1368,888,L,train,PNEUMONIA,1.5405405405405406
person1933_bacteria_4844.jpeg,data/train/PNEUMONIA/person1933_bacteria_4844.jpeg,1728,1224,L,train,PNEUMONIA,1.411764705882353
person1934_bacteria_4846.jpeg,data/train/PNEUMONIA/person1934_bacteria_4846.jpeg,1552,1200,L,train,PNEUMONIA,1.2933333333333332
person1935_bacteria_4847.jpeg,data/train/PNEUMONIA/person1935_bacteria_4847.jpeg,1464,1216,L,train,PNEUMONIA,1.2039473684210527
person1935_bacteria_4848.jpeg,data/train/PNEUMONIA/person1935_bacteria_4848.jpeg,1736,1136,L,train,PNEUMONIA,1.528169014084507
person1935_bacteria_4849.jpeg,data/train/PNEUMONIA/person1935_bacteria_4849.jpeg,1504,1152,L,train,PNEUMONIA,1.3055555555555556
person1935_bacteria_4850.jpeg,data/train/PNEUMONIA/person1935_bacteria_4850.jpeg,1648,1280,L,train,PNEUMONIA,1.2875
person1936_bacteria_4852.jpeg,data/train/PNEUMONIA/person1936_bacteria_4852.jpeg,1064,552,L,train,PNEUMONIA,1.9275362318840579
person1937_bacteria_4853.jpeg,data/train/PNEUMONIA/person1937_bacteria_4853.jpeg,1160,904,L,train,PNEUMONIA,1.2831858407079646
person1938_bacteria_4854.jpeg,data/train/PNEUMONIA/person1938_bacteria_4854.jpeg,1392,912,L,train,PNEUMONIA,1.5263157894736843
person1940_bacteria_4859.jpeg,data/train/PNEUMONIA/person1940_bacteria_4859.jpeg,1328,936,L,train,PNEUMONIA,1.4188034188034189
person1940_bacteria_4861.jpeg,data/train/PNEUMONIA/person1940_bacteria_4861.jpeg,1560,1056,L,train,PNEUMONIA,1.4772727272727273
person1940_bacteria_4862.jpeg,data/train/PNEUMONIA/person1940_bacteria_4862.jpeg,1416,984,L,train,PNEUMONIA,1.4390243902439024
person1941_bacteria_4863.jpeg,data/train/PNEUMONIA/person1941_bacteria_4863.jpeg,1360,816,L,train,PNEUMONIA,1.6666666666666667
person1942_bacteria_4865.jpeg,data/train/PNEUMONIA/person1942_bacteria_4865.jpeg,1192,928,L,train,PNEUMONIA,1.2844827586206897
person1943_bacteria_4868.jpeg,data/train/PNEUMONIA/person1943_bacteria_4868.jpeg,1008,512,L,train,PNEUMONIA,1.96875
person1944_bacteria_4869.jpeg,data/train/PNEUMONIA/person1944_bacteria_4869.jpeg,1352,824,L,train,PNEUMONIA,1.6407766990291262
person1945_bacteria_4872.jpeg,data/train/PNEUMONIA/person1945_bacteria_4872.jpeg,1336,840,L,train,PNEUMONIA,1.5904761904761904
person19_bacteria_58.jpeg,data/train/PNEUMONIA/person19_bacteria_58.jpeg,840,456,L,train,PNEUMONIA,1.8421052631578947
person19_bacteria_59.jpeg,data/train/PNEUMONIA/person19_bacteria_59.jpeg,1024,736,L,train,PNEUMONIA,1.391304347826087
person19_bacteria_60.jpeg,data/train/PNEUMONIA/person19_bacteria_60.jpeg,856,632,L,train,PNEUMONIA,1.3544303797468353
person19_bacteria_61.jpeg,data/train/PNEUMONIA/person19_bacteria_61.jpeg,832,504,L,train,PNEUMONIA,1.6507936507936507
person19_bacteria_62.jpeg,data/train/PNEUMONIA/person19_bacteria_62.jpeg,952,560,L,train,PNEUMONIA,1.7
person19_bacteria_63.jpeg,data/train/PNEUMONIA/person19_bacteria_63.jpeg,1064,627,L,train,PNEUMONIA,1.696969696969697
person1_bacteria_1.jpeg,data/train/PNEUMONIA/person1_bacteria_1.jpeg,712,439,RGB,train,PNEUMONIA,1.6218678815489749
person1_bacteria_2.jpeg,data/train/PNEUMONIA/person1_bacteria_2.jpeg,1240,840,L,train,PNEUMONIA,1.4761904761904763
person20_bacteria_64.jpeg,data/train/PNEUMONIA/person20_bacteria_64.jpeg,824,656,L,train,PNEUMONIA,1.2560975609756098
person20_bacteria_66.jpeg,data/train/PNEUMONIA/person20_bacteria_66.jpeg,1048,736,L,train,PNEUMONIA,1.423913043478261
person20_bacteria_67.jpeg,data/train/PNEUMONIA/person20_bacteria_67.jpeg,1032,528,L,train,PNEUMONIA,1.9545454545454546
person20_bacteria_69.jpeg,data/train/PNEUMONIA/person20_bacteria_69.jpeg,1118,740,L,train,PNEUMONIA,1.5108108108108107
person20_bacteria_70.jpeg,data/train/PNEUMONIA/person20_bacteria_70.jpeg,880,464,L,train,PNEUMONIA,1.896551724137931
person21_bacteria_72.jpeg,data/train/PNEUMONIA/person21_bacteria_72.jpeg,1848,1632,L,train,PNEUMONIA,1.1323529411764706
person21_bacteria_73.jpeg,data/train/PNEUMONIA/person21_bacteria_73.jpeg,1882,1608,L,train,PNEUMONIA,1.1703980099502487
person22_bacteria_74.jpeg,data/train/PNEUMONIA/person22_bacteria_74.jpeg,1232,968,L,train,PNEUMONIA,1.2727272727272727
person22_bacteria_76.jpeg,data/train/PNEUMONIA/person22_bacteria_76.jpeg,1128,1040,L,train,PNEUMONIA,1.0846153846153845
person22_bacteria_77.jpeg,data/train/PNEUMONIA/person22_bacteria_77.jpeg,1168,1072,L,train,PNEUMONIA,1.0895522388059702
person23_bacteria_100.jpeg,data/train/PNEUMONIA/person23_bacteria_100.jpeg,984,648,L,train,PNEUMONIA,1.5185185185185186
person23_bacteria_101.jpeg,data/train/PNEUMONIA/person23_bacteria_101.jpeg,1120,880,L,train,PNEUMONIA,1.2727272727272727
person23_bacteria_102.jpeg,data/train/PNEUMONIA/person23_bacteria_102.jpeg,1152,688,L,train,PNEUMONIA,1.6744186046511629
person23_bacteria_103.jpeg,data/train/PNEUMONIA/person23_bacteria_103.jpeg,1152,784,L,train,PNEUMONIA,1.469387755102041
person23_bacteria_104.jpeg,data/train/PNEUMONIA/person23_bacteria_104.jpeg,1256,728,L,train,PNEUMONIA,1.7252747252747254
person23_bacteria_105.jpeg,data/train/PNEUMONIA/person23_bacteria_105.jpeg,1136,792,L,train,PNEUMONIA,1.4343434343434343
person23_bacteria_106.jpeg,data/train/PNEUMONIA/person23_bacteria_106.jpeg,1000,656,L,train,PNEUMONIA,1.524390243902439
person23_bacteria_107.jpeg,data/train/PNEUMONIA/person23_bacteria_107.jpeg,1224,720,L,train,PNEUMONIA,1.7
person23_bacteria_78.jpeg,data/train/PNEUMONIA/person23_bacteria_78.jpeg,1120,640,L,train,PNEUMONIA,1.75
person23_bacteria_79.jpeg,data/train/PNEUMONIA/person23_bacteria_79.jpeg,1200,680,L,train,PNEUMONIA,1.7647058823529411
person23_bacteria_80.jpeg,data/train/PNEUMONIA/person23_bacteria_80.jpeg,1264,1072,L,train,PNEUMONIA,1.1791044776119404
person23_bacteria_81.jpeg,data/train/PNEUMONIA/person23_bacteria_81.jpeg,1056,656,L,train,PNEUMONIA,1.6097560975609757
person23_bacteria_82.jpeg,data/train/PNEUMONIA/person23_bacteria_82.jpeg,1272,896,L,train,PNEUMONIA,1.4196428571428572
person23_bacteria_83.jpeg,data/train/PNEUMONIA/person23_bacteria_83.jpeg,1016,824,L,train,PNEUMONIA,1.233009708737864
person23_bacteria_84.jpeg,data/train/PNEUMONIA/person23_bacteria_84.jpeg,1136,824,L,train,PNEUMONIA,1.3786407766990292
person23_bacteria_85.jpeg,data/train/PNEUMONIA/person23_bacteria_85.jpeg,1024,656,L,train,PNEUMONIA,1.5609756097560976
person23_bacteria_86.jpeg,data/train/PNEUMONIA/person23_bacteria_86.jpeg,1144,856,L,train,PNEUMONIA,1.3364485981308412
person23_bacteria_87.jpeg,data/train/PNEUMONIA/person23_bacteria_87.jpeg,1272,736,L,train,PNEUMONIA,1.7282608695652173
person23_bacteria_88.jpeg,data/train/PNEUMONIA/person23_bacteria_88.jpeg,986,634,RGB,train,PNEUMONIA,1.555205047318612
person23_bacteria_89.jpeg,data/train/PNEUMONIA/person23_bacteria_89.jpeg,944,632,L,train,PNEUMONIA,1.4936708860759493
person23_bacteria_90.jpeg,data/train/PNEUMONIA/person23_bacteria_90.jpeg,1160,736,L,train,PNEUMONIA,1.576086956521739
person23_bacteria_91.jpeg,data/train/PNEUMONIA/person23_bacteria_91.jpeg,1008,640,L,train,PNEUMONIA,1.575
person23_bacteria_92.jpeg,data/train/PNEUMONIA/person23_bacteria_92.jpeg,1080,712,L,train,PNEUMONIA,1.5168539325842696
person23_bacteria_93.jpeg,data/train/PNEUMONIA/person23_bacteria_93.jpeg,1064,632,L,train,PNEUMONIA,1.6835443037974684
person23_bacteria_94.jpeg,data/train/PNEUMONIA/person23_bacteria_94.jpeg,1208,728,L,train,PNEUMONIA,1.6593406593406594
person23_bacteria_95.jpeg,data/train/PNEUMONIA/person23_bacteria_95.jpeg,1104,704,L,train,PNEUMONIA,1.5681818181818181
person23_bacteria_96.jpeg,data/train/PNEUMONIA/person23_bacteria_96.jpeg,1072,848,L,train,PNEUMONIA,1.2641509433962264
person23_bacteria_97.jpeg,data/train/PNEUMONIA/person23_bacteria_97.jpeg,1064,760,L,train,PNEUMONIA,1.4
person23_bacteria_98.jpeg,data/train/PNEUMONIA/person23_bacteria_98.jpeg,1152,736,L,train,PNEUMONIA,1.565217391304348
person23_bacteria_99.jpeg,data/train/PNEUMONIA/person23_bacteria_99.jpeg,1152,816,L,train,PNEUMONIA,1.411764705882353
person24_bacteria_108.jpeg,data/train/PNEUMONIA/person24_bacteria_108.jpeg,1184,792,L,train,PNEUMONIA,1.494949494949495
person24_bacteria_109.jpeg,data/train/PNEUMONIA/person24_bacteria_109.jpeg,1304,872,L,train,PNEUMONIA,1.4954128440366972
person24_bacteria_110.jpeg,data/train/PNEUMONIA/person24_bacteria_110.jpeg,1056,680,L,train,PNEUMONIA,1.5529411764705883
person24_bacteria_111.jpeg,data/train/PNEUMONIA/person24_bacteria_111.jpeg,1048,856,L,train,PNEUMONIA,1.2242990654205608
person24_bacteria_112.jpeg,data/train/PNEUMONIA/person24_bacteria_112.jpeg,1510,1002,L,train,PNEUMONIA,1.5069860279441119
person253_bacteria_1152.jpeg,data/train/PNEUMONIA/person253_bacteria_1152.jpeg,920,544,L,train,PNEUMONIA,1.6911764705882353
person253_bacteria_1153.jpeg,data/train/PNEUMONIA/person253_bacteria_1153.jpeg,968,576,L,train,PNEUMONIA,1.6805555555555556
person253_bacteria_1154.jpeg,data/train/PNEUMONIA/person253_bacteria_1154.jpeg,936,552,L,train,PNEUMONIA,1.6956521739130435
person253_bacteria_1155.jpeg,data/train/PNEUMONIA/person253_bacteria_1155.jpeg,1032,592,L,train,PNEUMONIA,1.7432432432432432
person253_bacteria_1156.jpeg,data/train/PNEUMONIA/person253_bacteria_1156.jpeg,856,544,L,train,PNEUMONIA,1.5735294117647058
person253_bacteria_1157.jpeg,data/train/PNEUMONIA/person253_bacteria_1157.jpeg,1106,674,L,train,PNEUMONIA,1.6409495548961424
person255_bacteria_1160.jpeg,data/train/PNEUMONIA/person255_bacteria_1160.jpeg,888,552,L,train,PNEUMONIA,1.608695652173913
person255_bacteria_1161.jpeg,data/train/PNEUMONIA/person255_bacteria_1161.jpeg,952,632,L,train,PNEUMONIA,1.5063291139240507
person255_bacteria_1162.jpeg,data/train/PNEUMONIA/person255_bacteria_1162.jpeg,920,544,L,train,PNEUMONIA,1.6911764705882353
person255_bacteria_1165.jpeg,data/train/PNEUMONIA/person255_bacteria_1165.jpeg,1096,560,L,train,PNEUMONIA,1.957142857142857
person255_bacteria_1175.jpeg,data/train/PNEUMONIA/person255_bacteria_1175.jpeg,1088,616,L,train,PNEUMONIA,1.7662337662337662
person255_bacteria_1182.jpeg,data/train/PNEUMONIA/person255_bacteria_1182.jpeg,1056,632,L,train,PNEUMONIA,1.6708860759493671
person255_bacteria_1188.jpeg,data/train/PNEUMONIA/person255_bacteria_1188.jpeg,1256,792,L,train,PNEUMONIA,1.5858585858585859
person255_virus_531.jpeg,data/train/PNEUMONIA/person255_virus_531.jpeg,960,712,L,train,PNEUMONIA,1.348314606741573
person256_bacteria_1189.jpeg,data/train/PNEUMONIA/person256_bacteria_1189.jpeg,1122,798,L,train,PNEUMONIA,1.406015037593985
person256_virus_537.jpeg,data/train/PNEUMONIA/person256_virus_537.jpeg,1544,1288,L,train,PNEUMONIA,1.1987577639751552
person257_bacteria_1191.jpeg,data/train/PNEUMONIA/person257_bacteria_1191.jpeg,992,592,L,train,PNEUMONIA,1.6756756756756757
person257_bacteria_1193.jpeg,data/train/PNEUMONIA/person257_bacteria_1193.jpeg,896,560,L,train,PNEUMONIA,1.6
person257_bacteria_1194.jpeg,data/train/PNEUMONIA/person257_bacteria_1194.jpeg,1008,720,L,train,PNEUMONIA,1.4
person257_bacteria_1195.jpeg,data/train/PNEUMONIA/person257_bacteria_1195.jpeg,1016,768,L,train,PNEUMONIA,1.3229166666666667
person257_bacteria_1196.jpeg,data/train/PNEUMONIA/person257_bacteria_1196.jpeg,928,656,L,train,PNEUMONIA,1.4146341463414633
person257_bacteria_1197.jpeg,data/train/PNEUMONIA/person257_bacteria_1197.jpeg,1000,704,L,train,PNEUMONIA,1.4204545454545454
person257_bacteria_1199.jpeg,data/train/PNEUMONIA/person257_bacteria_1199.jpeg,992,760,L,train,PNEUMONIA,1.305263157894737
person257_bacteria_1200.jpeg,data/train/PNEUMONIA/person257_bacteria_1200.jpeg,928,608,L,train,PNEUMONIA,1.5263157894736843
person257_virus_538.jpeg,data/train/PNEUMONIA/person257_virus_538.jpeg,1360,952,L,train,PNEUMONIA,1.4285714285714286
person258_bacteria_1205.jpeg,data/train/PNEUMONIA/person258_bacteria_1205.jpeg,1200,1008,L,train,PNEUMONIA,1.1904761904761905
person258_bacteria_1206.jpeg,data/train/PNEUMONIA/person258_bacteria_1206.jpeg,1072,928,L,train,PNEUMONIA,1.1551724137931034
person258_bacteria_1207.jpeg,data/train/PNEUMONIA/person258_bacteria_1207.jpeg,1056,856,L,train,PNEUMONIA,1.233644859813084
person258_bacteria_1208.jpeg,data/train/PNEUMONIA/person258_bacteria_1208.jpeg,1056,856,L,train,PNEUMONIA,1.233644859813084
person258_bacteria_1209.jpeg,data/train/PNEUMONIA/person258_bacteria_1209.jpeg,1056,856,L,train,PNEUMONIA,1.233644859813084
person258_bacteria_1210.jpeg,data/train/PNEUMONIA/person258_bacteria_1210.jpeg,1056,776,L,train,PNEUMONIA,1.3608247422680413
person258_bacteria_1212.jpeg,data/train/PNEUMONIA/person258_bacteria_1212.jpeg,1216,872,L,train,PNEUMONIA,1.3944954128440368
person258_bacteria_1214.jpeg,data/train/PNEUMONIA/person258_bacteria_1214.jpeg,1088,840,L,train,PNEUMONIA,1.2952380952380953
person258_bacteria_1215.jpeg,data/train/PNEUMONIA/person258_bacteria_1215.jpeg,1072,800,L,train,PNEUMONIA,1.34
person258_bacteria_1216.jpeg,data/train/PNEUMONIA/person258_bacteria_1216.jpeg,1202,882,L,train,PNEUMONIA,1.36281179138322
person258_virus_539.jpeg,data/train/PNEUMONIA/person258_virus_539.jpeg,904,664,L,train,PNEUMONIA,1.3614457831325302
person259_bacteria_1217.jpeg,data/train/PNEUMONIA/person259_bacteria_1217.jpeg,936,496,L,train,PNEUMONIA,1.8870967741935485
person259_bacteria_1219.jpeg,data/train/PNEUMONIA/person259_bacteria_1219.jpeg,864,672,L,train,PNEUMONIA,1.2857142857142858
person259_bacteria_1220.jpeg,data/train/PNEUMONIA/person259_bacteria_1220.jpeg,760,488,L,train,PNEUMONIA,1.5573770491803278
person259_virus_540.jpeg,data/train/PNEUMONIA/person259_virus_540.jpeg,1272,752,L,train,PNEUMONIA,1.6914893617021276
person25_bacteria_113.jpeg,data/train/PNEUMONIA/person25_bacteria_113.jpeg,1024,712,L,train,PNEUMONIA,1.4382022471910112
person25_bacteria_114.jpeg,data/train/PNEUMONIA/person25_bacteria_114.jpeg,1040,664,L,train,PNEUMONIA,1.5662650602409638
person25_bacteria_115.jpeg,data/train/PNEUMONIA/person25_bacteria_115.jpeg,1112,856,L,train,PNEUMONIA,1.2990654205607477
person25_bacteria_116.jpeg,data/train/PNEUMONIA/person25_bacteria_116.jpeg,1224,1000,L,train,PNEUMONIA,1.224
person25_bacteria_117.jpeg,data/train/PNEUMONIA/person25_bacteria_117.jpeg,1184,832,L,train,PNEUMONIA,1.4230769230769231
person25_bacteria_118.jpeg,data/train/PNEUMONIA/person25_bacteria_118.jpeg,1136,856,L,train,PNEUMONIA,1.3271028037383177
person25_bacteria_119.jpeg,data/train/PNEUMONIA/person25_bacteria_119.jpeg,928,608,L,train,PNEUMONIA,1.5263157894736843
person25_bacteria_120.jpeg,data/train/PNEUMONIA/person25_bacteria_120.jpeg,1152,760,L,train,PNEUMONIA,1.5157894736842106
person25_bacteria_121.jpeg,data/train/PNEUMONIA/person25_bacteria_121.jpeg,1210,948,L,train,PNEUMONIA,1.2763713080168777
person260_bacteria_1222.jpeg,data/train/PNEUMONIA/person260_bacteria_1222.jpeg,1048,872,L,train,PNEUMONIA,1.201834862385321
person260_bacteria_1223.jpeg,data/train/PNEUMONIA/person260_bacteria_1223.jpeg,1056,808,L,train,PNEUMONIA,1.306930693069307
person260_bacteria_1224.jpeg,data/train/PNEUMONIA/person260_bacteria_1224.jpeg,1072,760,L,train,PNEUMONIA,1.4105263157894736
person260_virus_541.jpeg,data/train/PNEUMONIA/person260_virus_541.jpeg,1024,552,L,train,PNEUMONIA,1.855072463768116
person261_bacteria_1225.jpeg,data/train/PNEUMONIA/person261_bacteria_1225.jpeg,1102,585,L,train,PNEUMONIA,1.8837606837606837
person261_virus_543.jpeg,data/train/PNEUMONIA/person261_virus_543.jpeg,1192,568,L,train,PNEUMONIA,2.0985915492957745
person262_bacteria_1226.jpeg,data/train/PNEUMONIA/person262_bacteria_1226.jpeg,1218,840,L,train,PNEUMONIA,1.45
person262_virus_544.jpeg,data/train/PNEUMONIA/person262_virus_544.jpeg,1416,1288,L,train,PNEUMONIA,1.0993788819875776
person262_virus_545.jpeg,data/train/PNEUMONIA/person262_virus_545.jpeg,1712,1256,L,train,PNEUMONIA,1.3630573248407643
person263_bacteria_1227.jpeg,data/train/PNEUMONIA/person263_bacteria_1227.jpeg,1364,998,L,train,PNEUMONIA,1.3667334669338678
person263_virus_546.jpeg,data/train/PNEUMONIA/person263_virus_546.jpeg,1168,768,L,train,PNEUMONIA,1.5208333333333333
person264_bacteria_1228.jpeg,data/train/PNEUMONIA/person264_bacteria_1228.jpeg,1088,760,L,train,PNEUMONIA,1.431578947368421
person264_bacteria_1229.jpeg,data/train/PNEUMONIA/person264_bacteria_1229.jpeg,1088,712,L,train,PNEUMONIA,1.5280898876404494
person264_bacteria_1230.jpeg,data/train/PNEUMONIA/person264_bacteria_1230.jpeg,1248,688,L,train,PNEUMONIA,1.813953488372093
person264_bacteria_1231.jpeg,data/train/PNEUMONIA/person264_bacteria_1231.jpeg,1248,688,L,train,PNEUMONIA,1.813953488372093
person264_bacteria_1232.jpeg,data/train/PNEUMONIA/person264_bacteria_1232.jpeg,1240,784,L,train,PNEUMONIA,1.5816326530612246
person264_bacteria_1233.jpeg,data/train/PNEUMONIA/person264_bacteria_1233.jpeg,1064,696,L,train,PNEUMONIA,1.528735632183908
person264_bacteria_1234.jpeg,data/train/PNEUMONIA/person264_bacteria_1234.jpeg,1214,1069,L,train,PNEUMONIA,1.135640785781104
person264_virus_547.jpeg,data/train/PNEUMONIA/person264_virus_547.jpeg,1216,728,L,train,PNEUMONIA,1.6703296703296704
person265_bacteria_1235.jpeg,data/train/PNEUMONIA/person265_bacteria_1235.jpeg,1128,728,L,train,PNEUMONIA,1.5494505494505495
person265_bacteria_1236.jpeg,data/train/PNEUMONIA/person265_bacteria_1236.jpeg,1272,825,L,train,PNEUMONIA,1.5418181818181818
person265_virus_548.jpeg,data/train/PNEUMONIA/person265_virus_548.jpeg,1232,864,L,train,PNEUMONIA,1.4259259259259258
person266_bacteria_1237.jpeg,data/train/PNEUMONIA/person266_bacteria_1237.jpeg,952,688,L,train,PNEUMONIA,1.3837209302325582
person266_bacteria_1238.jpeg,data/train/PNEUMONIA/person266_bacteria_1238.jpeg,952,688,L,train,PNEUMONIA,1.3837209302325582
person266_bacteria_1239.jpeg,data/train/PNEUMONIA/person266_bacteria_1239.jpeg,992,664,L,train,PNEUMONIA,1.4939759036144578
person266_bacteria_1240.jpeg,data/train/PNEUMONIA/person266_bacteria_1240.jpeg,984,560,L,train,PNEUMONIA,1.7571428571428571
person266_bacteria_1241.jpeg,data/train/PNEUMONIA/person266_bacteria_1241.jpeg,1072,720,L,train,PNEUMONIA,1.488888888888889
person266_bacteria_1242.jpeg,data/train/PNEUMONIA/person266_bacteria_1242.jpeg,1008,728,L,train,PNEUMONIA,1.3846153846153846
person266_bacteria_1244.jpeg,data/train/PNEUMONIA/person266_bacteria_1244.jpeg,992,672,L,train,PNEUMONIA,1.4761904761904763
person266_bacteria_1245.jpeg,data/train/PNEUMONIA/person266_bacteria_1245.jpeg,1080,680,L,train,PNEUMONIA,1.588235294117647
person266_bacteria_1247.jpeg,data/train/PNEUMONIA/person266_bacteria_1247.jpeg,1024,600,L,train,PNEUMONIA,1.7066666666666668
person266_bacteria_1248.jpeg,data/train/PNEUMONIA/person266_bacteria_1248.jpeg,1008,600,L,train,PNEUMONIA,1.68
person266_bacteria_1249.jpeg,data/train/PNEUMONIA/person266_bacteria_1249.jpeg,992,616,L,train,PNEUMONIA,1.6103896103896105
person266_virus_549.jpeg,data/train/PNEUMONIA/person266_virus_549.jpeg,1632,800,L,train,PNEUMONIA,2.04
person267_bacteria_1250.jpeg,data/train/PNEUMONIA/person267_bacteria_1250.jpeg,1280,1016,L,train,PNEUMONIA,1.2598425196850394
person267_bacteria_1251.jpeg,data/train/PNEUMONIA/person267_bacteria_1251.jpeg,1032,696,L,train,PNEUMONIA,1.4827586206896552
person267_bacteria_1252.jpeg,data/train/PNEUMONIA/person267_bacteria_1252.jpeg,1300,890,L,train,PNEUMONIA,1.4606741573033708
person267_bacteria_1253.jpeg,data/train/PNEUMONIA/person267_bacteria_1253.jpeg,1260,971,L,train,PNEUMONIA,1.297631307929969
person267_virus_552.jpeg,data/train/PNEUMONIA/person267_virus_552.jpeg,1400,768,L,train,PNEUMONIA,1.8229166666666667
person268_virus_553.jpeg,data/train/PNEUMONIA/person268_virus_553.jpeg,1176,736,L,train,PNEUMONIA,1.5978260869565217
person269_virus_554.jpeg,data/train/PNEUMONIA/person269_virus_554.jpeg,1472,1176,L,train,PNEUMONIA,1.251700680272109
person26_bacteria_122.jpeg,data/train/PNEUMONIA/person26_bacteria_122.jpeg,1200,552,L,train,PNEUMONIA,2.1739130434782608
person26_bacteria_123.jpeg,data/train/PNEUMONIA/person26_bacteria_123.jpeg,920,680,L,train,PNEUMONIA,1.3529411764705883
person26_bacteria_124.jpeg,data/train/PNEUMONIA/person26_bacteria_124.jpeg,1136,872,L,train,PNEUMONIA,1.3027522935779816
person26_bacteria_126.jpeg,data/train/PNEUMONIA/person26_bacteria_126.jpeg,1024,704,L,train,PNEUMONIA,1.4545454545454546
person26_bacteria_127.jpeg,data/train/PNEUMONIA/person26_bacteria_127.jpeg,880,584,L,train,PNEUMONIA,1.5068493150684932
person26_bacteria_128.jpeg,data/train/PNEUMONIA/person26_bacteria_128.jpeg,960,648,L,train,PNEUMONIA,1.4814814814814814
person26_bacteria_129.jpeg,data/train/PNEUMONIA/person26_bacteria_129.jpeg,952,624,L,train,PNEUMONIA,1.5256410256410255
person26_bacteria_130.jpeg,data/train/PNEUMONIA/person26_bacteria_130.jpeg,968,512,L,train,PNEUMONIA,1.890625
person26_bacteria_131.jpeg,data/train/PNEUMONIA/person26_bacteria_131.jpeg,1024,568,L,train,PNEUMONIA,1.8028169014084507
person26_bacteria_132.jpeg,data/train/PNEUMONIA/person26_bacteria_132.jpeg,1072,632,L,train,PNEUMONIA,1.6962025316455696
person26_bacteria_133.jpeg,data/train/PNEUMONIA/person26_bacteria_133.jpeg,1068,620,L,train,PNEUMONIA,1.7225806451612904
person270_virus_555.jpeg,data/train/PNEUMONIA/person270_virus_555.jpeg,1624,1264,L,train,PNEUMONIA,1.2848101265822784
person271_virus_556.jpeg,data/train/PNEUMONIA/person271_virus_556.jpeg,1064,712,L,train,PNEUMONIA,1.4943820224719102
person272_virus_559.jpeg,data/train/PNEUMONIA/person272_virus_559.jpeg,1704,1256,L,train,PNEUMONIA,1.356687898089172
person273_virus_561.jpeg,data/train/PNEUMONIA/person273_virus_561.jpeg,1272,994,L,train,PNEUMONIA,1.2796780684104627
person273_virus_562.jpeg,data/train/PNEUMONIA/person273_virus_562.jpeg,1458,951,L,train,PNEUMONIA,1.5331230283911672
person274_bacteria_1288.jpeg,data/train/PNEUMONIA/person274_bacteria_1288.jpeg,1280,1088,L,train,PNEUMONIA,1.1764705882352942
person274_bacteria_1289.jpeg,data/train/PNEUMONIA/person274_bacteria_1289.jpeg,1344,1072,L,train,PNEUMONIA,1.2537313432835822
person274_bacteria_1290.jpeg,data/train/PNEUMONIA/person274_bacteria_1290.jpeg,1686,1133,L,train,PNEUMONIA,1.4880847308031775
person274_virus_563.jpeg,data/train/PNEUMONIA/person274_virus_563.jpeg,468,242,RGB,train,PNEUMONIA,1.9338842975206612
person275_bacteria_1291.jpeg,data/train/PNEUMONIA/person275_bacteria_1291.jpeg,1396,1099,L,train,PNEUMONIA,1.27024567788899
person275_bacteria_1293.jpeg,data/train/PNEUMONIA/person275_bacteria_1293.jpeg,1136,920,L,train,PNEUMONIA,1.2347826086956522
person275_bacteria_1294.jpeg,data/train/PNEUMONIA/person275_bacteria_1294.jpeg,1292,1076,L,train,PNEUMONIA,1.2007434944237918
person275_virus_565.jpeg,data/train/PNEUMONIA/person275_virus_565.jpeg,1748,1377,L,train,PNEUMONIA,1.2694262890341321
person276_bacteria_1295.jpeg,data/train/PNEUMONIA/person276_bacteria_1295.jpeg,848,600,L,train,PNEUMONIA,1.4133333333333333
person276_bacteria_1296.jpeg,data/train/PNEUMONIA/person276_bacteria_1296.jpeg,944,584,L,train,PNEUMONIA,1.6164383561643836
person276_bacteria_1297.jpeg,data/train/PNEUMONIA/person276_bacteria_1297.jpeg,824,512,L,train,PNEUMONIA,1.609375
person276_bacteria_1298.jpeg,data/train/PNEUMONIA/person276_bacteria_1298.jpeg,872,536,L,train,PNEUMONIA,1.626865671641791
person276_bacteria_1299.jpeg,data/train/PNEUMONIA/person276_bacteria_1299.jpeg,1064,712,L,train,PNEUMONIA,1.4943820224719102
person276_virus_569.jpeg,data/train/PNEUMONIA/person276_virus_569.jpeg,546,219,RGB,train,PNEUMONIA,2.493150684931507
person277_bacteria_1300.jpeg,data/train/PNEUMONIA/person277_bacteria_1300.jpeg,968,472,L,train,PNEUMONIA,2.0508474576271185
person277_bacteria_1301.jpeg,data/train/PNEUMONIA/person277_bacteria_1301.jpeg,1000,496,L,train,PNEUMONIA,2.0161290322580645
person277_bacteria_1302.jpeg,data/train/PNEUMONIA/person277_bacteria_1302.jpeg,1008,576,L,train,PNEUMONIA,1.75
person277_bacteria_1303.jpeg,data/train/PNEUMONIA/person277_bacteria_1303.jpeg,1008,648,L,train,PNEUMONIA,1.5555555555555556
person277_bacteria_1304.jpeg,data/train/PNEUMONIA/person277_bacteria_1304.jpeg,896,576,L,train,PNEUMONIA,1.5555555555555556
person277_bacteria_1305.jpeg,data/train/PNEUMONIA/person277_bacteria_1305.jpeg,1224,688,L,train,PNEUMONIA,1.7790697674418605
person277_bacteria_1306.jpeg,data/train/PNEUMONIA/person277_bacteria_1306.jpeg,896,528,L,train,PNEUMONIA,1.696969696969697
person277_bacteria_1307.jpeg,data/train/PNEUMONIA/person277_bacteria_1307.jpeg,1024,624,L,train,PNEUMONIA,1.641025641025641
person277_virus_571.jpeg,data/train/PNEUMONIA/person277_virus_571.jpeg,2080,1731,L,train,PNEUMONIA,1.2016175621028307
person278_bacteria_1309.jpeg,data/train/PNEUMONIA/person278_bacteria_1309.jpeg,1298,812,L,train,PNEUMONIA,1.5985221674876848
person278_bacteria_1311.jpeg,data/train/PNEUMONIA/person278_bacteria_1311.jpeg,1040,712,L,train,PNEUMONIA,1.4606741573033708
person278_bacteria_1313.jpeg,data/train/PNEUMONIA/person278_bacteria_1313.jpeg,1096,624,L,train,PNEUMONIA,1.7564102564102564
person278_bacteria_1314.jpeg,data/train/PNEUMONIA/person278_bacteria_1314.jpeg,1172,778,L,train,PNEUMONIA,1.506426735218509
person278_virus_572.jpeg,data/train/PNEUMONIA/person278_virus_572.jpeg,1448,1040,L,train,PNEUMONIA,1.3923076923076922
person278_virus_573.jpeg,data/train/PNEUMONIA/person278_virus_573.jpeg,1296,1072,L,train,PNEUMONIA,1.208955223880597
person278_virus_574.jpeg,data/train/PNEUMONIA/person278_virus_574.jpeg,1208,1104,L,train,PNEUMONIA,1.0942028985507246
person278_virus_575.jpeg,data/train/PNEUMONIA/person278_virus_575.jpeg,1384,1016,L,train,PNEUMONIA,1.3622047244094488
person279_bacteria_1315.jpeg,data/train/PNEUMONIA/person279_bacteria_1315.jpeg,2772,2098,L,train,PNEUMONIA,1.321258341277407
person279_bacteria_1316.jpeg,data/train/PNEUMONIA/person279_bacteria_1316.jpeg,2637,1905,L,train,PNEUMONIA,1.384251968503937
person279_virus_576.jpeg,data/train/PNEUMONIA/person279_virus_576.jpeg,1848,1500,L,train,PNEUMONIA,1.232
person27_bacteria_135.jpeg,data/train/PNEUMONIA/person27_bacteria_135.jpeg,1088,656,L,train,PNEUMONIA,1.6585365853658536
person27_bacteria_136.jpeg,data/train/PNEUMONIA/person27_bacteria_136.jpeg,1088,560,L,train,PNEUMONIA,1.9428571428571428
person27_bacteria_137.jpeg,data/train/PNEUMONIA/person27_bacteria_137.jpeg,840,544,L,train,PNEUMONIA,1.5441176470588236
person27_bacteria_138.jpeg,data/train/PNEUMONIA/person27_bacteria_138.jpeg,1020,647,L,train,PNEUMONIA,1.5765069551777435
person280_bacteria_1318.jpeg,data/train/PNEUMONIA/person280_bacteria_1318.jpeg,1256,840,L,train,PNEUMONIA,1.4952380952380953
person280_bacteria_1320.jpeg,data/train/PNEUMONIA/person280_bacteria_1320.jpeg,1048,856,L,train,PNEUMONIA,1.2242990654205608
person280_bacteria_1321.jpeg,data/train/PNEUMONIA/person280_bacteria_1321.jpeg,1040,696,L,train,PNEUMONIA,1.4942528735632183
person280_bacteria_1322.jpeg,data/train/PNEUMONIA/person280_bacteria_1322.jpeg,1330,936,L,train,PNEUMONIA,1.420940170940171
person280_virus_577.jpeg,data/train/PNEUMONIA/person280_virus_577.jpeg,1708,1400,L,train,PNEUMONIA,1.22
person281_bacteria_1323.jpeg,data/train/PNEUMONIA/person281_bacteria_1323.jpeg,1072,770,L,train,PNEUMONIA,1.3922077922077922
person281_bacteria_1324.jpeg,data/train/PNEUMONIA/person281_bacteria_1324.jpeg,928,664,L,train,PNEUMONIA,1.3975903614457832
person281_bacteria_1325.jpeg,data/train/PNEUMONIA/person281_bacteria_1325.jpeg,920,632,L,train,PNEUMONIA,1.4556962025316456
person281_bacteria_1326.jpeg,data/train/PNEUMONIA/person281_bacteria_1326.jpeg,936,616,L,train,PNEUMONIA,1.5194805194805194
person281_bacteria_1327.jpeg,data/train/PNEUMONIA/person281_bacteria_1327.jpeg,904,648,L,train,PNEUMONIA,1.3950617283950617
person281_bacteria_1328.jpeg,data/train/PNEUMONIA/person281_bacteria_1328.jpeg,920,720,L,train,PNEUMONIA,1.2777777777777777
person281_bacteria_1329.jpeg,data/train/PNEUMONIA/person281_bacteria_1329.jpeg,976,600,L,train,PNEUMONIA,1.6266666666666667
person281_bacteria_1330.jpeg,data/train/PNEUMONIA/person281_bacteria_1330.jpeg,1008,632,L,train,PNEUMONIA,1.5949367088607596
person281_bacteria_1331.jpeg,data/train/PNEUMONIA/person281_bacteria_1331.jpeg,1000,680,L,train,PNEUMONIA,1.4705882352941178
person281_bacteria_1332.jpeg,data/train/PNEUMONIA/person281_bacteria_1332.jpeg,992,616,L,train,PNEUMONIA,1.6103896103896105
person281_bacteria_1333.jpeg,data/train/PNEUMONIA/person281_bacteria_1333.jpeg,1016,728,L,train,PNEUMONIA,1.3956043956043955
person281_virus_578.jpeg,data/train/PNEUMONIA/person281_virus_578.jpeg,500,250,RGB,train,PNEUMONIA,2.0
person282_virus_579.jpeg,data/train/PNEUMONIA/person282_virus_579.jpeg,428,256,RGB,train,PNEUMONIA,1.671875
person284_virus_582.jpeg,data/train/PNEUMONIA/person284_virus_582.jpeg,1290,809,L,train,PNEUMONIA,1.5945611866501854
person286_virus_585.jpeg,data/train/PNEUMONIA/person286_virus_585.jpeg,1338,1079,L,train,PNEUMONIA,1.2400370713623725
person287_bacteria_1354.jpeg,data/train/PNEUMONIA/person287_bacteria_1354.jpeg,1120,616,L,train,PNEUMONIA,1.8181818181818181
person287_bacteria_1355.jpeg,data/train/PNEUMONIA/person287_bacteria_1355.jpeg,1234,782,L,train,PNEUMONIA,1.578005115089514
person287_virus_586.jpeg,data/train/PNEUMONIA/person287_virus_586.jpeg,1646,1156,L,train,PNEUMONIA,1.4238754325259515
person288_virus_587.jpeg,data/train/PNEUMONIA/person288_virus_587.jpeg,904,560,L,train,PNEUMONIA,1.6142857142857143
person289_virus_593.jpeg,data/train/PNEUMONIA/person289_virus_593.jpeg,1304,789,L,train,PNEUMONIA,1.652724968314322
person28_bacteria_139.jpeg,data/train/PNEUMONIA/person28_bacteria_139.jpeg,976,648,L,train,PNEUMONIA,1.5061728395061729
person28_bacteria_141.jpeg,data/train/PNEUMONIA/person28_bacteria_141.jpeg,848,544,L,train,PNEUMONIA,1.5588235294117647
person28_bacteria_142.jpeg,data/train/PNEUMONIA/person28_bacteria_142.jpeg,1024,576,L,train,PNEUMONIA,1.7777777777777777
person28_bacteria_143.jpeg,data/train/PNEUMONIA/person28_bacteria_143.jpeg,1176,662,L,train,PNEUMONIA,1.7764350453172206
person290_bacteria_1372.jpeg,data/train/PNEUMONIA/person290_bacteria_1372.jpeg,1008,512,L,train,PNEUMONIA,1.96875
person290_virus_594.jpeg,data/train/PNEUMONIA/person290_virus_594.jpeg,1768,1712,L,train,PNEUMONIA,1.0327102803738317
person291_bacteria_1374.jpeg,data/train/PNEUMONIA/person291_bacteria_1374.jpeg,1200,960,L,train,PNEUMONIA,1.25
person291_bacteria_1376.jpeg,data/train/PNEUMONIA/person291_bacteria_1376.jpeg,1264,936,L,train,PNEUMONIA,1.3504273504273505
person291_bacteria_1377.jpeg,data/train/PNEUMONIA/person291_bacteria_1377.jpeg,1546,1064,L,train,PNEUMONIA,1.4530075187969924
person291_virus_596.jpeg,data/train/PNEUMONIA/person291_virus_596.jpeg,525,282,RGB,train,PNEUMONIA,1.8617021276595744
person292_bacteria_1378.jpeg,data/train/PNEUMONIA/person292_bacteria_1378.jpeg,1176,616,L,train,PNEUMONIA,1.9090909090909092
person292_virus_597.jpeg,data/train/PNEUMONIA/person292_virus_597.jpeg,1512,1216,L,train,PNEUMONIA,1.243421052631579
person292_virus_598.jpeg,data/train/PNEUMONIA/person292_virus_598.jpeg,1456,1232,L,train,PNEUMONIA,1.1818181818181819
person292_virus_599.jpeg,data/train/PNEUMONIA/person292_virus_599.jpeg,1520,1192,L,train,PNEUMONIA,1.2751677852348993
person292_virus_600.jpeg,data/train/PNEUMONIA/person292_virus_600.jpeg,1440,1104,L,train,PNEUMONIA,1.3043478260869565
person292_virus_602.jpeg,data/train/PNEUMONIA/person292_virus_602.jpeg,1504,1336,L,train,PNEUMONIA,1.125748502994012
person293_bacteria_1379.jpeg,data/train/PNEUMONIA/person293_bacteria_1379.jpeg,1770,1306,L,train,PNEUMONIA,1.3552833078101072
person293_virus_604.jpeg,data/train/PNEUMONIA/person293_virus_604.jpeg,570,305,RGB,train,PNEUMONIA,1.8688524590163935
person293_virus_605.jpeg,data/train/PNEUMONIA/person293_virus_605.jpeg,1216,744,L,train,PNEUMONIA,1.6344086021505377
person294_bacteria_1380.jpeg,data/train/PNEUMONIA/person294_bacteria_1380.jpeg,1000,680,L,train,PNEUMONIA,1.4705882352941178
person294_bacteria_1381.jpeg,data/train/PNEUMONIA/person294_bacteria_1381.jpeg,1336,768,L,train,PNEUMONIA,1.7395833333333333
person294_bacteria_1382.jpeg,data/train/PNEUMONIA/person294_bacteria_1382.jpeg,984,696,L,train,PNEUMONIA,1.4137931034482758
person294_bacteria_1383.jpeg,data/train/PNEUMONIA/person294_bacteria_1383.jpeg,1224,816,L,train,PNEUMONIA,1.5
person294_bacteria_1384.jpeg,data/train/PNEUMONIA/person294_bacteria_1384.jpeg,1024,688,L,train,PNEUMONIA,1.4883720930232558
person294_bacteria_1385.jpeg,data/train/PNEUMONIA/person294_bacteria_1385.jpeg,992,664,L,train,PNEUMONIA,1.4939759036144578
person294_bacteria_1386.jpeg,data/train/PNEUMONIA/person294_bacteria_1386.jpeg,1306,821,L,train,PNEUMONIA,1.5907429963459196
person294_bacteria_1388.jpeg,data/train/PNEUMONIA/person294_bacteria_1388.jpeg,1234,778,L,train,PNEUMONIA,1.5861182519280206
person294_virus_606.jpeg,data/train/PNEUMONIA/person294_virus_606.jpeg,1024,751,L,train,PNEUMONIA,1.363515312916112
person294_virus_610.jpeg,data/train/PNEUMONIA/person294_virus_610.jpeg,920,600,L,train,PNEUMONIA,1.5333333333333334
person294_virus_611.jpeg,data/train/PNEUMONIA/person294_virus_611.jpeg,952,576,L,train,PNEUMONIA,1.6527777777777777
person295_bacteria_1389.jpeg,data/train/PNEUMONIA/person295_bacteria_1389.jpeg,1168,696,L,train,PNEUMONIA,1.6781609195402298
person295_bacteria_1390.jpeg,data/train/PNEUMONIA/person295_bacteria_1390.jpeg,1354,759,L,train,PNEUMONIA,1.7839262187088274
person295_virus_612.jpeg,data/train/PNEUMONIA/person295_virus_612.jpeg,1546,1230,L,train,PNEUMONIA,1.256910569105691
person296_bacteria_1391.jpeg,data/train/PNEUMONIA/person296_bacteria_1391.jpeg,1136,704,L,train,PNEUMONIA,1.6136363636363635
person296_bacteria_1392.jpeg,data/train/PNEUMONIA/person296_bacteria_1392.jpeg,1256,840,L,train,PNEUMONIA,1.4952380952380953
person296_bacteria_1393.jpeg,data/train/PNEUMONIA/person296_bacteria_1393.jpeg,1272,792,L,train,PNEUMONIA,1.606060606060606
person296_bacteria_1394.jpeg,data/train/PNEUMONIA/person296_bacteria_1394.jpeg,1088,704,L,train,PNEUMONIA,1.5454545454545454
person296_bacteria_1395.jpeg,data/train/PNEUMONIA/person296_bacteria_1395.jpeg,1200,840,L,train,PNEUMONIA,1.4285714285714286
person296_bacteria_1396.jpeg,data/train/PNEUMONIA/person296_bacteria_1396.jpeg,1112,648,L,train,PNEUMONIA,1.7160493827160495
person296_bacteria_1397.jpeg,data/train/PNEUMONIA/person296_bacteria_1397.jpeg,1160,872,L,train,PNEUMONIA,1.3302752293577982
person296_virus_613.jpeg,data/train/PNEUMONIA/person296_virus_613.jpeg,456,280,RGB,train,PNEUMONIA,1.6285714285714286
person297_bacteria_1400.jpeg,data/train/PNEUMONIA/person297_bacteria_1400.jpeg,1104,736,L,train,PNEUMONIA,1.5
person297_bacteria_1404.jpeg,data/train/PNEUMONIA/person297_bacteria_1404.jpeg,736,432,L,train,PNEUMONIA,1.7037037037037037
person297_virus_614.jpeg,data/train/PNEUMONIA/person297_virus_614.jpeg,1990,1419,L,train,PNEUMONIA,1.4023960535588442
person298_bacteria_1408.jpeg,data/train/PNEUMONIA/person298_bacteria_1408.jpeg,1216,856,L,train,PNEUMONIA,1.4205607476635513
person298_bacteria_1409.jpeg,data/train/PNEUMONIA/person298_bacteria_1409.jpeg,1232,904,L,train,PNEUMONIA,1.3628318584070795
person298_bacteria_1410.jpeg,data/train/PNEUMONIA/person298_bacteria_1410.jpeg,1184,856,L,train,PNEUMONIA,1.3831775700934579
person298_bacteria_1411.jpeg,data/train/PNEUMONIA/person298_bacteria_1411.jpeg,1064,696,L,train,PNEUMONIA,1.528735632183908
person298_bacteria_1412.jpeg,data/train/PNEUMONIA/person298_bacteria_1412.jpeg,1192,736,L,train,PNEUMONIA,1.6195652173913044
person298_bacteria_1413.jpeg,data/train/PNEUMONIA/person298_bacteria_1413.jpeg,1144,774,L,train,PNEUMONIA,1.4780361757105944
person298_virus_617.jpeg,data/train/PNEUMONIA/person298_virus_617.jpeg,1472,1280,L,train,PNEUMONIA,1.15
person298_virus_618.jpeg,data/train/PNEUMONIA/person298_virus_618.jpeg,1368,992,L,train,PNEUMONIA,1.3790322580645162
person299_bacteria_1414.jpeg,data/train/PNEUMONIA/person299_bacteria_1414.jpeg,872,512,L,train,PNEUMONIA,1.703125
person299_bacteria_1416.jpeg,data/train/PNEUMONIA/person299_bacteria_1416.jpeg,976,832,L,train,PNEUMONIA,1.1730769230769231
person299_bacteria_1417.jpeg,data/train/PNEUMONIA/person299_bacteria_1417.jpeg,920,568,L,train,PNEUMONIA,1.619718309859155
person299_bacteria_1418.jpeg,data/train/PNEUMONIA/person299_bacteria_1418.jpeg,864,584,L,train,PNEUMONIA,1.4794520547945205
person299_bacteria_1419.jpeg,data/train/PNEUMONIA/person299_bacteria_1419.jpeg,1028,581,L,train,PNEUMONIA,1.7693631669535284
person299_virus_620.jpeg,data/train/PNEUMONIA/person299_virus_620.jpeg,1412,1044,L,train,PNEUMONIA,1.3524904214559388
person29_bacteria_144.jpeg,data/train/PNEUMONIA/person29_bacteria_144.jpeg,1064,592,L,train,PNEUMONIA,1.7972972972972974
person2_bacteria_3.jpeg,data/train/PNEUMONIA/person2_bacteria_3.jpeg,1448,1056,L,train,PNEUMONIA,1.371212121212121
person2_bacteria_4.jpeg,data/train/PNEUMONIA/person2_bacteria_4.jpeg,1328,1160,L,train,PNEUMONIA,1.1448275862068966
person300_bacteria_1421.jpeg,data/train/PNEUMONIA/person300_bacteria_1421.jpeg,1248,832,L,train,PNEUMONIA,1.5
person300_bacteria_1422.jpeg,data/train/PNEUMONIA/person300_bacteria_1422.jpeg,1528,1152,L,train,PNEUMONIA,1.3263888888888888
person300_bacteria_1423.jpeg,data/train/PNEUMONIA/person300_bacteria_1423.jpeg,1554,1072,L,train,PNEUMONIA,1.4496268656716418
person300_virus_621.jpeg,data/train/PNEUMONIA/person300_virus_621.jpeg,2076,1576,L,train,PNEUMONIA,1.3172588832487309
person301_bacteria_1424.jpeg,data/train/PNEUMONIA/person301_bacteria_1424.jpeg,864,576,L,train,PNEUMONIA,1.5
person301_bacteria_1427.jpeg,data/train/PNEUMONIA/person301_bacteria_1427.jpeg,968,688,L,train,PNEUMONIA,1.4069767441860466
person301_bacteria_1428.jpeg,data/train/PNEUMONIA/person301_bacteria_1428.jpeg,968,648,L,train,PNEUMONIA,1.4938271604938271
person301_bacteria_1429.jpeg,data/train/PNEUMONIA/person301_bacteria_1429.jpeg,1052,651,L,train,PNEUMONIA,1.6159754224270353
person301_virus_622.jpeg,data/train/PNEUMONIA/person301_virus_622.jpeg,2070,1550,L,train,PNEUMONIA,1.335483870967742
person302_bacteria_1430.jpeg,data/train/PNEUMONIA/person302_bacteria_1430.jpeg,1022,735,L,train,PNEUMONIA,1.3904761904761904
person302_virus_623.jpeg,data/train/PNEUMONIA/person302_virus_623.jpeg,2006,1647,L,train,PNEUMONIA,1.2179720704310868
person303_bacteria_1431.jpeg,data/train/PNEUMONIA/person303_bacteria_1431.jpeg,1562,1106,L,train,PNEUMONIA,1.4122965641952985
person303_virus_624.jpeg,data/train/PNEUMONIA/person303_virus_624.jpeg,2022,1619,L,train,PNEUMONIA,1.2489190858554664
person304_virus_625.jpeg,data/train/PNEUMONIA/person304_virus_625.jpeg,1048,768,L,train,PNEUMONIA,1.3645833333333333
person305_bacteria_1435.jpeg,data/train/PNEUMONIA/person305_bacteria_1435.jpeg,1024,480,L,train,PNEUMONIA,2.1333333333333333
person305_bacteria_1436.jpeg,data/train/PNEUMONIA/person305_bacteria_1436.jpeg,920,536,L,train,PNEUMONIA,1.7164179104477613
person305_bacteria_1437.jpeg,data/train/PNEUMONIA/person305_bacteria_1437.jpeg,1008,624,L,train,PNEUMONIA,1.6153846153846154
person305_virus_627.jpeg,data/train/PNEUMONIA/person305_virus_627.jpeg,1176,720,L,train,PNEUMONIA,1.6333333333333333
person306_bacteria_1439.jpeg,data/train/PNEUMONIA/person306_bacteria_1439.jpeg,1226,882,L,train,PNEUMONIA,1.3900226757369614
person306_bacteria_1440.jpeg,data/train/PNEUMONIA/person306_bacteria_1440.jpeg,1280,851,L,train,PNEUMONIA,1.5041128084606346
person306_virus_628.jpeg,data/train/PNEUMONIA/person306_virus_628.jpeg,445,187,RGB,train,PNEUMONIA,2.379679144385027
person307_bacteria_1441.jpeg,data/train/PNEUMONIA/person307_bacteria_1441.jpeg,992,560,L,train,PNEUMONIA,1.7714285714285714
person307_bacteria_1442.jpeg,data/train/PNEUMONIA/person307_bacteria_1442.jpeg,1142,689,L,train,PNEUMONIA,1.6574746008708272
person307_virus_629.jpeg,data/train/PNEUMONIA/person307_virus_629.jpeg,1112,632,L,train,PNEUMONIA,1.759493670886076
person308_bacteria_1443.jpeg,data/train/PNEUMONIA/person308_bacteria_1443.jpeg,920,672,L,train,PNEUMONIA,1.369047619047619
person308_bacteria_1445.jpeg,data/train/PNEUMONIA/person308_bacteria_1445.jpeg,1280,771,L,train,PNEUMONIA,1.6601815823605708
person308_virus_630.jpeg,data/train/PNEUMONIA/person308_virus_630.jpeg,1504,968,L,train,PNEUMONIA,1.5537190082644627
person309_bacteria_1447.jpeg,data/train/PNEUMONIA/person309_bacteria_1447.jpeg,1080,664,L,train,PNEUMONIA,1.6265060240963856
person309_bacteria_1449.jpeg,data/train/PNEUMONIA/person309_bacteria_1449.jpeg,1276,767,L,train,PNEUMONIA,1.6636245110821382
person309_virus_631.jpeg,data/train/PNEUMONIA/person309_virus_631.jpeg,494,196,RGB,train,PNEUMONIA,2.520408163265306
person309_virus_632.jpeg,data/train/PNEUMONIA/person309_virus_632.jpeg,1128,736,L,train,PNEUMONIA,1.5326086956521738
person30_bacteria_145.jpeg,data/train/PNEUMONIA/person30_bacteria_145.jpeg,936,680,L,train,PNEUMONIA,1.3764705882352941
person30_bacteria_146.jpeg,data/train/PNEUMONIA/person30_bacteria_146.jpeg,1032,736,L,train,PNEUMONIA,1.4021739130434783
person30_bacteria_147.jpeg,data/train/PNEUMONIA/person30_bacteria_147.jpeg,1032,656,L,train,PNEUMONIA,1.5731707317073171
person30_bacteria_148.jpeg,data/train/PNEUMONIA/person30_bacteria_148.jpeg,880,600,L,train,PNEUMONIA,1.4666666666666666
person30_bacteria_149.jpeg,data/train/PNEUMONIA/person30_bacteria_149.jpeg,816,568,L,train,PNEUMONIA,1.4366197183098592
person30_bacteria_150.jpeg,data/train/PNEUMONIA/person30_bacteria_150.jpeg,944,624,L,train,PNEUMONIA,1.5128205128205128
person30_bacteria_151.jpeg,data/train/PNEUMONIA/person30_bacteria_151.jpeg,952,616,L,train,PNEUMONIA,1.5454545454545454
person30_bacteria_152.jpeg,data/train/PNEUMONIA/person30_bacteria_152.jpeg,1032,688,L,train,PNEUMONIA,1.5
person30_bacteria_153.jpeg,data/train/PNEUMONIA/person30_bacteria_153.jpeg,992,592,L,train,PNEUMONIA,1.6756756756756757
person30_bacteria_154.jpeg,data/train/PNEUMONIA/person30_bacteria_154.jpeg,840,672,L,train,PNEUMONIA,1.25
person30_bacteria_155.jpeg,data/train/PNEUMONIA/person30_bacteria_155.jpeg,1128,640,L,train,PNEUMONIA,1.7625
person30_bacteria_156.jpeg,data/train/PNEUMONIA/person30_bacteria_156.jpeg,1096,656,L,train,PNEUMONIA,1.670731707317073
person30_bacteria_157.jpeg,data/train/PNEUMONIA/person30_bacteria_157.jpeg,1096,656,L,train,PNEUMONIA,1.670731707317073
person30_bacteria_158.jpeg,data/train/PNEUMONIA/person30_bacteria_158.jpeg,1242,867,L,train,PNEUMONIA,1.4325259515570934
person310_bacteria_1450.jpeg,data/train/PNEUMONIA/person310_bacteria_1450.jpeg,1264,896,L,train,PNEUMONIA,1.4107142857142858
person310_bacteria_1451.jpeg,data/train/PNEUMONIA/person310_bacteria_1451.jpeg,1588,1010,L,train,PNEUMONIA,1.5722772277227723
person310_virus_633.jpeg,data/train/PNEUMONIA/person310_virus_633.jpeg,1648,1120,L,train,PNEUMONIA,1.4714285714285715
person311_bacteria_1452.jpeg,data/train/PNEUMONIA/person311_bacteria_1452.jpeg,1416,920,L,train,PNEUMONIA,1.5391304347826087
person311_bacteria_1453.jpeg,data/train/PNEUMONIA/person311_bacteria_1453.jpeg,1496,1179,L,train,PNEUMONIA,1.268871925360475
person311_virus_634.jpeg,data/train/PNEUMONIA/person311_virus_634.jpeg,1352,960,L,train,PNEUMONIA,1.4083333333333334
person312_bacteria_1454.jpeg,data/train/PNEUMONIA/person312_bacteria_1454.jpeg,1416,1184,L,train,PNEUMONIA,1.195945945945946
person312_bacteria_1455.jpeg,data/train/PNEUMONIA/person312_bacteria_1455.jpeg,1536,1256,L,train,PNEUMONIA,1.2229299363057324
person312_bacteria_1456.jpeg,data/train/PNEUMONIA/person312_bacteria_1456.jpeg,1608,1237,L,train,PNEUMONIA,1.299919159256265
person312_virus_635.jpeg,data/train/PNEUMONIA/person312_virus_635.jpeg,1416,1008,L,train,PNEUMONIA,1.4047619047619047
person313_bacteria_1457.jpeg,data/train/PNEUMONIA/person313_bacteria_1457.jpeg,952,696,L,train,PNEUMONIA,1.367816091954023
person313_bacteria_1458.jpeg,data/train/PNEUMONIA/person313_bacteria_1458.jpeg,1040,640,L,train,PNEUMONIA,1.625
person313_bacteria_1459.jpeg,data/train/PNEUMONIA/person313_bacteria_1459.jpeg,992,520,L,train,PNEUMONIA,1.9076923076923078
person313_bacteria_1460.jpeg,data/train/PNEUMONIA/person313_bacteria_1460.jpeg,1110,755,L,train,PNEUMONIA,1.4701986754966887
person313_virus_637.jpeg,data/train/PNEUMONIA/person313_virus_637.jpeg,992,640,L,train,PNEUMONIA,1.55
person314_bacteria_1461.jpeg,data/train/PNEUMONIA/person314_bacteria_1461.jpeg,1202,986,L,train,PNEUMONIA,1.2190669371196754
person314_bacteria_1462.jpeg,data/train/PNEUMONIA/person314_bacteria_1462.jpeg,1310,1102,L,train,PNEUMONIA,1.1887477313974593
person314_virus_639.jpeg,data/train/PNEUMONIA/person314_virus_639.jpeg,1480,1136,L,train,PNEUMONIA,1.3028169014084507
person315_bacteria_1464.jpeg,data/train/PNEUMONIA/person315_bacteria_1464.jpeg,920,632,L,train,PNEUMONIA,1.4556962025316456
person315_bacteria_1465.jpeg,data/train/PNEUMONIA/person315_bacteria_1465.jpeg,960,656,L,train,PNEUMONIA,1.4634146341463414
person315_bacteria_1466.jpeg,data/train/PNEUMONIA/person315_bacteria_1466.jpeg,896,568,L,train,PNEUMONIA,1.5774647887323943
person315_bacteria_1467.jpeg,data/train/PNEUMONIA/person315_bacteria_1467.jpeg,816,504,L,train,PNEUMONIA,1.619047619047619
person315_bacteria_1468.jpeg,data/train/PNEUMONIA/person315_bacteria_1468.jpeg,1110,658,L,train,PNEUMONIA,1.6869300911854104
person316_bacteria_1469.jpeg,data/train/PNEUMONIA/person316_bacteria_1469.jpeg,1368,1032,L,train,PNEUMONIA,1.3255813953488371
person316_bacteria_1470.jpeg,data/train/PNEUMONIA/person316_bacteria_1470.jpeg,1536,1320,L,train,PNEUMONIA,1.1636363636363636
person316_virus_641.jpeg,data/train/PNEUMONIA/person316_virus_641.jpeg,496,240,RGB,train,PNEUMONIA,2.066666666666667
person317_bacteria_1471.jpeg,data/train/PNEUMONIA/person317_bacteria_1471.jpeg,1320,904,L,train,PNEUMONIA,1.4601769911504425
person317_bacteria_1473.jpeg,data/train/PNEUMONIA/person317_bacteria_1473.jpeg,1504,1253,L,train,PNEUMONIA,1.200319233838787
person317_virus_643.jpeg,data/train/PNEUMONIA/person317_virus_643.jpeg,1064,640,L,train,PNEUMONIA,1.6625
person318_bacteria_1474.jpeg,data/train/PNEUMONIA/person318_bacteria_1474.jpeg,1518,1149,L,train,PNEUMONIA,1.321148825065274
person318_virus_644.jpeg,data/train/PNEUMONIA/person318_virus_644.jpeg,2008,1448,L,train,PNEUMONIA,1.3867403314917126
person319_bacteria_1475.jpeg,data/train/PNEUMONIA/person319_bacteria_1475.jpeg,1080,736,L,train,PNEUMONIA,1.4673913043478262
person319_bacteria_1476.jpeg,data/train/PNEUMONIA/person319_bacteria_1476.jpeg,1104,600,L,train,PNEUMONIA,1.84
person319_bacteria_1477.jpeg,data/train/PNEUMONIA/person319_bacteria_1477.jpeg,936,640,L,train,PNEUMONIA,1.4625
person319_bacteria_1478.jpeg,data/train/PNEUMONIA/person319_bacteria_1478.jpeg,952,640,L,train,PNEUMONIA,1.4875
person319_bacteria_1479.jpeg,data/train/PNEUMONIA/person319_bacteria_1479.jpeg,928,624,L,train,PNEUMONIA,1.4871794871794872
person319_bacteria_1480.jpeg,data/train/PNEUMONIA/person319_bacteria_1480.jpeg,1106,712,L,train,PNEUMONIA,1.553370786516854
person319_virus_645.jpeg,data/train/PNEUMONIA/person319_virus_645.jpeg,1136,776,L,train,PNEUMONIA,1.4639175257731958
person319_virus_646.jpeg,data/train/PNEUMONIA/person319_virus_646.jpeg,1256,960,L,train,PNEUMONIA,1.3083333333333333
person31_bacteria_160.jpeg,data/train/PNEUMONIA/person31_bacteria_160.jpeg,840,544,L,train,PNEUMONIA,1.5441176470588236
person31_bacteria_161.jpeg,data/train/PNEUMONIA/person31_bacteria_161.jpeg,976,544,L,train,PNEUMONIA,1.7941176470588236
person31_bacteria_162.jpeg,data/train/PNEUMONIA/person31_bacteria_162.jpeg,944,480,L,train,PNEUMONIA,1.9666666666666666
person31_bacteria_163.jpeg,data/train/PNEUMONIA/person31_bacteria_163.jpeg,960,632,L,train,PNEUMONIA,1.518987341772152
person31_bacteria_164.jpeg,data/train/PNEUMONIA/person31_bacteria_164.jpeg,952,581,L,train,PNEUMONIA,1.6385542168674698
person320_virus_647.jpeg,data/train/PNEUMONIA/person320_virus_647.jpeg,462,238,RGB,train,PNEUMONIA,1.9411764705882353
person321_bacteria_1483.jpeg,data/train/PNEUMONIA/person321_bacteria_1483.jpeg,1152,648,L,train,PNEUMONIA,1.7777777777777777
person321_bacteria_1484.jpeg,data/train/PNEUMONIA/person321_bacteria_1484.jpeg,1104,728,L,train,PNEUMONIA,1.5164835164835164
person321_bacteria_1485.jpeg,data/train/PNEUMONIA/person321_bacteria_1485.jpeg,1240,800,L,train,PNEUMONIA,1.55
person321_bacteria_1486.jpeg,data/train/PNEUMONIA/person321_bacteria_1486.jpeg,1200,856,L,train,PNEUMONIA,1.4018691588785046
person321_bacteria_1487.jpeg,data/train/PNEUMONIA/person321_bacteria_1487.jpeg,1144,808,L,train,PNEUMONIA,1.4158415841584158
person321_bacteria_1488.jpeg,data/train/PNEUMONIA/person321_bacteria_1488.jpeg,1216,728,L,train,PNEUMONIA,1.6703296703296704
person321_bacteria_1489.jpeg,data/train/PNEUMONIA/person321_bacteria_1489.jpeg,1186,866,L,train,PNEUMONIA,1.369515011547344
person321_virus_648.jpeg,data/train/PNEUMONIA/person321_virus_648.jpeg,1560,1096,L,train,PNEUMONIA,1.4233576642335766
person322_bacteria_1494.jpeg,data/train/PNEUMONIA/person322_bacteria_1494.jpeg,1566,1130,L,train,PNEUMONIA,1.3858407079646018
person322_virus_655.jpeg,data/train/PNEUMONIA/person322_virus_655.jpeg,1184,856,L,train,PNEUMONIA,1.3831775700934579
person323_virus_656.jpeg,data/train/PNEUMONIA/person323_virus_656.jpeg,1808,1456,L,train,PNEUMONIA,1.2417582417582418
person324_virus_658.jpeg,data/train/PNEUMONIA/person324_virus_658.jpeg,1168,776,L,train,PNEUMONIA,1.5051546391752577
person325_bacteria_1497.jpeg,data/train/PNEUMONIA/person325_bacteria_1497.jpeg,1176,784,L,train,PNEUMONIA,1.5
person325_bacteria_1498.jpeg,data/train/PNEUMONIA/person325_bacteria_1498.jpeg,1008,680,L,train,PNEUMONIA,1.4823529411764707
person325_bacteria_1500.jpeg,data/train/PNEUMONIA/person325_bacteria_1500.jpeg,1168,848,L,train,PNEUMONIA,1.3773584905660377
person325_bacteria_1501.jpeg,data/train/PNEUMONIA/person325_bacteria_1501.jpeg,1248,712,L,train,PNEUMONIA,1.752808988764045
person325_bacteria_1502.jpeg,data/train/PNEUMONIA/person325_bacteria_1502.jpeg,1348,779,L,train,PNEUMONIA,1.730423620025674
person325_virus_659.jpeg,data/train/PNEUMONIA/person325_virus_659.jpeg,445,140,RGB,train,PNEUMONIA,3.1785714285714284
person325_virus_660.jpeg,data/train/PNEUMONIA/person325_virus_660.jpeg,400,138,RGB,train,PNEUMONIA,2.898550724637681
person325_virus_661.jpeg,data/train/PNEUMONIA/person325_virus_661.jpeg,446,132,RGB,train,PNEUMONIA,3.378787878787879
person325_virus_664.jpeg,data/train/PNEUMONIA/person325_virus_664.jpeg,438,190,RGB,train,PNEUMONIA,2.305263157894737
person325_virus_665.jpeg,data/train/PNEUMONIA/person325_virus_665.jpeg,529,207,RGB,train,PNEUMONIA,2.5555555555555554
person326_bacteria_1503.jpeg,data/train/PNEUMONIA/person326_bacteria_1503.jpeg,1336,1064,L,train,PNEUMONIA,1.255639097744361
person326_bacteria_1504.jpeg,data/train/PNEUMONIA/person326_bacteria_1504.jpeg,1272,1040,L,train,PNEUMONIA,1.2230769230769232
person326_bacteria_1505.jpeg,data/train/PNEUMONIA/person326_bacteria_1505.jpeg,1384,912,L,train,PNEUMONIA,1.5175438596491229
person326_bacteria_1506.jpeg,data/train/PNEUMONIA/person326_bacteria_1506.jpeg,1336,1024,L,train,PNEUMONIA,1.3046875
person326_bacteria_1507.jpeg,data/train/PNEUMONIA/person326_bacteria_1507.jpeg,1272,912,L,train,PNEUMONIA,1.394736842105263
person326_virus_666.jpeg,data/train/PNEUMONIA/person326_virus_666.jpeg,1408,904,L,train,PNEUMONIA,1.5575221238938053
person326_virus_668.jpeg,data/train/PNEUMONIA/person326_virus_668.jpeg,1568,896,L,train,PNEUMONIA,1.75
person326_virus_670.jpeg,data/train/PNEUMONIA/person326_virus_670.jpeg,500,244,RGB,train,PNEUMONIA,2.0491803278688523
person326_virus_672.jpeg,data/train/PNEUMONIA/person326_virus_672.jpeg,1488,1168,L,train,PNEUMONIA,1.273972602739726
person326_virus_673.jpeg,data/train/PNEUMONIA/person326_virus_673.jpeg,1560,952,L,train,PNEUMONIA,1.638655462184874
person326_virus_675.jpeg,data/train/PNEUMONIA/person326_virus_675.jpeg,1672,1064,L,train,PNEUMONIA,1.5714285714285714
person326_virus_677.jpeg,data/train/PNEUMONIA/person326_virus_677.jpeg,1472,816,L,train,PNEUMONIA,1.803921568627451
person327_bacteria_1508.jpeg,data/train/PNEUMONIA/person327_bacteria_1508.jpeg,1304,936,L,train,PNEUMONIA,1.393162393162393
person327_bacteria_1509.jpeg,data/train/PNEUMONIA/person327_bacteria_1509.jpeg,1592,1056,L,train,PNEUMONIA,1.5075757575757576
person327_virus_679.jpeg,data/train/PNEUMONIA/person327_virus_679.jpeg,1176,736,L,train,PNEUMONIA,1.5978260869565217
person328_bacteria_1510.jpeg,data/train/PNEUMONIA/person328_bacteria_1510.jpeg,1360,1261,L,train,PNEUMONIA,1.078509119746233
person328_bacteria_1511.jpeg,data/train/PNEUMONIA/person328_bacteria_1511.jpeg,1208,944,L,train,PNEUMONIA,1.2796610169491525
person328_bacteria_1512.jpeg,data/train/PNEUMONIA/person328_bacteria_1512.jpeg,1184,984,L,train,PNEUMONIA,1.2032520325203253
person328_bacteria_1513.jpeg,data/train/PNEUMONIA/person328_bacteria_1513.jpeg,1080,840,L,train,PNEUMONIA,1.2857142857142858
person328_bacteria_1514.jpeg,data/train/PNEUMONIA/person328_bacteria_1514.jpeg,1200,944,L,train,PNEUMONIA,1.271186440677966
person328_bacteria_1515.jpeg,data/train/PNEUMONIA/person328_bacteria_1515.jpeg,1289,1253,L,train,PNEUMONIA,1.028731045490822
person328_virus_681.jpeg,data/train/PNEUMONIA/person328_virus_681.jpeg,1472,976,L,train,PNEUMONIA,1.5081967213114753
person329_virus_682.jpeg,data/train/PNEUMONIA/person329_virus_682.jpeg,880,440,L,train,PNEUMONIA,2.0
person32_bacteria_165.jpeg,data/train/PNEUMONIA/person32_bacteria_165.jpeg,1648,1592,L,train,PNEUMONIA,1.035175879396985
person32_bacteria_166.jpeg,data/train/PNEUMONIA/person32_bacteria_166.jpeg,1808,1448,L,train,PNEUMONIA,1.2486187845303867
person330_virus_683.jpeg,data/train/PNEUMONIA/person330_virus_683.jpeg,1104,824,L,train,PNEUMONIA,1.3398058252427185
person331_bacteria_1526.jpeg,data/train/PNEUMONIA/person331_bacteria_1526.jpeg,1096,720,L,train,PNEUMONIA,1.5222222222222221
person331_bacteria_1527.jpeg,data/train/PNEUMONIA/person331_bacteria_1527.jpeg,1040,856,L,train,PNEUMONIA,1.2149532710280373
person331_bacteria_1528.jpeg,data/train/PNEUMONIA/person331_bacteria_1528.jpeg,1016,640,L,train,PNEUMONIA,1.5875
person331_bacteria_1529.jpeg,data/train/PNEUMONIA/person331_bacteria_1529.jpeg,1168,768,L,train,PNEUMONIA,1.5208333333333333
person331_bacteria_1530.jpeg,data/train/PNEUMONIA/person331_bacteria_1530.jpeg,1152,632,L,train,PNEUMONIA,1.8227848101265822
person331_virus_684.jpeg,data/train/PNEUMONIA/person331_virus_684.jpeg,1184,752,L,train,PNEUMONIA,1.574468085106383
person332_bacteria_1531.jpeg,data/train/PNEUMONIA/person332_bacteria_1531.jpeg,976,664,L,train,PNEUMONIA,1.4698795180722892
person332_bacteria_1533.jpeg,data/train/PNEUMONIA/person332_bacteria_1533.jpeg,984,664,L,train,PNEUMONIA,1.4819277108433735
person332_bacteria_1534.jpeg,data/train/PNEUMONIA/person332_bacteria_1534.jpeg,1008,704,L,train,PNEUMONIA,1.4318181818181819
person332_bacteria_1535.jpeg,data/train/PNEUMONIA/person332_bacteria_1535.jpeg,904,576,L,train,PNEUMONIA,1.5694444444444444
person332_bacteria_1536.jpeg,data/train/PNEUMONIA/person332_bacteria_1536.jpeg,1040,656,L,train,PNEUMONIA,1.5853658536585367
person332_bacteria_1537.jpeg,data/train/PNEUMONIA/person332_bacteria_1537.jpeg,1092,751,L,train,PNEUMONIA,1.4540612516644473
person332_bacteria_1538.jpeg,data/train/PNEUMONIA/person332_bacteria_1538.jpeg,1086,693,L,train,PNEUMONIA,1.567099567099567
person332_virus_685.jpeg,data/train/PNEUMONIA/person332_virus_685.jpeg,896,504,L,train,PNEUMONIA,1.7777777777777777
person333_bacteria_1539.jpeg,data/train/PNEUMONIA/person333_bacteria_1539.jpeg,1578,1318,L,train,PNEUMONIA,1.197268588770865
person333_bacteria_1540.jpeg,data/train/PNEUMONIA/person333_bacteria_1540.jpeg,1504,1180,L,train,PNEUMONIA,1.2745762711864406
person333_virus_688.jpeg,data/train/PNEUMONIA/person333_virus_688.jpeg,1424,1024,L,train,PNEUMONIA,1.390625
person334_bacteria_1541.jpeg,data/train/PNEUMONIA/person334_bacteria_1541.jpeg,920,528,L,train,PNEUMONIA,1.7424242424242424
person334_bacteria_1542.jpeg,data/train/PNEUMONIA/person334_bacteria_1542.jpeg,920,680,L,train,PNEUMONIA,1.3529411764705883
person334_bacteria_1544.jpeg,data/train/PNEUMONIA/person334_bacteria_1544.jpeg,888,576,L,train,PNEUMONIA,1.5416666666666667
person334_bacteria_1545.jpeg,data/train/PNEUMONIA/person334_bacteria_1545.jpeg,918,735,L,train,PNEUMONIA,1.2489795918367348
person334_virus_689.jpeg,data/train/PNEUMONIA/person334_virus_689.jpeg,550,279,RGB,train,PNEUMONIA,1.971326164874552
person335_virus_690.jpeg,data/train/PNEUMONIA/person335_virus_690.jpeg,1344,1128,L,train,PNEUMONIA,1.1914893617021276
person336_bacteria_1548.jpeg,data/train/PNEUMONIA/person336_bacteria_1548.jpeg,952,720,L,train,PNEUMONIA,1.3222222222222222
person336_bacteria_1549.jpeg,data/train/PNEUMONIA/person336_bacteria_1549.jpeg,968,752,L,train,PNEUMONIA,1.2872340425531914
person336_bacteria_1550.jpeg,data/train/PNEUMONIA/person336_bacteria_1550.jpeg,920,808,L,train,PNEUMONIA,1.1386138613861385
person336_bacteria_1551.jpeg,data/train/PNEUMONIA/person336_bacteria_1551.jpeg,1144,784,L,train,PNEUMONIA,1.4591836734693877
person336_bacteria_1552.jpeg,data/train/PNEUMONIA/person336_bacteria_1552.jpeg,1008,728,L,train,PNEUMONIA,1.3846153846153846
person336_bacteria_1553.jpeg,data/train/PNEUMONIA/person336_bacteria_1553.jpeg,1072,728,L,train,PNEUMONIA,1.4725274725274726
person337_bacteria_1554.jpeg,data/train/PNEUMONIA/person337_bacteria_1554.jpeg,1000,712,L,train,PNEUMONIA,1.404494382022472
person337_bacteria_1557.jpeg,data/train/PNEUMONIA/person337_bacteria_1557.jpeg,976,616,L,train,PNEUMONIA,1.5844155844155845
person337_bacteria_1558.jpeg,data/train/PNEUMONIA/person337_bacteria_1558.jpeg,976,608,L,train,PNEUMONIA,1.605263157894737
person337_bacteria_1560.jpeg,data/train/PNEUMONIA/person337_bacteria_1560.jpeg,944,744,L,train,PNEUMONIA,1.2688172043010753
person337_bacteria_1561.jpeg,data/train/PNEUMONIA/person337_bacteria_1561.jpeg,856,592,L,train,PNEUMONIA,1.445945945945946
person337_bacteria_1562.jpeg,data/train/PNEUMONIA/person337_bacteria_1562.jpeg,824,616,L,train,PNEUMONIA,1.3376623376623376
person337_bacteria_1563.jpeg,data/train/PNEUMONIA/person337_bacteria_1563.jpeg,888,656,L,train,PNEUMONIA,1.353658536585366
person337_bacteria_1564.jpeg,data/train/PNEUMONIA/person337_bacteria_1564.jpeg,824,640,L,train,PNEUMONIA,1.2875
person337_bacteria_1565.jpeg,data/train/PNEUMONIA/person337_bacteria_1565.jpeg,824,688,L,train,PNEUMONIA,1.197674418604651
person337_bacteria_1566.jpeg,data/train/PNEUMONIA/person337_bacteria_1566.jpeg,856,616,L,train,PNEUMONIA,1.3896103896103895
person338_bacteria_1567.jpeg,data/train/PNEUMONIA/person338_bacteria_1567.jpeg,1240,968,L,train,PNEUMONIA,1.28099173553719
person338_bacteria_1568.jpeg,data/train/PNEUMONIA/person338_bacteria_1568.jpeg,1240,752,L,train,PNEUMONIA,1.648936170212766
person338_virus_694.jpeg,data/train/PNEUMONIA/person338_virus_694.jpeg,445,232,RGB,train,PNEUMONIA,1.918103448275862
person339_bacteria_1572.jpeg,data/train/PNEUMONIA/person339_bacteria_1572.jpeg,1016,768,L,train,PNEUMONIA,1.3229166666666667
person339_bacteria_1573.jpeg,data/train/PNEUMONIA/person339_bacteria_1573.jpeg,1024,632,L,train,PNEUMONIA,1.620253164556962
person339_bacteria_1574.jpeg,data/train/PNEUMONIA/person339_bacteria_1574.jpeg,947,594,L,train,PNEUMONIA,1.5942760942760943
person339_virus_695.jpeg,data/train/PNEUMONIA/person339_virus_695.jpeg,1320,1040,L,train,PNEUMONIA,1.2692307692307692
person33_bacteria_169.jpeg,data/train/PNEUMONIA/person33_bacteria_169.jpeg,1202,743,L,train,PNEUMONIA,1.6177658142664872
person33_bacteria_172.jpeg,data/train/PNEUMONIA/person33_bacteria_172.jpeg,1128,744,L,train,PNEUMONIA,1.5161290322580645
person33_bacteria_173.jpeg,data/train/PNEUMONIA/person33_bacteria_173.jpeg,1032,600,L,train,PNEUMONIA,1.72
person33_bacteria_174.jpeg,data/train/PNEUMONIA/person33_bacteria_174.jpeg,1072,608,L,train,PNEUMONIA,1.763157894736842
person33_bacteria_175.jpeg,data/train/PNEUMONIA/person33_bacteria_175.jpeg,1268,883,L,train,PNEUMONIA,1.436013590033975
person340_bacteria_1575.jpeg,data/train/PNEUMONIA/person340_bacteria_1575.jpeg,1328,968,L,train,PNEUMONIA,1.371900826446281
person340_virus_698.jpeg,data/train/PNEUMONIA/person340_virus_698.jpeg,1760,1432,L,train,PNEUMONIA,1.229050279329609
person341_bacteria_1577.jpeg,data/train/PNEUMONIA/person341_bacteria_1577.jpeg,831,529,RGB,train,PNEUMONIA,1.5708884688090736
person341_virus_699.jpeg,data/train/PNEUMONIA/person341_virus_699.jpeg,1304,1048,L,train,PNEUMONIA,1.2442748091603053
person342_virus_701.jpeg,data/train/PNEUMONIA/person342_virus_701.jpeg,439,227,RGB,train,PNEUMONIA,1.933920704845815
person342_virus_702.jpeg,data/train/PNEUMONIA/person342_virus_702.jpeg,453,182,RGB,train,PNEUMONIA,2.489010989010989
person343_bacteria_1583.jpeg,data/train/PNEUMONIA/person343_bacteria_1583.jpeg,1504,1056,L,train,PNEUMONIA,1.4242424242424243
person343_bacteria_1584.jpeg,data/train/PNEUMONIA/person343_bacteria_1584.jpeg,1632,1291,L,train,PNEUMONIA,1.2641363284275755
person343_virus_704.jpeg,data/train/PNEUMONIA/person343_virus_704.jpeg,640,317,RGB,train,PNEUMONIA,2.0189274447949526
person344_bacteria_1585.jpeg,data/train/PNEUMONIA/person344_bacteria_1585.jpeg,1538,1164,L,train,PNEUMONIA,1.3213058419243986
person344_virus_705.jpeg,data/train/PNEUMONIA/person344_virus_705.jpeg,1008,680,L,train,PNEUMONIA,1.4823529411764707
person346_bacteria_1590.jpeg,data/train/PNEUMONIA/person346_bacteria_1590.jpeg,1136,824,L,train,PNEUMONIA,1.3786407766990292
person346_virus_708.jpeg,data/train/PNEUMONIA/person346_virus_708.jpeg,1304,736,L,train,PNEUMONIA,1.7717391304347827
person346_virus_709.jpeg,data/train/PNEUMONIA/person346_virus_709.jpeg,1296,832,L,train,PNEUMONIA,1.5576923076923077
person347_bacteria_1594.jpeg,data/train/PNEUMONIA/person347_bacteria_1594.jpeg,1552,1080,L,train,PNEUMONIA,1.4370370370370371
person347_bacteria_1595.jpeg,data/train/PNEUMONIA/person347_bacteria_1595.jpeg,1592,944,L,train,PNEUMONIA,1.6864406779661016
person347_bacteria_1597.jpeg,data/train/PNEUMONIA/person347_bacteria_1597.jpeg,1360,968,L,train,PNEUMONIA,1.4049586776859504
person347_bacteria_1599.jpeg,data/train/PNEUMONIA/person347_bacteria_1599.jpeg,967,683,RGB,train,PNEUMONIA,1.4158125915080526
person348_bacteria_1601.jpeg,data/train/PNEUMONIA/person348_bacteria_1601.jpeg,1136,768,L,train,PNEUMONIA,1.4791666666666667
person348_bacteria_1602.jpeg,data/train/PNEUMONIA/person348_bacteria_1602.jpeg,1160,832,L,train,PNEUMONIA,1.3942307692307692
person348_bacteria_1603.jpeg,data/train/PNEUMONIA/person348_bacteria_1603.jpeg,1104,896,L,train,PNEUMONIA,1.2321428571428572
person348_bacteria_1604.jpeg,data/train/PNEUMONIA/person348_bacteria_1604.jpeg,1306,1006,L,train,PNEUMONIA,1.2982107355864811
person348_virus_711.jpeg,data/train/PNEUMONIA/person348_virus_711.jpeg,1368,1048,L,train,PNEUMONIA,1.3053435114503817
person348_virus_714.jpeg,data/train/PNEUMONIA/person348_virus_714.jpeg,1384,920,L,train,PNEUMONIA,1.5043478260869565
person348_virus_715.jpeg,data/train/PNEUMONIA/person348_virus_715.jpeg,742,515,RGB,train,PNEUMONIA,1.4407766990291262
person348_virus_716.jpeg,data/train/PNEUMONIA/person348_virus_716.jpeg,1192,1088,L,train,PNEUMONIA,1.0955882352941178
person348_virus_717.jpeg,data/train/PNEUMONIA/person348_virus_717.jpeg,1224,1008,L,train,PNEUMONIA,1.2142857142857142
person348_virus_719.jpeg,data/train/PNEUMONIA/person348_virus_719.jpeg,1328,928,L,train,PNEUMONIA,1.4310344827586208
person348_virus_720.jpeg,data/train/PNEUMONIA/person348_virus_720.jpeg,1272,1080,L,train,PNEUMONIA,1.1777777777777778
person348_virus_721.jpeg,data/train/PNEUMONIA/person348_virus_721.jpeg,1288,944,L,train,PNEUMONIA,1.3644067796610169
person348_virus_723.jpeg,data/train/PNEUMONIA/person348_virus_723.jpeg,1296,760,L,train,PNEUMONIA,1.7052631578947368
person349_bacteria_1605.jpeg,data/train/PNEUMONIA/person349_bacteria_1605.jpeg,1080,744,L,train,PNEUMONIA,1.4516129032258065
person349_bacteria_1606.jpeg,data/train/PNEUMONIA/person349_bacteria_1606.jpeg,1192,760,L,train,PNEUMONIA,1.568421052631579
person349_bacteria_1607.jpeg,data/train/PNEUMONIA/person349_bacteria_1607.jpeg,1136,824,L,train,PNEUMONIA,1.3786407766990292
person349_virus_724.jpeg,data/train/PNEUMONIA/person349_virus_724.jpeg,1432,816,L,train,PNEUMONIA,1.7549019607843137
person34_bacteria_176.jpeg,data/train/PNEUMONIA/person34_bacteria_176.jpeg,1380,801,L,train,PNEUMONIA,1.7228464419475655
person350_virus_725.jpeg,data/train/PNEUMONIA/person350_virus_725.jpeg,1360,928,L,train,PNEUMONIA,1.4655172413793103
person351_bacteria_1617.jpeg,data/train/PNEUMONIA/person351_bacteria_1617.jpeg,1218,1041,L,train,PNEUMONIA,1.1700288184438041
person351_bacteria_1619.jpeg,data/train/PNEUMONIA/person351_bacteria_1619.jpeg,1048,768,L,train,PNEUMONIA,1.3645833333333333
person351_bacteria_1620.jpeg,data/train/PNEUMONIA/person351_bacteria_1620.jpeg,888,672,L,train,PNEUMONIA,1.3214285714285714
person351_bacteria_1621.jpeg,data/train/PNEUMONIA/person351_bacteria_1621.jpeg,928,824,L,train,PNEUMONIA,1.1262135922330097
person351_bacteria_1622.jpeg,data/train/PNEUMONIA/person351_bacteria_1622.jpeg,952,752,L,train,PNEUMONIA,1.2659574468085106
person351_bacteria_1623.jpeg,data/train/PNEUMONIA/person351_bacteria_1623.jpeg,896,680,L,train,PNEUMONIA,1.3176470588235294
person351_bacteria_1624.jpeg,data/train/PNEUMONIA/person351_bacteria_1624.jpeg,1016,752,L,train,PNEUMONIA,1.351063829787234
person351_virus_726.jpeg,data/train/PNEUMONIA/person351_virus_726.jpeg,1128,808,L,train,PNEUMONIA,1.396039603960396
person352_bacteria_1625.jpeg,data/train/PNEUMONIA/person352_bacteria_1625.jpeg,984,592,L,train,PNEUMONIA,1.662162162162162
person353_bacteria_1626.jpeg,data/train/PNEUMONIA/person353_bacteria_1626.jpeg,752,592,L,train,PNEUMONIA,1.2702702702702702
person353_bacteria_1628.jpeg,data/train/PNEUMONIA/person353_bacteria_1628.jpeg,984,688,L,train,PNEUMONIA,1.430232558139535
person353_virus_728.jpeg,data/train/PNEUMONIA/person353_virus_728.jpeg,1496,1040,L,train,PNEUMONIA,1.4384615384615385
person354_bacteria_1632.jpeg,data/train/PNEUMONIA/person354_bacteria_1632.jpeg,460,157,RGB,train,PNEUMONIA,2.929936305732484
person354_bacteria_1633.jpeg,data/train/PNEUMONIA/person354_bacteria_1633.jpeg,738,427,RGB,train,PNEUMONIA,1.7283372365339578
person354_bacteria_1634.jpeg,data/train/PNEUMONIA/person354_bacteria_1634.jpeg,928,624,L,train,PNEUMONIA,1.4871794871794872
person354_bacteria_1635.jpeg,data/train/PNEUMONIA/person354_bacteria_1635.jpeg,532,255,RGB,train,PNEUMONIA,2.0862745098039217
person354_virus_729.jpeg,data/train/PNEUMONIA/person354_virus_729.jpeg,1352,968,L,train,PNEUMONIA,1.396694214876033
person355_bacteria_1637.jpeg,data/train/PNEUMONIA/person355_bacteria_1637.jpeg,1000,568,L,train,PNEUMONIA,1.7605633802816902
person355_virus_730.jpeg,data/train/PNEUMONIA/person355_virus_730.jpeg,864,408,L,train,PNEUMONIA,2.1176470588235294
person355_virus_731.jpeg,data/train/PNEUMONIA/person355_virus_731.jpeg,486,191,RGB,train,PNEUMONIA,2.5445026178010473
person356_bacteria_1638.jpeg,data/train/PNEUMONIA/person356_bacteria_1638.jpeg,1326,875,L,train,PNEUMONIA,1.5154285714285713
person356_virus_733.jpeg,data/train/PNEUMONIA/person356_virus_733.jpeg,1080,760,L,train,PNEUMONIA,1.4210526315789473
person357_bacteria_1639.jpeg,data/train/PNEUMONIA/person357_bacteria_1639.jpeg,1550,1399,L,train,PNEUMONIA,1.1079342387419586
person357_bacteria_1640.jpeg,data/train/PNEUMONIA/person357_bacteria_1640.jpeg,1240,928,L,train,PNEUMONIA,1.3362068965517242
person357_virus_734.jpeg,data/train/PNEUMONIA/person357_virus_734.jpeg,1312,1112,L,train,PNEUMONIA,1.1798561151079137
person357_virus_735.jpeg,data/train/PNEUMONIA/person357_virus_735.jpeg,1312,1112,L,train,PNEUMONIA,1.1798561151079137
person357_virus_736.jpeg,data/train/PNEUMONIA/person357_virus_736.jpeg,1192,888,L,train,PNEUMONIA,1.3423423423423424
person358_virus_737.jpeg,data/train/PNEUMONIA/person358_virus_737.jpeg,1384,1080,L,train,PNEUMONIA,1.2814814814814814
person359_bacteria_1642.jpeg,data/train/PNEUMONIA/person359_bacteria_1642.jpeg,1334,1102,L,train,PNEUMONIA,1.2105263157894737
person359_bacteria_1643.jpeg,data/train/PNEUMONIA/person359_bacteria_1643.jpeg,1088,992,L,train,PNEUMONIA,1.096774193548387
person359_bacteria_1644.jpeg,data/train/PNEUMONIA/person359_bacteria_1644.jpeg,1072,856,L,train,PNEUMONIA,1.2523364485981308
person359_bacteria_1645.jpeg,data/train/PNEUMONIA/person359_bacteria_1645.jpeg,1152,856,L,train,PNEUMONIA,1.3457943925233644
person359_bacteria_1646.jpeg,data/train/PNEUMONIA/person359_bacteria_1646.jpeg,1168,800,L,train,PNEUMONIA,1.46
person359_virus_738.jpeg,data/train/PNEUMONIA/person359_virus_738.jpeg,1448,1112,L,train,PNEUMONIA,1.3021582733812949
person35_bacteria_178.jpeg,data/train/PNEUMONIA/person35_bacteria_178.jpeg,2036,1627,L,train,PNEUMONIA,1.2513829133374308
person35_bacteria_180.jpeg,data/train/PNEUMONIA/person35_bacteria_180.jpeg,1672,1200,L,train,PNEUMONIA,1.3933333333333333
person35_bacteria_181.jpeg,data/train/PNEUMONIA/person35_bacteria_181.jpeg,1712,1384,L,train,PNEUMONIA,1.2369942196531791
person360_bacteria_1647.jpeg,data/train/PNEUMONIA/person360_bacteria_1647.jpeg,880,744,L,train,PNEUMONIA,1.1827956989247312
person360_virus_739.jpeg,data/train/PNEUMONIA/person360_virus_739.jpeg,1176,1024,L,train,PNEUMONIA,1.1484375
person361_bacteria_1651.jpeg,data/train/PNEUMONIA/person361_bacteria_1651.jpeg,1110,724,L,train,PNEUMONIA,1.5331491712707181
person361_virus_740.jpeg,data/train/PNEUMONIA/person361_virus_740.jpeg,1632,888,L,train,PNEUMONIA,1.837837837837838
person362_bacteria_1652.jpeg,data/train/PNEUMONIA/person362_bacteria_1652.jpeg,1584,1072,L,train,PNEUMONIA,1.4776119402985075
person362_virus_741.jpeg,data/train/PNEUMONIA/person362_virus_741.jpeg,920,600,L,train,PNEUMONIA,1.5333333333333334
person363_bacteria_1653.jpeg,data/train/PNEUMONIA/person363_bacteria_1653.jpeg,1368,1208,L,train,PNEUMONIA,1.1324503311258278
person363_bacteria_1654.jpeg,data/train/PNEUMONIA/person363_bacteria_1654.jpeg,1272,1144,L,train,PNEUMONIA,1.1118881118881119
person363_bacteria_1655.jpeg,data/train/PNEUMONIA/person363_bacteria_1655.jpeg,1424,1264,L,train,PNEUMONIA,1.1265822784810127
person363_virus_742.jpeg,data/train/PNEUMONIA/person363_virus_742.jpeg,1248,896,L,train,PNEUMONIA,1.3928571428571428
person364_bacteria_1656.jpeg,data/train/PNEUMONIA/person364_bacteria_1656.jpeg,1256,768,L,train,PNEUMONIA,1.6354166666666667
person364_bacteria_1657.jpeg,data/train/PNEUMONIA/person364_bacteria_1657.jpeg,1232,864,L,train,PNEUMONIA,1.4259259259259258
person364_bacteria_1658.jpeg,data/train/PNEUMONIA/person364_bacteria_1658.jpeg,1368,1064,L,train,PNEUMONIA,1.2857142857142858
person364_bacteria_1659.jpeg,data/train/PNEUMONIA/person364_bacteria_1659.jpeg,1304,952,L,train,PNEUMONIA,1.3697478991596639
person364_bacteria_1660.jpeg,data/train/PNEUMONIA/person364_bacteria_1660.jpeg,1160,744,L,train,PNEUMONIA,1.5591397849462365
person364_virus_743.jpeg,data/train/PNEUMONIA/person364_virus_743.jpeg,1160,744,L,train,PNEUMONIA,1.5591397849462365
person365_virus_745.jpeg,data/train/PNEUMONIA/person365_virus_745.jpeg,687,425,RGB,train,PNEUMONIA,1.616470588235294
person366_bacteria_1664.jpeg,data/train/PNEUMONIA/person366_bacteria_1664.jpeg,952,624,L,train,PNEUMONIA,1.5256410256410255
person366_virus_746.jpeg,data/train/PNEUMONIA/person366_virus_746.jpeg,1280,904,L,train,PNEUMONIA,1.415929203539823
person367_bacteria_1665.jpeg,data/train/PNEUMONIA/person367_bacteria_1665.jpeg,1200,1024,L,train,PNEUMONIA,1.171875
person367_virus_747.jpeg,data/train/PNEUMONIA/person367_virus_747.jpeg,1472,968,L,train,PNEUMONIA,1.5206611570247934
person368_bacteria_1666.jpeg,data/train/PNEUMONIA/person368_bacteria_1666.jpeg,986,709,L,train,PNEUMONIA,1.3906911142454161
person368_bacteria_1667.jpeg,data/train/PNEUMONIA/person368_bacteria_1667.jpeg,832,504,L,train,PNEUMONIA,1.6507936507936507
person368_bacteria_1668.jpeg,data/train/PNEUMONIA/person368_bacteria_1668.jpeg,840,512,L,train,PNEUMONIA,1.640625
person368_bacteria_1672.jpeg,data/train/PNEUMONIA/person368_bacteria_1672.jpeg,912,544,L,train,PNEUMONIA,1.6764705882352942
person368_bacteria_1678.jpeg,data/train/PNEUMONIA/person368_bacteria_1678.jpeg,800,528,L,train,PNEUMONIA,1.5151515151515151
person368_virus_748.jpeg,data/train/PNEUMONIA/person368_virus_748.jpeg,1328,864,L,train,PNEUMONIA,1.537037037037037
person369_bacteria_1680.jpeg,data/train/PNEUMONIA/person369_bacteria_1680.jpeg,888,454,RGB,train,PNEUMONIA,1.9559471365638768
person369_virus_750.jpeg,data/train/PNEUMONIA/person369_virus_750.jpeg,1368,904,L,train,PNEUMONIA,1.5132743362831858
person36_bacteria_182.jpeg,data/train/PNEUMONIA/person36_bacteria_182.jpeg,992,768,L,train,PNEUMONIA,1.2916666666666667
person36_bacteria_183.jpeg,data/train/PNEUMONIA/person36_bacteria_183.jpeg,1104,760,L,train,PNEUMONIA,1.4526315789473685
person36_bacteria_184.jpeg,data/train/PNEUMONIA/person36_bacteria_184.jpeg,920,648,L,train,PNEUMONIA,1.4197530864197532
person36_bacteria_185.jpeg,data/train/PNEUMONIA/person36_bacteria_185.jpeg,1232,886,L,train,PNEUMONIA,1.3905191873589164
person370_bacteria_1687.jpeg,data/train/PNEUMONIA/person370_bacteria_1687.jpeg,1072,688,L,train,PNEUMONIA,1.558139534883721
person370_bacteria_1688.jpeg,data/train/PNEUMONIA/person370_bacteria_1688.jpeg,1136,688,L,train,PNEUMONIA,1.6511627906976745
person370_bacteria_1689.jpeg,data/train/PNEUMONIA/person370_bacteria_1689.jpeg,1040,736,L,train,PNEUMONIA,1.4130434782608696
person370_bacteria_1690.jpeg,data/train/PNEUMONIA/person370_bacteria_1690.jpeg,1080,920,L,train,PNEUMONIA,1.173913043478261
person370_bacteria_1691.jpeg,data/train/PNEUMONIA/person370_bacteria_1691.jpeg,1088,912,L,train,PNEUMONIA,1.1929824561403508
person370_bacteria_1692.jpeg,data/train/PNEUMONIA/person370_bacteria_1692.jpeg,1064,760,L,train,PNEUMONIA,1.4
person370_virus_752.jpeg,data/train/PNEUMONIA/person370_virus_752.jpeg,1728,1296,L,train,PNEUMONIA,1.3333333333333333
person370_virus_753.jpeg,data/train/PNEUMONIA/person370_virus_753.jpeg,1584,1184,L,train,PNEUMONIA,1.337837837837838
person371_bacteria_1694.jpeg,data/train/PNEUMONIA/person371_bacteria_1694.jpeg,1080,720,L,train,PNEUMONIA,1.5
person371_bacteria_1695.jpeg,data/train/PNEUMONIA/person371_bacteria_1695.jpeg,1064,592,L,train,PNEUMONIA,1.7972972972972974
person371_bacteria_1696.jpeg,data/train/PNEUMONIA/person371_bacteria_1696.jpeg,984,680,L,train,PNEUMONIA,1.4470588235294117
person371_bacteria_1698.jpeg,data/train/PNEUMONIA/person371_bacteria_1698.jpeg,920,640,L,train,PNEUMONIA,1.4375
person371_bacteria_1699.jpeg,data/train/PNEUMONIA/person371_bacteria_1699.jpeg,936,648,L,train,PNEUMONIA,1.4444444444444444
person371_bacteria_1700.jpeg,data/train/PNEUMONIA/person371_bacteria_1700.jpeg,864,560,L,train,PNEUMONIA,1.542857142857143
person371_bacteria_1701.jpeg,data/train/PNEUMONIA/person371_bacteria_1701.jpeg,952,632,L,train,PNEUMONIA,1.5063291139240507
person371_bacteria_1702.jpeg,data/train/PNEUMONIA/person371_bacteria_1702.jpeg,904,512,L,train,PNEUMONIA,1.765625
person371_bacteria_1703.jpeg,data/train/PNEUMONIA/person371_bacteria_1703.jpeg,992,608,L,train,PNEUMONIA,1.631578947368421
person371_virus_754.jpeg,data/train/PNEUMONIA/person371_virus_754.jpeg,984,560,L,train,PNEUMONIA,1.7571428571428571
person372_bacteria_1704.jpeg,data/train/PNEUMONIA/person372_bacteria_1704.jpeg,1000,568,L,train,PNEUMONIA,1.7605633802816902
person372_bacteria_1705.jpeg,data/train/PNEUMONIA/person372_bacteria_1705.jpeg,1008,616,L,train,PNEUMONIA,1.6363636363636365
person372_bacteria_1706.jpeg,data/train/PNEUMONIA/person372_bacteria_1706.jpeg,1000,672,L,train,PNEUMONIA,1.4880952380952381
person372_virus_755.jpeg,data/train/PNEUMONIA/person372_virus_755.jpeg,1512,960,L,train,PNEUMONIA,1.575
person373_bacteria_1707.jpeg,data/train/PNEUMONIA/person373_bacteria_1707.jpeg,1216,944,L,train,PNEUMONIA,1.2881355932203389
person373_bacteria_1708.jpeg,data/train/PNEUMONIA/person373_bacteria_1708.jpeg,1296,864,L,train,PNEUMONIA,1.5
person373_bacteria_1709.jpeg,data/train/PNEUMONIA/person373_bacteria_1709.jpeg,1280,736,L,train,PNEUMONIA,1.7391304347826086
person373_virus_756.jpeg,data/train/PNEUMONIA/person373_virus_756.jpeg,1240,880,L,train,PNEUMONIA,1.4090909090909092
person374_bacteria_1710.jpeg,data/train/PNEUMONIA/person374_bacteria_1710.jpeg,856,472,L,train,PNEUMONIA,1.8135593220338984
person374_bacteria_1711.jpeg,data/train/PNEUMONIA/person374_bacteria_1711.jpeg,872,600,L,train,PNEUMONIA,1.4533333333333334
person374_bacteria_1712.jpeg,data/train/PNEUMONIA/person374_bacteria_1712.jpeg,848,544,L,train,PNEUMONIA,1.5588235294117647
person374_virus_757.jpeg,data/train/PNEUMONIA/person374_virus_757.jpeg,1400,1208,L,train,PNEUMONIA,1.1589403973509933
person375_bacteria_1713.jpeg,data/train/PNEUMONIA/person375_bacteria_1713.jpeg,928,584,L,train,PNEUMONIA,1.5890410958904109
person375_virus_758.jpeg,data/train/PNEUMONIA/person375_virus_758.jpeg,1248,616,L,train,PNEUMONIA,2.0259740259740258
person376_bacteria_1715.jpeg,data/train/PNEUMONIA/person376_bacteria_1715.jpeg,1032,768,L,train,PNEUMONIA,1.34375
person376_bacteria_1716.jpeg,data/train/PNEUMONIA/person376_bacteria_1716.jpeg,1176,768,L,train,PNEUMONIA,1.53125
person376_virus_759.jpeg,data/train/PNEUMONIA/person376_virus_759.jpeg,1312,856,L,train,PNEUMONIA,1.5327102803738317
person377_bacteria_1717.jpeg,data/train/PNEUMONIA/person377_bacteria_1717.jpeg,1496,1049,L,train,PNEUMONIA,1.4261201143946616
person377_bacteria_1718.jpeg,data/train/PNEUMONIA/person377_bacteria_1718.jpeg,1416,888,L,train,PNEUMONIA,1.5945945945945945
person377_virus_760.jpeg,data/train/PNEUMONIA/person377_virus_760.jpeg,1272,760,L,train,PNEUMONIA,1.6736842105263159
person378_virus_761.jpeg,data/train/PNEUMONIA/person378_virus_761.jpeg,1432,952,L,train,PNEUMONIA,1.504201680672269
person379_bacteria_1721.jpeg,data/train/PNEUMONIA/person379_bacteria_1721.jpeg,956,603,RGB,train,PNEUMONIA,1.5854063018242124
person379_bacteria_1722.jpeg,data/train/PNEUMONIA/person379_bacteria_1722.jpeg,1152,792,L,train,PNEUMONIA,1.4545454545454546
person379_virus_762.jpeg,data/train/PNEUMONIA/person379_virus_762.jpeg,1288,824,L,train,PNEUMONIA,1.5631067961165048
person37_bacteria_186.jpeg,data/train/PNEUMONIA/person37_bacteria_186.jpeg,1128,744,L,train,PNEUMONIA,1.5161290322580645
person37_bacteria_187.jpeg,data/train/PNEUMONIA/person37_bacteria_187.jpeg,1240,720,L,train,PNEUMONIA,1.7222222222222223
person37_bacteria_188.jpeg,data/train/PNEUMONIA/person37_bacteria_188.jpeg,1160,832,L,train,PNEUMONIA,1.3942307692307692
person37_bacteria_189.jpeg,data/train/PNEUMONIA/person37_bacteria_189.jpeg,1462,874,L,train,PNEUMONIA,1.6727688787185355
person380_virus_763.jpeg,data/train/PNEUMONIA/person380_virus_763.jpeg,1440,864,L,train,PNEUMONIA,1.6666666666666667
person381_bacteria_1730.jpeg,data/train/PNEUMONIA/person381_bacteria_1730.jpeg,976,656,L,train,PNEUMONIA,1.4878048780487805
person381_bacteria_1731.jpeg,data/train/PNEUMONIA/person381_bacteria_1731.jpeg,1080,728,L,train,PNEUMONIA,1.4835164835164836
person382_bacteria_1737.jpeg,data/train/PNEUMONIA/person382_bacteria_1737.jpeg,1152,728,L,train,PNEUMONIA,1.5824175824175823
person382_bacteria_1738.jpeg,data/train/PNEUMONIA/person382_bacteria_1738.jpeg,1168,736,L,train,PNEUMONIA,1.5869565217391304
person382_bacteria_1739.jpeg,data/train/PNEUMONIA/person382_bacteria_1739.jpeg,1072,688,L,train,PNEUMONIA,1.558139534883721
person382_bacteria_1740.jpeg,data/train/PNEUMONIA/person382_bacteria_1740.jpeg,1152,736,L,train,PNEUMONIA,1.565217391304348
person382_bacteria_1741.jpeg,data/train/PNEUMONIA/person382_bacteria_1741.jpeg,1168,848,L,train,PNEUMONIA,1.3773584905660377
person382_bacteria_1742.jpeg,data/train/PNEUMONIA/person382_bacteria_1742.jpeg,1360,1191,L,train,PNEUMONIA,1.1418975650713685
person382_bacteria_1745.jpeg,data/train/PNEUMONIA/person382_bacteria_1745.jpeg,1264,864,L,train,PNEUMONIA,1.462962962962963
person382_bacteria_1746.jpeg,data/train/PNEUMONIA/person382_bacteria_1746.jpeg,1176,760,L,train,PNEUMONIA,1.5473684210526315
person383_bacteria_1747.jpeg,data/train/PNEUMONIA/person383_bacteria_1747.jpeg,1478,1137,L,train,PNEUMONIA,1.2999120492524185
person383_bacteria_1748.jpeg,data/train/PNEUMONIA/person383_bacteria_1748.jpeg,1320,984,L,train,PNEUMONIA,1.3414634146341464
person383_bacteria_1749.jpeg,data/train/PNEUMONIA/person383_bacteria_1749.jpeg,1184,1024,L,train,PNEUMONIA,1.15625
person383_bacteria_1750.jpeg,data/train/PNEUMONIA/person383_bacteria_1750.jpeg,1304,824,L,train,PNEUMONIA,1.5825242718446602
person383_bacteria_1751.jpeg,data/train/PNEUMONIA/person383_bacteria_1751.jpeg,1320,1016,L,train,PNEUMONIA,1.2992125984251968
person383_bacteria_1752.jpeg,data/train/PNEUMONIA/person383_bacteria_1752.jpeg,1312,1024,L,train,PNEUMONIA,1.28125
person383_bacteria_1753.jpeg,data/train/PNEUMONIA/person383_bacteria_1753.jpeg,1328,976,L,train,PNEUMONIA,1.360655737704918
person383_bacteria_1754.jpeg,data/train/PNEUMONIA/person383_bacteria_1754.jpeg,1392,984,L,train,PNEUMONIA,1.4146341463414633
person383_virus_767.jpeg,data/train/PNEUMONIA/person383_virus_767.jpeg,1288,848,L,train,PNEUMONIA,1.5188679245283019
person384_bacteria_1755.jpeg,data/train/PNEUMONIA/person384_bacteria_1755.jpeg,1530,1029,L,train,PNEUMONIA,1.4868804664723032
person384_virus_769.jpeg,data/train/PNEUMONIA/person384_virus_769.jpeg,1296,872,L,train,PNEUMONIA,1.4862385321100917
person385_bacteria_1765.jpeg,data/train/PNEUMONIA/person385_bacteria_1765.jpeg,1000,576,L,train,PNEUMONIA,1.7361111111111112
person385_bacteria_1766.jpeg,data/train/PNEUMONIA/person385_bacteria_1766.jpeg,1016,560,L,train,PNEUMONIA,1.8142857142857143
person385_virus_770.jpeg,data/train/PNEUMONIA/person385_virus_770.jpeg,2000,1424,L,train,PNEUMONIA,1.404494382022472
person386_virus_771.jpeg,data/train/PNEUMONIA/person386_virus_771.jpeg,1440,976,L,train,PNEUMONIA,1.4754098360655739
person387_bacteria_1769.jpeg,data/train/PNEUMONIA/person387_bacteria_1769.jpeg,928,544,L,train,PNEUMONIA,1.7058823529411764
person387_bacteria_1770.jpeg,data/train/PNEUMONIA/person387_bacteria_1770.jpeg,904,416,L,train,PNEUMONIA,2.173076923076923
person387_bacteria_1772.jpeg,data/train/PNEUMONIA/person387_bacteria_1772.jpeg,824,472,L,train,PNEUMONIA,1.7457627118644068
person387_virus_772.jpeg,data/train/PNEUMONIA/person387_virus_772.jpeg,1752,1320,L,train,PNEUMONIA,1.3272727272727274
person388_virus_775.jpeg,data/train/PNEUMONIA/person388_virus_775.jpeg,1000,464,L,train,PNEUMONIA,2.1551724137931036
person388_virus_777.jpeg,data/train/PNEUMONIA/person388_virus_777.jpeg,907,513,RGB,train,PNEUMONIA,1.7680311890838207
person389_bacteria_1778.jpeg,data/train/PNEUMONIA/person389_bacteria_1778.jpeg,1256,888,L,train,PNEUMONIA,1.4144144144144144
person389_bacteria_1780.jpeg,data/train/PNEUMONIA/person389_bacteria_1780.jpeg,1384,944,L,train,PNEUMONIA,1.4661016949152543
person389_virus_778.jpeg,data/train/PNEUMONIA/person389_virus_778.jpeg,904,552,L,train,PNEUMONIA,1.6376811594202898
person38_bacteria_190.jpeg,data/train/PNEUMONIA/person38_bacteria_190.jpeg,1016,648,L,train,PNEUMONIA,1.5679012345679013
person38_bacteria_191.jpeg,data/train/PNEUMONIA/person38_bacteria_191.jpeg,960,664,L,train,PNEUMONIA,1.4457831325301205
person38_bacteria_192.jpeg,data/train/PNEUMONIA/person38_bacteria_192.jpeg,936,632,L,train,PNEUMONIA,1.481012658227848
person38_bacteria_193.jpeg,data/train/PNEUMONIA/person38_bacteria_193.jpeg,944,568,L,train,PNEUMONIA,1.6619718309859155
person38_bacteria_194.jpeg,data/train/PNEUMONIA/person38_bacteria_194.jpeg,1008,600,L,train,PNEUMONIA,1.68
person38_bacteria_195.jpeg,data/train/PNEUMONIA/person38_bacteria_195.jpeg,1040,600,L,train,PNEUMONIA,1.7333333333333334
person38_bacteria_196.jpeg,data/train/PNEUMONIA/person38_bacteria_196.jpeg,1010,670,L,train,PNEUMONIA,1.507462686567164
person390_bacteria_1781.jpeg,data/train/PNEUMONIA/person390_bacteria_1781.jpeg,1544,1440,L,train,PNEUMONIA,1.0722222222222222
person391_bacteria_1782.jpeg,data/train/PNEUMONIA/person391_bacteria_1782.jpeg,1592,1041,L,train,PNEUMONIA,1.5292987512007685
person391_virus_781.jpeg,data/train/PNEUMONIA/person391_virus_781.jpeg,1664,1152,L,train,PNEUMONIA,1.4444444444444444
person392_bacteria_1783.jpeg,data/train/PNEUMONIA/person392_bacteria_1783.jpeg,1168,752,L,train,PNEUMONIA,1.553191489361702
person392_bacteria_1784.jpeg,data/train/PNEUMONIA/person392_bacteria_1784.jpeg,1056,632,L,train,PNEUMONIA,1.6708860759493671
person392_bacteria_1785.jpeg,data/train/PNEUMONIA/person392_bacteria_1785.jpeg,992,632,L,train,PNEUMONIA,1.5696202531645569
person392_bacteria_1786.jpeg,data/train/PNEUMONIA/person392_bacteria_1786.jpeg,1000,592,L,train,PNEUMONIA,1.6891891891891893
person392_bacteria_1787.jpeg,data/train/PNEUMONIA/person392_bacteria_1787.jpeg,1160,632,L,train,PNEUMONIA,1.8354430379746836
person392_virus_782.jpeg,data/train/PNEUMONIA/person392_virus_782.jpeg,1368,944,L,train,PNEUMONIA,1.4491525423728813
person393_bacteria_1789.jpeg,data/train/PNEUMONIA/person393_bacteria_1789.jpeg,936,616,L,train,PNEUMONIA,1.5194805194805194
person393_virus_784.jpeg,data/train/PNEUMONIA/person393_virus_784.jpeg,1336,992,L,train,PNEUMONIA,1.346774193548387
person394_bacteria_1791.jpeg,data/train/PNEUMONIA/person394_bacteria_1791.jpeg,1240,600,L,train,PNEUMONIA,2.066666666666667
person394_bacteria_1792.jpeg,data/train/PNEUMONIA/person394_bacteria_1792.jpeg,1136,664,L,train,PNEUMONIA,1.7108433734939759
person394_virus_786.jpeg,data/train/PNEUMONIA/person394_virus_786.jpeg,1312,840,L,train,PNEUMONIA,1.561904761904762
person395_bacteria_1794.jpeg,data/train/PNEUMONIA/person395_bacteria_1794.jpeg,976,736,L,train,PNEUMONIA,1.326086956521739
person395_bacteria_1795.jpeg,data/train/PNEUMONIA/person395_bacteria_1795.jpeg,1128,792,L,train,PNEUMONIA,1.4242424242424243
person395_virus_788.jpeg,data/train/PNEUMONIA/person395_virus_788.jpeg,1240,1256,L,train,PNEUMONIA,0.9872611464968153
person396_bacteria_1796.jpeg,data/train/PNEUMONIA/person396_bacteria_1796.jpeg,1468,1083,L,train,PNEUMONIA,1.3554939981532779
person396_virus_789.jpeg,data/train/PNEUMONIA/person396_virus_789.jpeg,1024,592,L,train,PNEUMONIA,1.7297297297297298
person397_bacteria_1797.jpeg,data/train/PNEUMONIA/person397_bacteria_1797.jpeg,976,720,L,train,PNEUMONIA,1.3555555555555556
person397_virus_790.jpeg,data/train/PNEUMONIA/person397_virus_790.jpeg,1256,792,L,train,PNEUMONIA,1.5858585858585859
person398_bacteria_1799.jpeg,data/train/PNEUMONIA/person398_bacteria_1799.jpeg,920,680,L,train,PNEUMONIA,1.3529411764705883
person398_bacteria_1801.jpeg,data/train/PNEUMONIA/person398_bacteria_1801.jpeg,1048,576,L,train,PNEUMONIA,1.8194444444444444
person399_bacteria_1804.jpeg,data/train/PNEUMONIA/person399_bacteria_1804.jpeg,968,600,L,train,PNEUMONIA,1.6133333333333333
person399_bacteria_1805.jpeg,data/train/PNEUMONIA/person399_bacteria_1805.jpeg,856,568,L,train,PNEUMONIA,1.5070422535211268
person399_bacteria_1806.jpeg,data/train/PNEUMONIA/person399_bacteria_1806.jpeg,904,576,L,train,PNEUMONIA,1.5694444444444444
person399_virus_793.jpeg,data/train/PNEUMONIA/person399_virus_793.jpeg,1312,800,L,train,PNEUMONIA,1.64
person39_bacteria_198.jpeg,data/train/PNEUMONIA/person39_bacteria_198.jpeg,1136,704,L,train,PNEUMONIA,1.6136363636363635
person39_bacteria_200.jpeg,data/train/PNEUMONIA/person39_bacteria_200.jpeg,1136,768,L,train,PNEUMONIA,1.4791666666666667
person3_bacteria_10.jpeg,data/train/PNEUMONIA/person3_bacteria_10.jpeg,1248,1056,L,train,PNEUMONIA,1.1818181818181819
person3_bacteria_11.jpeg,data/train/PNEUMONIA/person3_bacteria_11.jpeg,1200,952,L,train,PNEUMONIA,1.2605042016806722
person3_bacteria_12.jpeg,data/train/PNEUMONIA/person3_bacteria_12.jpeg,1654,1345,L,train,PNEUMONIA,1.229739776951673
person3_bacteria_13.jpeg,data/train/PNEUMONIA/person3_bacteria_13.jpeg,1736,1265,L,train,PNEUMONIA,1.3723320158102768
person400_bacteria_1807.jpeg,data/train/PNEUMONIA/person400_bacteria_1807.jpeg,1234,813,L,train,PNEUMONIA,1.5178351783517836
person400_virus_794.jpeg,data/train/PNEUMONIA/person400_virus_794.jpeg,1344,888,L,train,PNEUMONIA,1.5135135135135136
person401_bacteria_1808.jpeg,data/train/PNEUMONIA/person401_bacteria_1808.jpeg,1426,967,L,train,PNEUMONIA,1.4746639089968976
person401_virus_795.jpeg,data/train/PNEUMONIA/person401_virus_795.jpeg,1424,1152,L,train,PNEUMONIA,1.2361111111111112
person401_virus_797.jpeg,data/train/PNEUMONIA/person401_virus_797.jpeg,1328,856,L,train,PNEUMONIA,1.5514018691588785
person401_virus_798.jpeg,data/train/PNEUMONIA/person401_virus_798.jpeg,1328,856,L,train,PNEUMONIA,1.5514018691588785
person402_bacteria_1809.jpeg,data/train/PNEUMONIA/person402_bacteria_1809.jpeg,848,496,L,train,PNEUMONIA,1.7096774193548387
person402_bacteria_1810.jpeg,data/train/PNEUMONIA/person402_bacteria_1810.jpeg,832,512,L,train,PNEUMONIA,1.625
person402_bacteria_1811.jpeg,data/train/PNEUMONIA/person402_bacteria_1811.jpeg,968,544,L,train,PNEUMONIA,1.7794117647058822
person402_bacteria_1812.jpeg,data/train/PNEUMONIA/person402_bacteria_1812.jpeg,896,584,L,train,PNEUMONIA,1.5342465753424657
person402_bacteria_1813.jpeg,data/train/PNEUMONIA/person402_bacteria_1813.jpeg,752,392,L,train,PNEUMONIA,1.9183673469387754
person402_virus_799.jpeg,data/train/PNEUMONIA/person402_virus_799.jpeg,1880,1584,L,train,PNEUMONIA,1.1868686868686869
person402_virus_801.jpeg,data/train/PNEUMONIA/person402_virus_801.jpeg,1872,1264,L,train,PNEUMONIA,1.481012658227848
person403_bacteria_1814.jpeg,data/train/PNEUMONIA/person403_bacteria_1814.jpeg,1640,920,L,train,PNEUMONIA,1.7826086956521738
person403_virus_803.jpeg,data/train/PNEUMONIA/person403_virus_803.jpeg,445,199,RGB,train,PNEUMONIA,2.236180904522613
person405_bacteria_1817.jpeg,data/train/PNEUMONIA/person405_bacteria_1817.jpeg,1416,1037,L,train,PNEUMONIA,1.365477338476374
person405_virus_805.jpeg,data/train/PNEUMONIA/person405_virus_805.jpeg,1328,872,L,train,PNEUMONIA,1.5229357798165137
person406_bacteria_1818.jpeg,data/train/PNEUMONIA/person406_bacteria_1818.jpeg,1328,1120,L,train,PNEUMONIA,1.1857142857142857
person406_bacteria_1819.jpeg,data/train/PNEUMONIA/person406_bacteria_1819.jpeg,1400,1112,L,train,PNEUMONIA,1.2589928057553956
person406_bacteria_1820.jpeg,data/train/PNEUMONIA/person406_bacteria_1820.jpeg,1328,1024,L,train,PNEUMONIA,1.296875
person407_bacteria_1822.jpeg,data/train/PNEUMONIA/person407_bacteria_1822.jpeg,1106,650,L,train,PNEUMONIA,1.7015384615384614
person407_virus_811.jpeg,data/train/PNEUMONIA/person407_virus_811.jpeg,384,127,RGB,train,PNEUMONIA,3.0236220472440944
person407_virus_812.jpeg,data/train/PNEUMONIA/person407_virus_812.jpeg,428,172,RGB,train,PNEUMONIA,2.488372093023256
person407_virus_814.jpeg,data/train/PNEUMONIA/person407_virus_814.jpeg,448,173,RGB,train,PNEUMONIA,2.5895953757225434
person408_bacteria_1823.jpeg,data/train/PNEUMONIA/person408_bacteria_1823.jpeg,1430,763,L,train,PNEUMONIA,1.874180865006553
person408_virus_815.jpeg,data/train/PNEUMONIA/person408_virus_815.jpeg,1312,864,L,train,PNEUMONIA,1.5185185185185186
person409_bacteria_1824.jpeg,data/train/PNEUMONIA/person409_bacteria_1824.jpeg,1582,1404,L,train,PNEUMONIA,1.1267806267806268
person409_virus_816.jpeg,data/train/PNEUMONIA/person409_virus_816.jpeg,1512,1032,L,train,PNEUMONIA,1.4651162790697674
person409_virus_818.jpeg,data/train/PNEUMONIA/person409_virus_818.jpeg,1504,1104,L,train,PNEUMONIA,1.3623188405797102
person409_virus_820.jpeg,data/train/PNEUMONIA/person409_virus_820.jpeg,1472,1216,L,train,PNEUMONIA,1.2105263157894737
person40_bacteria_202.jpeg,data/train/PNEUMONIA/person40_bacteria_202.jpeg,1216,960,L,train,PNEUMONIA,1.2666666666666666
person40_bacteria_203.jpeg,data/train/PNEUMONIA/person40_bacteria_203.jpeg,1240,1008,L,train,PNEUMONIA,1.2301587301587302
person40_bacteria_204.jpeg,data/train/PNEUMONIA/person40_bacteria_204.jpeg,1344,920,L,train,PNEUMONIA,1.4608695652173913
person40_bacteria_205.jpeg,data/train/PNEUMONIA/person40_bacteria_205.jpeg,1400,1032,L,train,PNEUMONIA,1.3565891472868217
person410_bacteria_1825.jpeg,data/train/PNEUMONIA/person410_bacteria_1825.jpeg,1106,774,L,train,PNEUMONIA,1.4289405684754521
person410_virus_821.jpeg,data/train/PNEUMONIA/person410_virus_821.jpeg,2088,1728,L,train,PNEUMONIA,1.2083333333333333
person411_bacteria_1826.jpeg,data/train/PNEUMONIA/person411_bacteria_1826.jpeg,1800,1261,L,train,PNEUMONIA,1.4274385408406027
person412_bacteria_1827.jpeg,data/train/PNEUMONIA/person412_bacteria_1827.jpeg,1428,884,L,train,PNEUMONIA,1.6153846153846154
person413_bacteria_1828.jpeg,data/train/PNEUMONIA/person413_bacteria_1828.jpeg,1232,952,L,train,PNEUMONIA,1.2941176470588236
person413_bacteria_1829.jpeg,data/train/PNEUMONIA/person413_bacteria_1829.jpeg,1144,688,L,train,PNEUMONIA,1.6627906976744187
person413_bacteria_1830.jpeg,data/train/PNEUMONIA/person413_bacteria_1830.jpeg,1232,952,L,train,PNEUMONIA,1.2941176470588236
person413_bacteria_1831.jpeg,data/train/PNEUMONIA/person413_bacteria_1831.jpeg,1128,944,L,train,PNEUMONIA,1.194915254237288
person413_bacteria_1832.jpeg,data/train/PNEUMONIA/person413_bacteria_1832.jpeg,1184,1040,L,train,PNEUMONIA,1.1384615384615384
person413_bacteria_1833.jpeg,data/train/PNEUMONIA/person413_bacteria_1833.jpeg,1192,976,L,train,PNEUMONIA,1.221311475409836
person413_bacteria_1834.jpeg,data/train/PNEUMONIA/person413_bacteria_1834.jpeg,1168,944,L,train,PNEUMONIA,1.2372881355932204
person413_virus_844.jpeg,data/train/PNEUMONIA/person413_virus_844.jpeg,1280,863,L,train,PNEUMONIA,1.4831981460023176
person414_bacteria_1835.jpeg,data/train/PNEUMONIA/person414_bacteria_1835.jpeg,1534,1264,L,train,PNEUMONIA,1.2136075949367089
person414_virus_845.jpeg,data/train/PNEUMONIA/person414_virus_845.jpeg,577,260,RGB,train,PNEUMONIA,2.2192307692307693
person415_bacteria_1837.jpeg,data/train/PNEUMONIA/person415_bacteria_1837.jpeg,840,600,L,train,PNEUMONIA,1.4
person415_bacteria_1838.jpeg,data/train/PNEUMONIA/person415_bacteria_1838.jpeg,840,464,L,train,PNEUMONIA,1.8103448275862069
person415_bacteria_1839.jpeg,data/train/PNEUMONIA/person415_bacteria_1839.jpeg,1072,664,L,train,PNEUMONIA,1.6144578313253013
person415_virus_847.jpeg,data/train/PNEUMONIA/person415_virus_847.jpeg,1408,968,L,train,PNEUMONIA,1.4545454545454546
person416_bacteria_1840.jpeg,data/train/PNEUMONIA/person416_bacteria_1840.jpeg,1334,1075,L,train,PNEUMONIA,1.2409302325581395
person416_virus_849.jpeg,data/train/PNEUMONIA/person416_virus_849.jpeg,1282,747,L,train,PNEUMONIA,1.71619812583668
person417_bacteria_1841.jpeg,data/train/PNEUMONIA/person417_bacteria_1841.jpeg,1400,1224,L,train,PNEUMONIA,1.1437908496732025
person417_bacteria_1842.jpeg,data/train/PNEUMONIA/person417_bacteria_1842.jpeg,1424,1184,L,train,PNEUMONIA,1.2027027027027026
person417_virus_850.jpeg,data/train/PNEUMONIA/person417_virus_850.jpeg,1352,948,L,train,PNEUMONIA,1.4261603375527425
person418_bacteria_1843.jpeg,data/train/PNEUMONIA/person418_bacteria_1843.jpeg,1376,936,L,train,PNEUMONIA,1.4700854700854702
person418_virus_852.jpeg,data/train/PNEUMONIA/person418_virus_852.jpeg,1230,936,L,train,PNEUMONIA,1.314102564102564
person419_bacteria_1844.jpeg,data/train/PNEUMONIA/person419_bacteria_1844.jpeg,992,776,L,train,PNEUMONIA,1.2783505154639174
person419_bacteria_1845.jpeg,data/train/PNEUMONIA/person419_bacteria_1845.jpeg,1264,856,L,train,PNEUMONIA,1.4766355140186915
person419_virus_855.jpeg,data/train/PNEUMONIA/person419_virus_855.jpeg,1896,1752,L,train,PNEUMONIA,1.082191780821918
person419_virus_857.jpeg,data/train/PNEUMONIA/person419_virus_857.jpeg,1912,1928,L,train,PNEUMONIA,0.991701244813278
person419_virus_859.jpeg,data/train/PNEUMONIA/person419_virus_859.jpeg,2080,2032,L,train,PNEUMONIA,1.0236220472440944
person419_virus_861.jpeg,data/train/PNEUMONIA/person419_virus_861.jpeg,1880,1592,L,train,PNEUMONIA,1.1809045226130652
person41_bacteria_206.jpeg,data/train/PNEUMONIA/person41_bacteria_206.jpeg,936,720,L,train,PNEUMONIA,1.3
person41_bacteria_207.jpeg,data/train/PNEUMONIA/person41_bacteria_207.jpeg,1072,680,L,train,PNEUMONIA,1.576470588235294
person41_bacteria_208.jpeg,data/train/PNEUMONIA/person41_bacteria_208.jpeg,1144,720,L,train,PNEUMONIA,1.5888888888888888
person41_bacteria_209.jpeg,data/train/PNEUMONIA/person41_bacteria_209.jpeg,824,568,L,train,PNEUMONIA,1.4507042253521127
person41_bacteria_210.jpeg,data/train/PNEUMONIA/person41_bacteria_210.jpeg,1072,648,L,train,PNEUMONIA,1.654320987654321
person41_bacteria_211.jpeg,data/train/PNEUMONIA/person41_bacteria_211.jpeg,1244,658,L,train,PNEUMONIA,1.8905775075987843
person420_bacteria_1847.jpeg,data/train/PNEUMONIA/person420_bacteria_1847.jpeg,1040,760,L,train,PNEUMONIA,1.368421052631579
person420_bacteria_1848.jpeg,data/train/PNEUMONIA/person420_bacteria_1848.jpeg,1000,712,L,train,PNEUMONIA,1.404494382022472
person420_bacteria_1849.jpeg,data/train/PNEUMONIA/person420_bacteria_1849.jpeg,960,624,L,train,PNEUMONIA,1.5384615384615385
person420_bacteria_1850.jpeg,data/train/PNEUMONIA/person420_bacteria_1850.jpeg,1000,640,L,train,PNEUMONIA,1.5625
person420_bacteria_1851.jpeg,data/train/PNEUMONIA/person420_bacteria_1851.jpeg,904,568,L,train,PNEUMONIA,1.591549295774648
person421_bacteria_1852.jpeg,data/train/PNEUMONIA/person421_bacteria_1852.jpeg,1074,708,L,train,PNEUMONIA,1.5169491525423728
person421_virus_866.jpeg,data/train/PNEUMONIA/person421_virus_866.jpeg,452,180,RGB,train,PNEUMONIA,2.511111111111111
person422_bacteria_1853.jpeg,data/train/PNEUMONIA/person422_bacteria_1853.jpeg,1214,851,L,train,PNEUMONIA,1.426556991774383
person422_virus_867.jpeg,data/train/PNEUMONIA/person422_virus_867.jpeg,479,211,RGB,train,PNEUMONIA,2.2701421800947865
person422_virus_868.jpeg,data/train/PNEUMONIA/person422_virus_868.jpeg,507,244,RGB,train,PNEUMONIA,2.0778688524590163
person423_bacteria_1854.jpeg,data/train/PNEUMONIA/person423_bacteria_1854.jpeg,1088,824,L,train,PNEUMONIA,1.3203883495145632
person423_bacteria_1855.jpeg,data/train/PNEUMONIA/person423_bacteria_1855.jpeg,1088,728,L,train,PNEUMONIA,1.4945054945054945
person423_bacteria_1856.jpeg,data/train/PNEUMONIA/person423_bacteria_1856.jpeg,1072,696,L,train,PNEUMONIA,1.5402298850574712
person423_bacteria_1857.jpeg,data/train/PNEUMONIA/person423_bacteria_1857.jpeg,1024,824,L,train,PNEUMONIA,1.2427184466019416
person423_bacteria_1858.jpeg,data/train/PNEUMONIA/person423_bacteria_1858.jpeg,1128,736,L,train,PNEUMONIA,1.5326086956521738
person423_virus_869.jpeg,data/train/PNEUMONIA/person423_virus_869.jpeg,1384,959,L,train,PNEUMONIA,1.443169968717414
person424_bacteria_1859.jpeg,data/train/PNEUMONIA/person424_bacteria_1859.jpeg,1456,1032,L,train,PNEUMONIA,1.4108527131782946
person425_bacteria_1860.jpeg,data/train/PNEUMONIA/person425_bacteria_1860.jpeg,1262,849,L,train,PNEUMONIA,1.486454652532391
person425_virus_871.jpeg,data/train/PNEUMONIA/person425_virus_871.jpeg,2080,1680,L,train,PNEUMONIA,1.2380952380952381
person426_bacteria_1861.jpeg,data/train/PNEUMONIA/person426_bacteria_1861.jpeg,1392,1240,L,train,PNEUMONIA,1.1225806451612903
person426_bacteria_1862.jpeg,data/train/PNEUMONIA/person426_bacteria_1862.jpeg,1272,1032,L,train,PNEUMONIA,1.2325581395348837
person426_bacteria_1863.jpeg,data/train/PNEUMONIA/person426_bacteria_1863.jpeg,1248,976,L,train,PNEUMONIA,1.278688524590164
person426_virus_873.jpeg,data/train/PNEUMONIA/person426_virus_873.jpeg,508,206,RGB,train,PNEUMONIA,2.466019417475728
person427_bacteria_1864.jpeg,data/train/PNEUMONIA/person427_bacteria_1864.jpeg,984,576,L,train,PNEUMONIA,1.7083333333333333
person427_bacteria_1865.jpeg,data/train/PNEUMONIA/person427_bacteria_1865.jpeg,1008,704,L,train,PNEUMONIA,1.4318181818181819
person427_bacteria_1866.jpeg,data/train/PNEUMONIA/person427_bacteria_1866.jpeg,976,624,L,train,PNEUMONIA,1.564102564102564
person427_bacteria_1867.jpeg,data/train/PNEUMONIA/person427_bacteria_1867.jpeg,1000,688,L,train,PNEUMONIA,1.4534883720930232
person427_bacteria_1868.jpeg,data/train/PNEUMONIA/person427_bacteria_1868.jpeg,968,568,L,train,PNEUMONIA,1.704225352112676
person427_virus_875.jpeg,data/train/PNEUMONIA/person427_virus_875.jpeg,1298,763,L,train,PNEUMONIA,1.7011795543905637
person428_bacteria_1869.jpeg,data/train/PNEUMONIA/person428_bacteria_1869.jpeg,1330,855,L,train,PNEUMONIA,1.5555555555555556
person428_virus_876.jpeg,data/train/PNEUMONIA/person428_virus_876.jpeg,1352,890,L,train,PNEUMONIA,1.5191011235955056
person429_bacteria_1870.jpeg,data/train/PNEUMONIA/person429_bacteria_1870.jpeg,1096,808,L,train,PNEUMONIA,1.3564356435643565
person429_virus_877.jpeg,data/train/PNEUMONIA/person429_virus_877.jpeg,1604,1044,L,train,PNEUMONIA,1.5363984674329503
person430_bacteria_1871.jpeg,data/train/PNEUMONIA/person430_bacteria_1871.jpeg,1198,990,L,train,PNEUMONIA,1.2101010101010101
person430_virus_879.jpeg,data/train/PNEUMONIA/person430_virus_879.jpeg,1008,670,RGB,train,PNEUMONIA,1.5044776119402985
person431_bacteria_1872.jpeg,data/train/PNEUMONIA/person431_bacteria_1872.jpeg,1102,755,L,train,PNEUMONIA,1.4596026490066225
person431_virus_880.jpeg,data/train/PNEUMONIA/person431_virus_880.jpeg,1236,709,L,train,PNEUMONIA,1.7433004231311706
person432_virus_881.jpeg,data/train/PNEUMONIA/person432_virus_881.jpeg,1260,948,L,train,PNEUMONIA,1.3291139240506329
person433_bacteria_1874.jpeg,data/train/PNEUMONIA/person433_bacteria_1874.jpeg,928,576,L,train,PNEUMONIA,1.6111111111111112
person433_bacteria_1875.jpeg,data/train/PNEUMONIA/person433_bacteria_1875.jpeg,1032,576,L,train,PNEUMONIA,1.7916666666666667
person433_bacteria_1876.jpeg,data/train/PNEUMONIA/person433_bacteria_1876.jpeg,1040,528,L,train,PNEUMONIA,1.9696969696969697
person433_virus_882.jpeg,data/train/PNEUMONIA/person433_virus_882.jpeg,812,678,RGB,train,PNEUMONIA,1.1976401179941003
person434_bacteria_1877.jpeg,data/train/PNEUMONIA/person434_bacteria_1877.jpeg,904,704,L,train,PNEUMONIA,1.2840909090909092
person434_virus_883.jpeg,data/train/PNEUMONIA/person434_virus_883.jpeg,1456,1288,L,train,PNEUMONIA,1.1304347826086956
person434_virus_884.jpeg,data/train/PNEUMONIA/person434_virus_884.jpeg,851,704,RGB,train,PNEUMONIA,1.2088068181818181
person435_bacteria_1879.jpeg,data/train/PNEUMONIA/person435_bacteria_1879.jpeg,1032,600,L,train,PNEUMONIA,1.72
person435_virus_885.jpeg,data/train/PNEUMONIA/person435_virus_885.jpeg,1400,890,L,train,PNEUMONIA,1.5730337078651686
person436_bacteria_1883.jpeg,data/train/PNEUMONIA/person436_bacteria_1883.jpeg,1508,1241,L,train,PNEUMONIA,1.2151490733279613
person436_virus_886.jpeg,data/train/PNEUMONIA/person436_virus_886.jpeg,1118,708,L,train,PNEUMONIA,1.57909604519774
person437_bacteria_1884.jpeg,data/train/PNEUMONIA/person437_bacteria_1884.jpeg,976,656,L,train,PNEUMONIA,1.4878048780487805
person437_bacteria_1885.jpeg,data/train/PNEUMONIA/person437_bacteria_1885.jpeg,1072,832,L,train,PNEUMONIA,1.2884615384615385
person437_bacteria_1886.jpeg,data/train/PNEUMONIA/person437_bacteria_1886.jpeg,1224,784,L,train,PNEUMONIA,1.5612244897959184
person437_bacteria_1887.jpeg,data/train/PNEUMONIA/person437_bacteria_1887.jpeg,1008,608,L,train,PNEUMONIA,1.6578947368421053
person437_bacteria_1888.jpeg,data/train/PNEUMONIA/person437_bacteria_1888.jpeg,1144,808,L,train,PNEUMONIA,1.4158415841584158
person437_virus_888.jpeg,data/train/PNEUMONIA/person437_virus_888.jpeg,791,524,RGB,train,PNEUMONIA,1.5095419847328244
person438_bacteria_1889.jpeg,data/train/PNEUMONIA/person438_bacteria_1889.jpeg,832,632,L,train,PNEUMONIA,1.3164556962025316
person438_bacteria_1890.jpeg,data/train/PNEUMONIA/person438_bacteria_1890.jpeg,1016,672,L,train,PNEUMONIA,1.5119047619047619
person438_bacteria_1891.jpeg,data/train/PNEUMONIA/person438_bacteria_1891.jpeg,928,520,L,train,PNEUMONIA,1.7846153846153847
person438_bacteria_1892.jpeg,data/train/PNEUMONIA/person438_bacteria_1892.jpeg,896,624,L,train,PNEUMONIA,1.435897435897436
person438_bacteria_1893.jpeg,data/train/PNEUMONIA/person438_bacteria_1893.jpeg,832,672,L,train,PNEUMONIA,1.2380952380952381
person438_virus_889.jpeg,data/train/PNEUMONIA/person438_virus_889.jpeg,1310,786,L,train,PNEUMONIA,1.6666666666666667
person439_bacteria_1895.jpeg,data/train/PNEUMONIA/person439_bacteria_1895.jpeg,1096,832,L,train,PNEUMONIA,1.3173076923076923
person439_virus_890.jpeg,data/train/PNEUMONIA/person439_virus_890.jpeg,936,648,L,train,PNEUMONIA,1.4444444444444444
person439_virus_891.jpeg,data/train/PNEUMONIA/person439_virus_891.jpeg,1224,712,L,train,PNEUMONIA,1.7191011235955056
person43_bacteria_213.jpeg,data/train/PNEUMONIA/person43_bacteria_213.jpeg,1216,736,L,train,PNEUMONIA,1.6521739130434783
person43_bacteria_216.jpeg,data/train/PNEUMONIA/person43_bacteria_216.jpeg,1232,744,L,train,PNEUMONIA,1.6559139784946237
person440_bacteria_1897.jpeg,data/train/PNEUMONIA/person440_bacteria_1897.jpeg,1072,752,L,train,PNEUMONIA,1.425531914893617
person440_bacteria_1898.jpeg,data/train/PNEUMONIA/person440_bacteria_1898.jpeg,1016,816,L,train,PNEUMONIA,1.2450980392156863
person440_virus_893.jpeg,data/train/PNEUMONIA/person440_virus_893.jpeg,1168,840,L,train,PNEUMONIA,1.3904761904761904
person441_bacteria_1900.jpeg,data/train/PNEUMONIA/person441_bacteria_1900.jpeg,920,608,L,train,PNEUMONIA,1.513157894736842
person441_bacteria_1902.jpeg,data/train/PNEUMONIA/person441_bacteria_1902.jpeg,888,664,L,train,PNEUMONIA,1.3373493975903614
person441_bacteria_1903.jpeg,data/train/PNEUMONIA/person441_bacteria_1903.jpeg,928,672,L,train,PNEUMONIA,1.380952380952381
person441_bacteria_1904.jpeg,data/train/PNEUMONIA/person441_bacteria_1904.jpeg,896,544,L,train,PNEUMONIA,1.6470588235294117
person441_bacteria_1905.jpeg,data/train/PNEUMONIA/person441_bacteria_1905.jpeg,944,656,L,train,PNEUMONIA,1.4390243902439024
person441_bacteria_1907.jpeg,data/train/PNEUMONIA/person441_bacteria_1907.jpeg,832,584,L,train,PNEUMONIA,1.4246575342465753
person441_bacteria_1910.jpeg,data/train/PNEUMONIA/person441_bacteria_1910.jpeg,864,640,L,train,PNEUMONIA,1.35
person441_bacteria_1911.jpeg,data/train/PNEUMONIA/person441_bacteria_1911.jpeg,832,592,L,train,PNEUMONIA,1.4054054054054055
person441_bacteria_1912.jpeg,data/train/PNEUMONIA/person441_bacteria_1912.jpeg,824,560,L,train,PNEUMONIA,1.4714285714285715
person441_bacteria_1914.jpeg,data/train/PNEUMONIA/person441_bacteria_1914.jpeg,936,616,L,train,PNEUMONIA,1.5194805194805194
person441_bacteria_1915.jpeg,data/train/PNEUMONIA/person441_bacteria_1915.jpeg,872,656,L,train,PNEUMONIA,1.329268292682927
person441_bacteria_1916.jpeg,data/train/PNEUMONIA/person441_bacteria_1916.jpeg,904,672,L,train,PNEUMONIA,1.3452380952380953
person441_bacteria_1917.jpeg,data/train/PNEUMONIA/person441_bacteria_1917.jpeg,904,712,L,train,PNEUMONIA,1.2696629213483146
person441_bacteria_1918.jpeg,data/train/PNEUMONIA/person441_bacteria_1918.jpeg,928,568,L,train,PNEUMONIA,1.6338028169014085
person441_virus_894.jpeg,data/train/PNEUMONIA/person441_virus_894.jpeg,1562,1051,L,train,PNEUMONIA,1.4862036156041865
person441_virus_895.jpeg,data/train/PNEUMONIA/person441_virus_895.jpeg,1328,712,L,train,PNEUMONIA,1.8651685393258426
person441_virus_896.jpeg,data/train/PNEUMONIA/person441_virus_896.jpeg,1336,888,L,train,PNEUMONIA,1.5045045045045045
person441_virus_897.jpeg,data/train/PNEUMONIA/person441_virus_897.jpeg,738,543,RGB,train,PNEUMONIA,1.3591160220994476
person442_virus_898.jpeg,data/train/PNEUMONIA/person442_virus_898.jpeg,960,536,L,train,PNEUMONIA,1.791044776119403
person442_virus_899.jpeg,data/train/PNEUMONIA/person442_virus_899.jpeg,1072,744,L,train,PNEUMONIA,1.4408602150537635
person442_virus_900.jpeg,data/train/PNEUMONIA/person442_virus_900.jpeg,976,720,L,train,PNEUMONIA,1.3555555555555556
person442_virus_901.jpeg,data/train/PNEUMONIA/person442_virus_901.jpeg,1120,736,L,train,PNEUMONIA,1.5217391304347827
person442_virus_902.jpeg,data/train/PNEUMONIA/person442_virus_902.jpeg,976,632,L,train,PNEUMONIA,1.5443037974683544
person442_virus_903.jpeg,data/train/PNEUMONIA/person442_virus_903.jpeg,1000,680,L,train,PNEUMONIA,1.4705882352941178
person442_virus_904.jpeg,data/train/PNEUMONIA/person442_virus_904.jpeg,1072,624,L,train,PNEUMONIA,1.7179487179487178
person442_virus_905.jpeg,data/train/PNEUMONIA/person442_virus_905.jpeg,1144,672,L,train,PNEUMONIA,1.7023809523809523
person442_virus_906.jpeg,data/train/PNEUMONIA/person442_virus_906.jpeg,944,560,L,train,PNEUMONIA,1.6857142857142857
person443_bacteria_1923.jpeg,data/train/PNEUMONIA/person443_bacteria_1923.jpeg,1144,1072,L,train,PNEUMONIA,1.0671641791044777
person443_bacteria_1924.jpeg,data/train/PNEUMONIA/person443_bacteria_1924.jpeg,1424,1056,L,train,PNEUMONIA,1.3484848484848484
person443_bacteria_1926.jpeg,data/train/PNEUMONIA/person443_bacteria_1926.jpeg,1136,872,L,train,PNEUMONIA,1.3027522935779816
person443_virus_908.jpeg,data/train/PNEUMONIA/person443_virus_908.jpeg,1056,619,RGB,train,PNEUMONIA,1.7059773828756057
person444_bacteria_1927.jpeg,data/train/PNEUMONIA/person444_bacteria_1927.jpeg,1272,1145,L,train,PNEUMONIA,1.1109170305676856
person444_virus_911.jpeg,data/train/PNEUMONIA/person444_virus_911.jpeg,1360,816,L,train,PNEUMONIA,1.6666666666666667
person445_bacteria_1928.jpeg,data/train/PNEUMONIA/person445_bacteria_1928.jpeg,856,496,L,train,PNEUMONIA,1.7258064516129032
person445_bacteria_1929.jpeg,data/train/PNEUMONIA/person445_bacteria_1929.jpeg,872,584,L,train,PNEUMONIA,1.4931506849315068
person445_bacteria_1930.jpeg,data/train/PNEUMONIA/person445_bacteria_1930.jpeg,888,536,L,train,PNEUMONIA,1.6567164179104477
person445_virus_912.jpeg,data/train/PNEUMONIA/person445_virus_912.jpeg,1870,1287,L,train,PNEUMONIA,1.452991452991453
person445_virus_913.jpeg,data/train/PNEUMONIA/person445_virus_913.jpeg,2052,1361,L,train,PNEUMONIA,1.5077149155033065
person445_virus_914.jpeg,data/train/PNEUMONIA/person445_virus_914.jpeg,1744,1200,L,train,PNEUMONIA,1.4533333333333334
person445_virus_915.jpeg,data/train/PNEUMONIA/person445_virus_915.jpeg,1552,1224,L,train,PNEUMONIA,1.2679738562091503
person445_virus_916.jpeg,data/train/PNEUMONIA/person445_virus_916.jpeg,1560,1272,L,train,PNEUMONIA,1.2264150943396226
person445_virus_917.jpeg,data/train/PNEUMONIA/person445_virus_917.jpeg,1640,936,L,train,PNEUMONIA,1.7521367521367521
person445_virus_918.jpeg,data/train/PNEUMONIA/person445_virus_918.jpeg,1640,936,L,train,PNEUMONIA,1.7521367521367521
person445_virus_919.jpeg,data/train/PNEUMONIA/person445_virus_919.jpeg,1760,1168,L,train,PNEUMONIA,1.5068493150684932
person446_bacteria_1931.jpeg,data/train/PNEUMONIA/person446_bacteria_1931.jpeg,1176,856,L,train,PNEUMONIA,1.3738317757009346
person446_virus_920.jpeg,data/train/PNEUMONIA/person446_virus_920.jpeg,1238,635,L,train,PNEUMONIA,1.9496062992125984
person447_bacteria_1932.jpeg,data/train/PNEUMONIA/person447_bacteria_1932.jpeg,1562,1284,L,train,PNEUMONIA,1.2165109034267914
person447_virus_921.jpeg,data/train/PNEUMONIA/person447_virus_921.jpeg,1230,840,L,train,PNEUMONIA,1.4642857142857142
person447_virus_921_1.jpeg,data/train/PNEUMONIA/person447_virus_921_1.jpeg,990,528,RGB,train,PNEUMONIA,1.875
person448_bacteria_1933.jpeg,data/train/PNEUMONIA/person448_bacteria_1933.jpeg,1104,792,L,train,PNEUMONIA,1.393939393939394
person448_bacteria_1934.jpeg,data/train/PNEUMONIA/person448_bacteria_1934.jpeg,1096,784,L,train,PNEUMONIA,1.3979591836734695
person448_bacteria_1935.jpeg,data/train/PNEUMONIA/person448_bacteria_1935.jpeg,1112,824,L,train,PNEUMONIA,1.3495145631067962
person448_bacteria_1936.jpeg,data/train/PNEUMONIA/person448_bacteria_1936.jpeg,1080,768,L,train,PNEUMONIA,1.40625
person448_bacteria_1937.jpeg,data/train/PNEUMONIA/person448_bacteria_1937.jpeg,1208,896,L,train,PNEUMONIA,1.3482142857142858
person448_virus_922.jpeg,data/train/PNEUMONIA/person448_virus_922.jpeg,1284,832,L,train,PNEUMONIA,1.5432692307692308
person449_bacteria_1938.jpeg,data/train/PNEUMONIA/person449_bacteria_1938.jpeg,896,560,L,train,PNEUMONIA,1.6
person449_bacteria_1939.jpeg,data/train/PNEUMONIA/person449_bacteria_1939.jpeg,1048,648,L,train,PNEUMONIA,1.617283950617284
person449_bacteria_1940.jpeg,data/train/PNEUMONIA/person449_bacteria_1940.jpeg,888,536,L,train,PNEUMONIA,1.6567164179104477
person44_bacteria_218.jpeg,data/train/PNEUMONIA/person44_bacteria_218.jpeg,1696,1272,L,train,PNEUMONIA,1.3333333333333333
person44_bacteria_219.jpeg,data/train/PNEUMONIA/person44_bacteria_219.jpeg,1680,1328,L,train,PNEUMONIA,1.2650602409638554
person450_bacteria_1941.jpeg,data/train/PNEUMONIA/person450_bacteria_1941.jpeg,1126,851,L,train,PNEUMONIA,1.3231492361927144
person450_virus_931.jpeg,data/train/PNEUMONIA/person450_virus_931.jpeg,1460,1067,L,train,PNEUMONIA,1.3683223992502342
person451_bacteria_1942.jpeg,data/train/PNEUMONIA/person451_bacteria_1942.jpeg,1206,878,L,train,PNEUMONIA,1.3735763097949887
person451_virus_932.jpeg,data/train/PNEUMONIA/person451_virus_932.jpeg,1372,897,L,train,PNEUMONIA,1.5295429208472686
person452_bacteria_1943.jpeg,data/train/PNEUMONIA/person452_bacteria_1943.jpeg,1256,767,L,train,PNEUMONIA,1.63754889178618
person453_virus_935.jpeg,data/train/PNEUMONIA/person453_virus_935.jpeg,2273,1505,L,train,PNEUMONIA,1.5102990033222592
person453_virus_936.jpeg,data/train/PNEUMONIA/person453_virus_936.jpeg,1504,936,L,train,PNEUMONIA,1.606837606837607
person454_bacteria_1945.jpeg,data/train/PNEUMONIA/person454_bacteria_1945.jpeg,1026,573,L,train,PNEUMONIA,1.7905759162303665
person454_virus_938.jpeg,data/train/PNEUMONIA/person454_virus_938.jpeg,1953,1692,L,train,PNEUMONIA,1.1542553191489362
person455_bacteria_1947.jpeg,data/train/PNEUMONIA/person455_bacteria_1947.jpeg,1024,680,L,train,PNEUMONIA,1.5058823529411764
person456_bacteria_1948.jpeg,data/train/PNEUMONIA/person456_bacteria_1948.jpeg,1040,760,L,train,PNEUMONIA,1.368421052631579
person456_virus_943.jpeg,data/train/PNEUMONIA/person456_virus_943.jpeg,1048,604,L,train,PNEUMONIA,1.7350993377483444
person457_bacteria_1949.jpeg,data/train/PNEUMONIA/person457_bacteria_1949.jpeg,1697,1519,L,train,PNEUMONIA,1.1171823568136932
person457_virus_944.jpeg,data/train/PNEUMONIA/person457_virus_944.jpeg,1023,719,RGB,train,PNEUMONIA,1.4228094575799721
person458_bacteria_1950.jpeg,data/train/PNEUMONIA/person458_bacteria_1950.jpeg,1016,720,L,train,PNEUMONIA,1.4111111111111112
person458_bacteria_1951.jpeg,data/train/PNEUMONIA/person458_bacteria_1951.jpeg,816,616,L,train,PNEUMONIA,1.3246753246753247
person458_bacteria_1952.jpeg,data/train/PNEUMONIA/person458_bacteria_1952.jpeg,896,680,L,train,PNEUMONIA,1.3176470588235294
person458_bacteria_1953.jpeg,data/train/PNEUMONIA/person458_bacteria_1953.jpeg,936,728,L,train,PNEUMONIA,1.2857142857142858
person458_bacteria_1954.jpeg,data/train/PNEUMONIA/person458_bacteria_1954.jpeg,824,712,L,train,PNEUMONIA,1.1573033707865168
person458_bacteria_1955.jpeg,data/train/PNEUMONIA/person458_bacteria_1955.jpeg,888,504,L,train,PNEUMONIA,1.7619047619047619
person458_virus_945.jpeg,data/train/PNEUMONIA/person458_virus_945.jpeg,2051,1417,L,train,PNEUMONIA,1.44742413549753
person459_bacteria_1956.jpeg,data/train/PNEUMONIA/person459_bacteria_1956.jpeg,1016,680,L,train,PNEUMONIA,1.4941176470588236
person459_bacteria_1957.jpeg,data/train/PNEUMONIA/person459_bacteria_1957.jpeg,1288,888,L,train,PNEUMONIA,1.4504504504504505
person459_virus_947.jpeg,data/train/PNEUMONIA/person459_virus_947.jpeg,2022,1577,L,train,PNEUMONIA,1.2821813570069753
person45_bacteria_220.jpeg,data/train/PNEUMONIA/person45_bacteria_220.jpeg,712,464,L,train,PNEUMONIA,1.5344827586206897
person45_bacteria_221.jpeg,data/train/PNEUMONIA/person45_bacteria_221.jpeg,808,488,L,train,PNEUMONIA,1.6557377049180328
person45_bacteria_222.jpeg,data/train/PNEUMONIA/person45_bacteria_222.jpeg,1040,615,L,train,PNEUMONIA,1.6910569105691058
person460_bacteria_1958.jpeg,data/train/PNEUMONIA/person460_bacteria_1958.jpeg,1184,824,L,train,PNEUMONIA,1.4368932038834952
person460_virus_948.jpeg,data/train/PNEUMONIA/person460_virus_948.jpeg,1376,968,L,train,PNEUMONIA,1.421487603305785
person461_bacteria_1960.jpeg,data/train/PNEUMONIA/person461_bacteria_1960.jpeg,1449,1140,L,train,PNEUMONIA,1.2710526315789474
person461_virus_949.jpeg,data/train/PNEUMONIA/person461_virus_949.jpeg,863,574,RGB,train,PNEUMONIA,1.5034843205574913
person461_virus_950.jpeg,data/train/PNEUMONIA/person461_virus_950.jpeg,1008,696,L,train,PNEUMONIA,1.4482758620689655
person462_bacteria_1961.jpeg,data/train/PNEUMONIA/person462_bacteria_1961.jpeg,896,616,L,train,PNEUMONIA,1.4545454545454546
person462_bacteria_1963.jpeg,data/train/PNEUMONIA/person462_bacteria_1963.jpeg,960,544,L,train,PNEUMONIA,1.7647058823529411
person462_bacteria_1967.jpeg,data/train/PNEUMONIA/person462_bacteria_1967.jpeg,904,584,L,train,PNEUMONIA,1.547945205479452
person462_bacteria_1968.jpeg,data/train/PNEUMONIA/person462_bacteria_1968.jpeg,1092,736,L,train,PNEUMONIA,1.483695652173913
person462_virus_951.jpeg,data/train/PNEUMONIA/person462_virus_951.jpeg,2126,1226,L,train,PNEUMONIA,1.734094616639478
person463_bacteria_1971.jpeg,data/train/PNEUMONIA/person463_bacteria_1971.jpeg,944,616,L,train,PNEUMONIA,1.5324675324675325
person463_virus_952.jpeg,data/train/PNEUMONIA/person463_virus_952.jpeg,1248,736,L,train,PNEUMONIA,1.6956521739130435
person463_virus_953.jpeg,data/train/PNEUMONIA/person463_virus_953.jpeg,1306,844,L,train,PNEUMONIA,1.54739336492891
person464_bacteria_1974.jpeg,data/train/PNEUMONIA/person464_bacteria_1974.jpeg,1312,816,L,train,PNEUMONIA,1.607843137254902
person464_bacteria_1975.jpeg,data/train/PNEUMONIA/person464_bacteria_1975.jpeg,1384,1102,L,train,PNEUMONIA,1.2558983666061705
person464_virus_954.jpeg,data/train/PNEUMONIA/person464_virus_954.jpeg,819,519,RGB,train,PNEUMONIA,1.5780346820809248
person464_virus_956.jpeg,data/train/PNEUMONIA/person464_virus_956.jpeg,944,631,RGB,train,PNEUMONIA,1.496038034865293
person465_bacteria_1976.jpeg,data/train/PNEUMONIA/person465_bacteria_1976.jpeg,1096,896,L,train,PNEUMONIA,1.2232142857142858
person465_bacteria_1977.jpeg,data/train/PNEUMONIA/person465_bacteria_1977.jpeg,1000,672,L,train,PNEUMONIA,1.4880952380952381
person465_bacteria_1979.jpeg,data/train/PNEUMONIA/person465_bacteria_1979.jpeg,1112,704,L,train,PNEUMONIA,1.5795454545454546
person465_bacteria_1980.jpeg,data/train/PNEUMONIA/person465_bacteria_1980.jpeg,1080,584,L,train,PNEUMONIA,1.8493150684931507
person465_bacteria_1981.jpeg,data/train/PNEUMONIA/person465_bacteria_1981.jpeg,1008,584,L,train,PNEUMONIA,1.726027397260274
person465_bacteria_1982.jpeg,data/train/PNEUMONIA/person465_bacteria_1982.jpeg,1329,810,L,train,PNEUMONIA,1.6407407407407408
person465_virus_957.jpeg,data/train/PNEUMONIA/person465_virus_957.jpeg,1488,893,L,train,PNEUMONIA,1.6662933930571109
person466_bacteria_1983.jpeg,data/train/PNEUMONIA/person466_bacteria_1983.jpeg,742,473,RGB,train,PNEUMONIA,1.5687103594080338
person466_bacteria_1984.jpeg,data/train/PNEUMONIA/person466_bacteria_1984.jpeg,650,378,RGB,train,PNEUMONIA,1.7195767195767195
person466_bacteria_1986.jpeg,data/train/PNEUMONIA/person466_bacteria_1986.jpeg,1008,680,L,train,PNEUMONIA,1.4823529411764707
person466_bacteria_1987.jpeg,data/train/PNEUMONIA/person466_bacteria_1987.jpeg,958,744,L,train,PNEUMONIA,1.2876344086021505
person466_virus_960.jpeg,data/train/PNEUMONIA/person466_virus_960.jpeg,1084,717,RGB,train,PNEUMONIA,1.511854951185495
person467_bacteria_1988.jpeg,data/train/PNEUMONIA/person467_bacteria_1988.jpeg,1160,816,L,train,PNEUMONIA,1.4215686274509804
person467_bacteria_1989.jpeg,data/train/PNEUMONIA/person467_bacteria_1989.jpeg,1120,704,L,train,PNEUMONIA,1.5909090909090908
person467_virus_961.jpeg,data/train/PNEUMONIA/person467_virus_961.jpeg,2309,1915,L,train,PNEUMONIA,1.2057441253263708
person468_bacteria_1990.jpeg,data/train/PNEUMONIA/person468_bacteria_1990.jpeg,1144,792,L,train,PNEUMONIA,1.4444444444444444
person468_bacteria_1991.jpeg,data/train/PNEUMONIA/person468_bacteria_1991.jpeg,1526,1001,L,train,PNEUMONIA,1.5244755244755244
person468_virus_963.jpeg,data/train/PNEUMONIA/person468_virus_963.jpeg,2094,1551,L,train,PNEUMONIA,1.3500967117988394
person469_bacteria_1992.jpeg,data/train/PNEUMONIA/person469_bacteria_1992.jpeg,1272,808,L,train,PNEUMONIA,1.5742574257425743
person469_bacteria_1993.jpeg,data/train/PNEUMONIA/person469_bacteria_1993.jpeg,1128,808,L,train,PNEUMONIA,1.396039603960396
person469_bacteria_1994.jpeg,data/train/PNEUMONIA/person469_bacteria_1994.jpeg,1348,995,L,train,PNEUMONIA,1.3547738693467337
person469_bacteria_1995.jpeg,data/train/PNEUMONIA/person469_bacteria_1995.jpeg,1255,883,L,train,PNEUMONIA,1.421291053227633
person469_virus_965.jpeg,data/train/PNEUMONIA/person469_virus_965.jpeg,759,618,RGB,train,PNEUMONIA,1.2281553398058251
person46_bacteria_224.jpeg,data/train/PNEUMONIA/person46_bacteria_224.jpeg,1264,928,L,train,PNEUMONIA,1.3620689655172413
person46_bacteria_225.jpeg,data/train/PNEUMONIA/person46_bacteria_225.jpeg,1412,1029,L,train,PNEUMONIA,1.3722060252672497
person470_bacteria_1996.jpeg,data/train/PNEUMONIA/person470_bacteria_1996.jpeg,1200,928,L,train,PNEUMONIA,1.293103448275862
person470_bacteria_1998.jpeg,data/train/PNEUMONIA/person470_bacteria_1998.jpeg,1248,896,L,train,PNEUMONIA,1.3928571428571428
person470_bacteria_1999.jpeg,data/train/PNEUMONIA/person470_bacteria_1999.jpeg,1224,904,L,train,PNEUMONIA,1.3539823008849559
person470_bacteria_2000.jpeg,data/train/PNEUMONIA/person470_bacteria_2000.jpeg,1160,872,L,train,PNEUMONIA,1.3302752293577982
person470_bacteria_2001.jpeg,data/train/PNEUMONIA/person470_bacteria_2001.jpeg,1160,800,L,train,PNEUMONIA,1.45
person470_bacteria_2002.jpeg,data/train/PNEUMONIA/person470_bacteria_2002.jpeg,1350,1045,L,train,PNEUMONIA,1.291866028708134
person470_bacteria_2003.jpeg,data/train/PNEUMONIA/person470_bacteria_2003.jpeg,1534,1064,L,train,PNEUMONIA,1.4417293233082706
person470_virus_966.jpeg,data/train/PNEUMONIA/person470_virus_966.jpeg,795,612,RGB,train,PNEUMONIA,1.2990196078431373
person471_bacteria_2004.jpeg,data/train/PNEUMONIA/person471_bacteria_2004.jpeg,1184,656,L,train,PNEUMONIA,1.8048780487804879
person471_bacteria_2005.jpeg,data/train/PNEUMONIA/person471_bacteria_2005.jpeg,1104,736,L,train,PNEUMONIA,1.5
person471_bacteria_2006.jpeg,data/train/PNEUMONIA/person471_bacteria_2006.jpeg,1170,889,L,train,PNEUMONIA,1.3160854893138358
person471_virus_967.jpeg,data/train/PNEUMONIA/person471_virus_967.jpeg,806,554,RGB,train,PNEUMONIA,1.4548736462093863
person471_virus_968.jpeg,data/train/PNEUMONIA/person471_virus_968.jpeg,831,603,RGB,train,PNEUMONIA,1.3781094527363185
person472_bacteria_2007.jpeg,data/train/PNEUMONIA/person472_bacteria_2007.jpeg,966,619,RGB,train,PNEUMONIA,1.5605815831987075
person472_bacteria_2008.jpeg,data/train/PNEUMONIA/person472_bacteria_2008.jpeg,1120,680,L,train,PNEUMONIA,1.6470588235294117
person472_bacteria_2010.jpeg,data/train/PNEUMONIA/person472_bacteria_2010.jpeg,777,531,RGB,train,PNEUMONIA,1.463276836158192
person472_bacteria_2014.jpeg,data/train/PNEUMONIA/person472_bacteria_2014.jpeg,1088,648,L,train,PNEUMONIA,1.6790123456790123
person472_bacteria_2015.jpeg,data/train/PNEUMONIA/person472_bacteria_2015.jpeg,1096,624,L,train,PNEUMONIA,1.7564102564102564
person472_virus_969.jpeg,data/train/PNEUMONIA/person472_virus_969.jpeg,1870,1282,L,train,PNEUMONIA,1.4586583463338534
person473_bacteria_2018.jpeg,data/train/PNEUMONIA/person473_bacteria_2018.jpeg,1152,672,L,train,PNEUMONIA,1.7142857142857142
person474_virus_971.jpeg,data/train/PNEUMONIA/person474_virus_971.jpeg,1424,976,L,train,PNEUMONIA,1.459016393442623
person475_bacteria_2020.jpeg,data/train/PNEUMONIA/person475_bacteria_2020.jpeg,1096,712,L,train,PNEUMONIA,1.5393258426966292
person475_bacteria_2021.jpeg,data/train/PNEUMONIA/person475_bacteria_2021.jpeg,1016,800,L,train,PNEUMONIA,1.27
person475_bacteria_2022.jpeg,data/train/PNEUMONIA/person475_bacteria_2022.jpeg,1128,768,L,train,PNEUMONIA,1.46875
person475_bacteria_2023.jpeg,data/train/PNEUMONIA/person475_bacteria_2023.jpeg,1080,728,L,train,PNEUMONIA,1.4835164835164836
person475_bacteria_2024.jpeg,data/train/PNEUMONIA/person475_bacteria_2024.jpeg,1072,744,L,train,PNEUMONIA,1.4408602150537635
person475_bacteria_2025.jpeg,data/train/PNEUMONIA/person475_bacteria_2025.jpeg,1411,915,L,train,PNEUMONIA,1.5420765027322405
person475_virus_972.jpeg,data/train/PNEUMONIA/person475_virus_972.jpeg,1120,808,L,train,PNEUMONIA,1.386138613861386
person476_bacteria_2026.jpeg,data/train/PNEUMONIA/person476_bacteria_2026.jpeg,1450,947,L,train,PNEUMONIA,1.5311510031678985
person476_virus_973.jpeg,data/train/PNEUMONIA/person476_virus_973.jpeg,1664,1000,L,train,PNEUMONIA,1.664
person477_bacteria_2028.jpeg,data/train/PNEUMONIA/person477_bacteria_2028.jpeg,1264,904,L,train,PNEUMONIA,1.3982300884955752
person477_bacteria_2029.jpeg,data/train/PNEUMONIA/person477_bacteria_2029.jpeg,1160,1032,L,train,PNEUMONIA,1.124031007751938
person477_bacteria_2030.jpeg,data/train/PNEUMONIA/person477_bacteria_2030.jpeg,1232,984,L,train,PNEUMONIA,1.2520325203252032
person477_bacteria_2031.jpeg,data/train/PNEUMONIA/person477_bacteria_2031.jpeg,1662,1585,L,train,PNEUMONIA,1.0485804416403786
person478_bacteria_2032.jpeg,data/train/PNEUMONIA/person478_bacteria_2032.jpeg,1096,760,L,train,PNEUMONIA,1.4421052631578948
person478_bacteria_2035.jpeg,data/train/PNEUMONIA/person478_bacteria_2035.jpeg,1318,936,L,train,PNEUMONIA,1.4081196581196582
person478_virus_975.jpeg,data/train/PNEUMONIA/person478_virus_975.jpeg,1224,888,L,train,PNEUMONIA,1.3783783783783783
person479_virus_978.jpeg,data/train/PNEUMONIA/person479_virus_978.jpeg,1520,1080,L,train,PNEUMONIA,1.4074074074074074
person47_bacteria_229.jpeg,data/train/PNEUMONIA/person47_bacteria_229.jpeg,1318,820,L,train,PNEUMONIA,1.6073170731707318
person480_bacteria_2038.jpeg,data/train/PNEUMONIA/person480_bacteria_2038.jpeg,1200,808,L,train,PNEUMONIA,1.4851485148514851
person480_bacteria_2039.jpeg,data/train/PNEUMONIA/person480_bacteria_2039.jpeg,1056,760,L,train,PNEUMONIA,1.3894736842105264
person480_bacteria_2040.jpeg,data/train/PNEUMONIA/person480_bacteria_2040.jpeg,1221,793,L,train,PNEUMONIA,1.5397225725094577
person480_virus_981.jpeg,data/train/PNEUMONIA/person480_virus_981.jpeg,788,496,RGB,train,PNEUMONIA,1.5887096774193548
person480_virus_982.jpeg,data/train/PNEUMONIA/person480_virus_982.jpeg,801,493,RGB,train,PNEUMONIA,1.6247464503042597
person481_bacteria_2041.jpeg,data/train/PNEUMONIA/person481_bacteria_2041.jpeg,1400,1088,L,train,PNEUMONIA,1.286764705882353
person481_bacteria_2042.jpeg,data/train/PNEUMONIA/person481_bacteria_2042.jpeg,1512,1178,L,train,PNEUMONIA,1.2835314091680814
person481_virus_983.jpeg,data/train/PNEUMONIA/person481_virus_983.jpeg,1256,1016,L,train,PNEUMONIA,1.236220472440945
person482_bacteria_2043.jpeg,data/train/PNEUMONIA/person482_bacteria_2043.jpeg,1176,813,L,train,PNEUMONIA,1.4464944649446494
person482_bacteria_2044.jpeg,data/train/PNEUMONIA/person482_bacteria_2044.jpeg,992,576,L,train,PNEUMONIA,1.7222222222222223
person482_bacteria_2045.jpeg,data/train/PNEUMONIA/person482_bacteria_2045.jpeg,1164,844,L,train,PNEUMONIA,1.3791469194312795
person482_virus_984.jpeg,data/train/PNEUMONIA/person482_virus_984.jpeg,1640,1328,L,train,PNEUMONIA,1.2349397590361446
person483_bacteria_2046.jpeg,data/train/PNEUMONIA/person483_bacteria_2046.jpeg,1040,752,L,train,PNEUMONIA,1.3829787234042554
person483_virus_985.jpeg,data/train/PNEUMONIA/person483_virus_985.jpeg,1024,632,L,train,PNEUMONIA,1.620253164556962
person484_virus_986.jpeg,data/train/PNEUMONIA/person484_virus_986.jpeg,1016,648,L,train,PNEUMONIA,1.5679012345679013
person485_bacteria_2049.jpeg,data/train/PNEUMONIA/person485_bacteria_2049.jpeg,2334,1956,L,train,PNEUMONIA,1.1932515337423313
person485_virus_988.jpeg,data/train/PNEUMONIA/person485_virus_988.jpeg,1136,680,L,train,PNEUMONIA,1.6705882352941177
person486_bacteria_2051.jpeg,data/train/PNEUMONIA/person486_bacteria_2051.jpeg,1096,776,L,train,PNEUMONIA,1.4123711340206186
person486_bacteria_2052.jpeg,data/train/PNEUMONIA/person486_bacteria_2052.jpeg,1168,808,L,train,PNEUMONIA,1.4455445544554455
person486_bacteria_2053.jpeg,data/train/PNEUMONIA/person486_bacteria_2053.jpeg,1294,1052,L,train,PNEUMONIA,1.2300380228136882
person486_bacteria_2054.jpeg,data/train/PNEUMONIA/person486_bacteria_2054.jpeg,1284,1076,L,train,PNEUMONIA,1.1933085501858736
person486_virus_990.jpeg,data/train/PNEUMONIA/person486_virus_990.jpeg,1264,688,L,train,PNEUMONIA,1.8372093023255813
person487_bacteria_2055.jpeg,data/train/PNEUMONIA/person487_bacteria_2055.jpeg,1360,1000,L,train,PNEUMONIA,1.36
person487_bacteria_2056.jpeg,data/train/PNEUMONIA/person487_bacteria_2056.jpeg,1528,1176,L,train,PNEUMONIA,1.2993197278911566
person487_bacteria_2057.jpeg,data/train/PNEUMONIA/person487_bacteria_2057.jpeg,1304,984,L,train,PNEUMONIA,1.3252032520325203
person487_bacteria_2058.jpeg,data/train/PNEUMONIA/person487_bacteria_2058.jpeg,1256,1072,L,train,PNEUMONIA,1.171641791044776
person487_bacteria_2059.jpeg,data/train/PNEUMONIA/person487_bacteria_2059.jpeg,1248,904,L,train,PNEUMONIA,1.3805309734513274
person487_bacteria_2060.jpeg,data/train/PNEUMONIA/person487_bacteria_2060.jpeg,1534,1203,L,train,PNEUMONIA,1.2751454696591853
person487_virus_991.jpeg,data/train/PNEUMONIA/person487_virus_991.jpeg,1072,552,L,train,PNEUMONIA,1.9420289855072463
person488_bacteria_2061.jpeg,data/train/PNEUMONIA/person488_bacteria_2061.jpeg,1216,944,L,train,PNEUMONIA,1.2881355932203389
person488_bacteria_2062.jpeg,data/train/PNEUMONIA/person488_bacteria_2062.jpeg,1704,1156,L,train,PNEUMONIA,1.4740484429065743
person488_virus_992.jpeg,data/train/PNEUMONIA/person488_virus_992.jpeg,1656,1120,L,train,PNEUMONIA,1.4785714285714286
person489_bacteria_2063.jpeg,data/train/PNEUMONIA/person489_bacteria_2063.jpeg,1288,768,L,train,PNEUMONIA,1.6770833333333333
person489_bacteria_2064.jpeg,data/train/PNEUMONIA/person489_bacteria_2064.jpeg,1040,576,L,train,PNEUMONIA,1.8055555555555556
person489_bacteria_2065.jpeg,data/train/PNEUMONIA/person489_bacteria_2065.jpeg,1032,600,L,train,PNEUMONIA,1.72
person489_bacteria_2066.jpeg,data/train/PNEUMONIA/person489_bacteria_2066.jpeg,1132,766,L,train,PNEUMONIA,1.4778067885117494
person489_bacteria_2067.jpeg,data/train/PNEUMONIA/person489_bacteria_2067.jpeg,1296,844,L,train,PNEUMONIA,1.5355450236966826
person489_virus_994.jpeg,data/train/PNEUMONIA/person489_virus_994.jpeg,928,670,RGB,train,PNEUMONIA,1.3850746268656717
person489_virus_995.jpeg,data/train/PNEUMONIA/person489_virus_995.jpeg,659,363,RGB,train,PNEUMONIA,1.815426997245179
person48_bacteria_230.jpeg,data/train/PNEUMONIA/person48_bacteria_230.jpeg,944,776,L,train,PNEUMONIA,1.2164948453608246
person48_bacteria_231.jpeg,data/train/PNEUMONIA/person48_bacteria_231.jpeg,960,816,L,train,PNEUMONIA,1.1764705882352942
person48_bacteria_232.jpeg,data/train/PNEUMONIA/person48_bacteria_232.jpeg,1240,776,L,train,PNEUMONIA,1.597938144329897
person48_bacteria_233.jpeg,data/train/PNEUMONIA/person48_bacteria_233.jpeg,1144,790,L,train,PNEUMONIA,1.4481012658227848
person490_bacteria_2068.jpeg,data/train/PNEUMONIA/person490_bacteria_2068.jpeg,1080,800,L,train,PNEUMONIA,1.35
person490_bacteria_2069.jpeg,data/train/PNEUMONIA/person490_bacteria_2069.jpeg,1426,951,L,train,PNEUMONIA,1.4994742376445847
person490_bacteria_2070.jpeg,data/train/PNEUMONIA/person490_bacteria_2070.jpeg,1384,852,L,train,PNEUMONIA,1.624413145539906
person490_virus_996.jpeg,data/train/PNEUMONIA/person490_virus_996.jpeg,1256,776,L,train,PNEUMONIA,1.6185567010309279
person491_bacteria_2071.jpeg,data/train/PNEUMONIA/person491_bacteria_2071.jpeg,1190,901,L,train,PNEUMONIA,1.320754716981132
person491_bacteria_2073.jpeg,data/train/PNEUMONIA/person491_bacteria_2073.jpeg,1016,696,L,train,PNEUMONIA,1.4597701149425288
person491_bacteria_2075.jpeg,data/train/PNEUMONIA/person491_bacteria_2075.jpeg,1008,736,L,train,PNEUMONIA,1.3695652173913044
person491_bacteria_2080.jpeg,data/train/PNEUMONIA/person491_bacteria_2080.jpeg,1016,664,L,train,PNEUMONIA,1.5301204819277108
person491_bacteria_2081.jpeg,data/train/PNEUMONIA/person491_bacteria_2081.jpeg,1016,680,L,train,PNEUMONIA,1.4941176470588236
person491_bacteria_2082.jpeg,data/train/PNEUMONIA/person491_bacteria_2082.jpeg,1096,832,L,train,PNEUMONIA,1.3173076923076923
person491_virus_997.jpeg,data/train/PNEUMONIA/person491_virus_997.jpeg,1072,504,L,train,PNEUMONIA,2.126984126984127
person492_bacteria_2083.jpeg,data/train/PNEUMONIA/person492_bacteria_2083.jpeg,1000,744,L,train,PNEUMONIA,1.3440860215053763
person492_bacteria_2084.jpeg,data/train/PNEUMONIA/person492_bacteria_2084.jpeg,1064,680,L,train,PNEUMONIA,1.5647058823529412
person492_bacteria_2085.jpeg,data/train/PNEUMONIA/person492_bacteria_2085.jpeg,1342,951,L,train,PNEUMONIA,1.4111461619348056
person492_virus_998.jpeg,data/train/PNEUMONIA/person492_virus_998.jpeg,1448,1064,L,train,PNEUMONIA,1.3609022556390977
person493_bacteria_2086.jpeg,data/train/PNEUMONIA/person493_bacteria_2086.jpeg,1184,688,L,train,PNEUMONIA,1.7209302325581395
person493_bacteria_2087.jpeg,data/train/PNEUMONIA/person493_bacteria_2087.jpeg,1450,809,L,train,PNEUMONIA,1.792336217552534
person493_virus_999.jpeg,data/train/PNEUMONIA/person493_virus_999.jpeg,1272,752,L,train,PNEUMONIA,1.6914893617021276
person494_bacteria_2088.jpeg,data/train/PNEUMONIA/person494_bacteria_2088.jpeg,1580,1493,L,train,PNEUMONIA,1.058271935699933
person494_bacteria_2089.jpeg,data/train/PNEUMONIA/person494_bacteria_2089.jpeg,1280,896,L,train,PNEUMONIA,1.4285714285714286
person494_bacteria_2090.jpeg,data/train/PNEUMONIA/person494_bacteria_2090.jpeg,1320,976,L,train,PNEUMONIA,1.3524590163934427
person494_virus_1000.jpeg,data/train/PNEUMONIA/person494_virus_1000.jpeg,1120,680,L,train,PNEUMONIA,1.6470588235294117
person495_bacteria_2094.jpeg,data/train/PNEUMONIA/person495_bacteria_2094.jpeg,796,469,RGB,train,PNEUMONIA,1.697228144989339
person495_virus_1001.jpeg,data/train/PNEUMONIA/person495_virus_1001.jpeg,1152,632,L,train,PNEUMONIA,1.8227848101265822
person496_bacteria_2095.jpeg,data/train/PNEUMONIA/person496_bacteria_2095.jpeg,1690,1187,L,train,PNEUMONIA,1.4237573715248526
person496_virus_1003.jpeg,data/train/PNEUMONIA/person496_virus_1003.jpeg,1544,1392,L,train,PNEUMONIA,1.1091954022988506
person497_virus_1005.jpeg,data/train/PNEUMONIA/person497_virus_1005.jpeg,1472,1192,L,train,PNEUMONIA,1.2348993288590604
person498_bacteria_2100.jpeg,data/train/PNEUMONIA/person498_bacteria_2100.jpeg,1398,1121,L,train,PNEUMONIA,1.247100802854594
person498_bacteria_2101.jpeg,data/train/PNEUMONIA/person498_bacteria_2101.jpeg,1478,1261,L,train,PNEUMONIA,1.1720856463124505
person498_bacteria_2102.jpeg,data/train/PNEUMONIA/person498_bacteria_2102.jpeg,1538,1137,L,train,PNEUMONIA,1.3526824978012313
person498_virus_1007.jpeg,data/train/PNEUMONIA/person498_virus_1007.jpeg,1216,672,L,train,PNEUMONIA,1.8095238095238095
person499_bacteria_2103.jpeg,data/train/PNEUMONIA/person499_bacteria_2103.jpeg,1088,800,L,train,PNEUMONIA,1.36
person499_bacteria_2104.jpeg,data/train/PNEUMONIA/person499_bacteria_2104.jpeg,1280,963,L,train,PNEUMONIA,1.3291796469366564
person499_virus_1008.jpeg,data/train/PNEUMONIA/person499_virus_1008.jpeg,1424,968,L,train,PNEUMONIA,1.4710743801652892
person49_bacteria_235.jpeg,data/train/PNEUMONIA/person49_bacteria_235.jpeg,1000,704,L,train,PNEUMONIA,1.4204545454545454
person49_bacteria_236.jpeg,data/train/PNEUMONIA/person49_bacteria_236.jpeg,1192,760,L,train,PNEUMONIA,1.568421052631579
person49_bacteria_237.jpeg,data/train/PNEUMONIA/person49_bacteria_237.jpeg,1356,805,L,train,PNEUMONIA,1.684472049689441
person4_bacteria_14.jpeg,data/train/PNEUMONIA/person4_bacteria_14.jpeg,1032,592,L,train,PNEUMONIA,1.7432432432432432
person500_bacteria_2105.jpeg,data/train/PNEUMONIA/person500_bacteria_2105.jpeg,1080,808,L,train,PNEUMONIA,1.3366336633663367
person500_bacteria_2106.jpeg,data/train/PNEUMONIA/person500_bacteria_2106.jpeg,1192,760,L,train,PNEUMONIA,1.568421052631579
person500_bacteria_2107.jpeg,data/train/PNEUMONIA/person500_bacteria_2107.jpeg,666,441,RGB,train,PNEUMONIA,1.510204081632653
person500_bacteria_2108.jpeg,data/train/PNEUMONIA/person500_bacteria_2108.jpeg,1152,744,L,train,PNEUMONIA,1.5483870967741935
person500_bacteria_2109.jpeg,data/train/PNEUMONIA/person500_bacteria_2109.jpeg,1104,656,L,train,PNEUMONIA,1.6829268292682926
person500_bacteria_2110.jpeg,data/train/PNEUMONIA/person500_bacteria_2110.jpeg,1112,744,L,train,PNEUMONIA,1.4946236559139785
person500_bacteria_2111.jpeg,data/train/PNEUMONIA/person500_bacteria_2111.jpeg,1338,851,L,train,PNEUMONIA,1.572267920094007
person500_virus_1009.jpeg,data/train/PNEUMONIA/person500_virus_1009.jpeg,968,632,L,train,PNEUMONIA,1.5316455696202531
person501_bacteria_2112.jpeg,data/train/PNEUMONIA/person501_bacteria_2112.jpeg,1088,848,L,train,PNEUMONIA,1.2830188679245282
person501_bacteria_2113.jpeg,data/train/PNEUMONIA/person501_bacteria_2113.jpeg,1176,856,L,train,PNEUMONIA,1.3738317757009346
person501_bacteria_2114.jpeg,data/train/PNEUMONIA/person501_bacteria_2114.jpeg,1248,880,L,train,PNEUMONIA,1.4181818181818182
person501_bacteria_2115.jpeg,data/train/PNEUMONIA/person501_bacteria_2115.jpeg,1072,736,L,train,PNEUMONIA,1.4565217391304348
person501_bacteria_2116.jpeg,data/train/PNEUMONIA/person501_bacteria_2116.jpeg,1240,932,L,train,PNEUMONIA,1.3304721030042919
person501_virus_1010.jpeg,data/train/PNEUMONIA/person501_virus_1010.jpeg,1584,1024,L,train,PNEUMONIA,1.546875
person502_bacteria_2117.jpeg,data/train/PNEUMONIA/person502_bacteria_2117.jpeg,960,688,L,train,PNEUMONIA,1.3953488372093024
person502_bacteria_2118.jpeg,data/train/PNEUMONIA/person502_bacteria_2118.jpeg,1016,680,L,train,PNEUMONIA,1.4941176470588236
person502_bacteria_2119.jpeg,data/train/PNEUMONIA/person502_bacteria_2119.jpeg,968,696,L,train,PNEUMONIA,1.3908045977011494
person502_bacteria_2120.jpeg,data/train/PNEUMONIA/person502_bacteria_2120.jpeg,1112,720,L,train,PNEUMONIA,1.5444444444444445
person502_bacteria_2121.jpeg,data/train/PNEUMONIA/person502_bacteria_2121.jpeg,1096,808,L,train,PNEUMONIA,1.3564356435643565
person502_bacteria_2122.jpeg,data/train/PNEUMONIA/person502_bacteria_2122.jpeg,1024,744,L,train,PNEUMONIA,1.3763440860215055
person502_bacteria_2123.jpeg,data/train/PNEUMONIA/person502_bacteria_2123.jpeg,1140,786,L,train,PNEUMONIA,1.450381679389313
person502_virus_1011.jpeg,data/train/PNEUMONIA/person502_virus_1011.jpeg,703,511,RGB,train,PNEUMONIA,1.37573385518591
person502_virus_1012.jpeg,data/train/PNEUMONIA/person502_virus_1012.jpeg,668,375,RGB,train,PNEUMONIA,1.7813333333333334
person503_bacteria_2125.jpeg,data/train/PNEUMONIA/person503_bacteria_2125.jpeg,1208,856,L,train,PNEUMONIA,1.411214953271028
person503_bacteria_2126.jpeg,data/train/PNEUMONIA/person503_bacteria_2126.jpeg,1530,1140,L,train,PNEUMONIA,1.3421052631578947
person503_virus_1013.jpeg,data/train/PNEUMONIA/person503_virus_1013.jpeg,1296,872,L,train,PNEUMONIA,1.4862385321100917
person504_bacteria_2127.jpeg,data/train/PNEUMONIA/person504_bacteria_2127.jpeg,998,740,L,train,PNEUMONIA,1.3486486486486486
person504_bacteria_2129.jpeg,data/train/PNEUMONIA/person504_bacteria_2129.jpeg,928,640,L,train,PNEUMONIA,1.45
person504_bacteria_2130.jpeg,data/train/PNEUMONIA/person504_bacteria_2130.jpeg,1008,600,L,train,PNEUMONIA,1.68
person504_bacteria_2132.jpeg,data/train/PNEUMONIA/person504_bacteria_2132.jpeg,974,766,L,train,PNEUMONIA,1.2715404699738904
person504_bacteria_2133.jpeg,data/train/PNEUMONIA/person504_bacteria_2133.jpeg,1072,658,L,train,PNEUMONIA,1.6291793313069909
person505_bacteria_2135.jpeg,data/train/PNEUMONIA/person505_bacteria_2135.jpeg,1592,1106,L,train,PNEUMONIA,1.4394213381555154
person505_virus_1017.jpeg,data/train/PNEUMONIA/person505_virus_1017.jpeg,1176,784,L,train,PNEUMONIA,1.5
person506_bacteria_2136.jpeg,data/train/PNEUMONIA/person506_bacteria_2136.jpeg,1064,792,L,train,PNEUMONIA,1.3434343434343434
person506_bacteria_2138.jpeg,data/train/PNEUMONIA/person506_bacteria_2138.jpeg,1450,913,L,train,PNEUMONIA,1.588170865279299
person506_virus_1018.jpeg,data/train/PNEUMONIA/person506_virus_1018.jpeg,1328,768,L,train,PNEUMONIA,1.7291666666666667
person507_bacteria_2139.jpeg,data/train/PNEUMONIA/person507_bacteria_2139.jpeg,888,608,L,train,PNEUMONIA,1.4605263157894737
person507_bacteria_2140.jpeg,data/train/PNEUMONIA/person507_bacteria_2140.jpeg,1200,816,L,train,PNEUMONIA,1.4705882352941178
person507_bacteria_2141.jpeg,data/train/PNEUMONIA/person507_bacteria_2141.jpeg,968,576,L,train,PNEUMONIA,1.6805555555555556
person507_virus_1019.jpeg,data/train/PNEUMONIA/person507_virus_1019.jpeg,1456,808,L,train,PNEUMONIA,1.801980198019802
person508_bacteria_2142.jpeg,data/train/PNEUMONIA/person508_bacteria_2142.jpeg,1168,792,L,train,PNEUMONIA,1.4747474747474747
person508_bacteria_2143.jpeg,data/train/PNEUMONIA/person508_bacteria_2143.jpeg,1232,816,L,train,PNEUMONIA,1.5098039215686274
person508_bacteria_2144.jpeg,data/train/PNEUMONIA/person508_bacteria_2144.jpeg,1406,879,L,train,PNEUMONIA,1.5995449374288964
person508_virus_1020.jpeg,data/train/PNEUMONIA/person508_virus_1020.jpeg,850,534,RGB,train,PNEUMONIA,1.591760299625468
person508_virus_1021.jpeg,data/train/PNEUMONIA/person508_virus_1021.jpeg,764,515,RGB,train,PNEUMONIA,1.4834951456310679
person509_bacteria_2145.jpeg,data/train/PNEUMONIA/person509_bacteria_2145.jpeg,1176,952,L,train,PNEUMONIA,1.2352941176470589
person509_bacteria_2146.jpeg,data/train/PNEUMONIA/person509_bacteria_2146.jpeg,1310,797,L,train,PNEUMONIA,1.64366373902133
person509_virus_1024.jpeg,data/train/PNEUMONIA/person509_virus_1024.jpeg,926,606,RGB,train,PNEUMONIA,1.528052805280528
person509_virus_1025.jpeg,data/train/PNEUMONIA/person509_virus_1025.jpeg,1256,720,L,train,PNEUMONIA,1.7444444444444445
person50_bacteria_238.jpeg,data/train/PNEUMONIA/person50_bacteria_238.jpeg,1416,1016,L,train,PNEUMONIA,1.3937007874015748
person510_bacteria_2147.jpeg,data/train/PNEUMONIA/person510_bacteria_2147.jpeg,1000,896,L,train,PNEUMONIA,1.1160714285714286
person510_bacteria_2148.jpeg,data/train/PNEUMONIA/person510_bacteria_2148.jpeg,1320,808,L,train,PNEUMONIA,1.6336633663366336
person510_bacteria_2149.jpeg,data/train/PNEUMONIA/person510_bacteria_2149.jpeg,1024,672,L,train,PNEUMONIA,1.5238095238095237
person510_bacteria_2150.jpeg,data/train/PNEUMONIA/person510_bacteria_2150.jpeg,1246,998,L,train,PNEUMONIA,1.248496993987976
person510_virus_1026.jpeg,data/train/PNEUMONIA/person510_virus_1026.jpeg,1136,576,L,train,PNEUMONIA,1.9722222222222223
person511_bacteria_2152.jpeg,data/train/PNEUMONIA/person511_bacteria_2152.jpeg,920,608,L,train,PNEUMONIA,1.513157894736842
person511_bacteria_2153.jpeg,data/train/PNEUMONIA/person511_bacteria_2153.jpeg,1198,874,L,train,PNEUMONIA,1.3707093821510297
person511_virus_1027.jpeg,data/train/PNEUMONIA/person511_virus_1027.jpeg,699,454,RGB,train,PNEUMONIA,1.539647577092511
person512_bacteria_2154.jpeg,data/train/PNEUMONIA/person512_bacteria_2154.jpeg,984,592,L,train,PNEUMONIA,1.662162162162162
person512_bacteria_2155.jpeg,data/train/PNEUMONIA/person512_bacteria_2155.jpeg,1276,801,L,train,PNEUMONIA,1.5930087390761547
person512_virus_1029.jpeg,data/train/PNEUMONIA/person512_virus_1029.jpeg,1224,632,L,train,PNEUMONIA,1.9367088607594938
person513_virus_1030.jpeg,data/train/PNEUMONIA/person513_virus_1030.jpeg,1488,1144,L,train,PNEUMONIA,1.3006993006993006
person514_bacteria_2184.jpeg,data/train/PNEUMONIA/person514_bacteria_2184.jpeg,1176,784,L,train,PNEUMONIA,1.5
person514_virus_1031.jpeg,data/train/PNEUMONIA/person514_virus_1031.jpeg,766,470,RGB,train,PNEUMONIA,1.6297872340425532
person515_bacteria_2185.jpeg,data/train/PNEUMONIA/person515_bacteria_2185.jpeg,848,704,L,train,PNEUMONIA,1.2045454545454546
person515_bacteria_2186.jpeg,data/train/PNEUMONIA/person515_bacteria_2186.jpeg,1072,648,L,train,PNEUMONIA,1.654320987654321
person515_bacteria_2187.jpeg,data/train/PNEUMONIA/person515_bacteria_2187.jpeg,1016,584,L,train,PNEUMONIA,1.7397260273972603
person515_bacteria_2188.jpeg,data/train/PNEUMONIA/person515_bacteria_2188.jpeg,992,608,L,train,PNEUMONIA,1.631578947368421
person515_bacteria_2189.jpeg,data/train/PNEUMONIA/person515_bacteria_2189.jpeg,1008,552,L,train,PNEUMONIA,1.826086956521739
person515_bacteria_2190.jpeg,data/train/PNEUMONIA/person515_bacteria_2190.jpeg,998,747,L,train,PNEUMONIA,1.3360107095046854
person515_virus_1032.jpeg,data/train/PNEUMONIA/person515_virus_1032.jpeg,1136,680,L,train,PNEUMONIA,1.6705882352941177
person516_bacteria_2191.jpeg,data/train/PNEUMONIA/person516_bacteria_2191.jpeg,649,334,RGB,train,PNEUMONIA,1.9431137724550898
person516_bacteria_2192.jpeg,data/train/PNEUMONIA/person516_bacteria_2192.jpeg,667,322,RGB,train,PNEUMONIA,2.0714285714285716
person516_virus_1033.jpeg,data/train/PNEUMONIA/person516_virus_1033.jpeg,1120,648,L,train,PNEUMONIA,1.728395061728395
person517_bacteria_2196.jpeg,data/train/PNEUMONIA/person517_bacteria_2196.jpeg,1446,1029,L,train,PNEUMONIA,1.4052478134110786
person517_virus_1034.jpeg,data/train/PNEUMONIA/person517_virus_1034.jpeg,1384,864,L,train,PNEUMONIA,1.6018518518518519
person517_virus_1035.jpeg,data/train/PNEUMONIA/person517_virus_1035.jpeg,1320,768,L,train,PNEUMONIA,1.71875
person518_bacteria_2197.jpeg,data/train/PNEUMONIA/person518_bacteria_2197.jpeg,1312,976,L,train,PNEUMONIA,1.3442622950819672
person518_bacteria_2198.jpeg,data/train/PNEUMONIA/person518_bacteria_2198.jpeg,1192,792,L,train,PNEUMONIA,1.505050505050505
person518_bacteria_2199.jpeg,data/train/PNEUMONIA/person518_bacteria_2199.jpeg,1128,648,L,train,PNEUMONIA,1.7407407407407407
person518_bacteria_2200.jpeg,data/train/PNEUMONIA/person518_bacteria_2200.jpeg,1298,921,L,train,PNEUMONIA,1.4093376764386536
person518_virus_1036.jpeg,data/train/PNEUMONIA/person518_virus_1036.jpeg,1280,968,L,train,PNEUMONIA,1.322314049586777
person519_virus_1038.jpeg,data/train/PNEUMONIA/person519_virus_1038.jpeg,1440,1168,L,train,PNEUMONIA,1.2328767123287672
person51_bacteria_239.jpeg,data/train/PNEUMONIA/person51_bacteria_239.jpeg,1304,832,L,train,PNEUMONIA,1.5673076923076923
person51_bacteria_240.jpeg,data/train/PNEUMONIA/person51_bacteria_240.jpeg,1024,696,L,train,PNEUMONIA,1.471264367816092
person51_bacteria_241.jpeg,data/train/PNEUMONIA/person51_bacteria_241.jpeg,1272,920,L,train,PNEUMONIA,1.382608695652174
person51_bacteria_242.jpeg,data/train/PNEUMONIA/person51_bacteria_242.jpeg,1096,976,L,train,PNEUMONIA,1.1229508196721312
person51_bacteria_243.jpeg,data/train/PNEUMONIA/person51_bacteria_243.jpeg,952,744,L,train,PNEUMONIA,1.2795698924731183
person51_bacteria_244.jpeg,data/train/PNEUMONIA/person51_bacteria_244.jpeg,1120,704,L,train,PNEUMONIA,1.5909090909090908
person51_bacteria_245.jpeg,data/train/PNEUMONIA/person51_bacteria_245.jpeg,1040,848,L,train,PNEUMONIA,1.2264150943396226
person51_bacteria_246.jpeg,data/train/PNEUMONIA/person51_bacteria_246.jpeg,1016,752,L,train,PNEUMONIA,1.351063829787234
person51_bacteria_247.jpeg,data/train/PNEUMONIA/person51_bacteria_247.jpeg,1322,1018,L,train,PNEUMONIA,1.2986247544204321
person51_bacteria_248.jpeg,data/train/PNEUMONIA/person51_bacteria_248.jpeg,1404,1006,L,train,PNEUMONIA,1.3956262425447317
person520_bacteria_2203.jpeg,data/train/PNEUMONIA/person520_bacteria_2203.jpeg,1168,704,L,train,PNEUMONIA,1.6590909090909092
person520_bacteria_2204.jpeg,data/train/PNEUMONIA/person520_bacteria_2204.jpeg,1000,704,L,train,PNEUMONIA,1.4204545454545454
person520_bacteria_2205.jpeg,data/train/PNEUMONIA/person520_bacteria_2205.jpeg,1260,863,L,train,PNEUMONIA,1.4600231749710313
person520_virus_1039.jpeg,data/train/PNEUMONIA/person520_virus_1039.jpeg,1448,976,L,train,PNEUMONIA,1.4836065573770492
person521_virus_1040.jpeg,data/train/PNEUMONIA/person521_virus_1040.jpeg,952,568,L,train,PNEUMONIA,1.676056338028169
person522_bacteria_2210.jpeg,data/train/PNEUMONIA/person522_bacteria_2210.jpeg,1304,832,L,train,PNEUMONIA,1.5673076923076923
person522_bacteria_2211.jpeg,data/train/PNEUMONIA/person522_bacteria_2211.jpeg,1360,1024,L,train,PNEUMONIA,1.328125
person522_virus_1041.jpeg,data/train/PNEUMONIA/person522_virus_1041.jpeg,942,537,RGB,train,PNEUMONIA,1.7541899441340782
person523_virus_1043.jpeg,data/train/PNEUMONIA/person523_virus_1043.jpeg,1416,1072,L,train,PNEUMONIA,1.3208955223880596
person524_virus_1045.jpeg,data/train/PNEUMONIA/person524_virus_1045.jpeg,1072,648,L,train,PNEUMONIA,1.654320987654321
person525_bacteria_2216.jpeg,data/train/PNEUMONIA/person525_bacteria_2216.jpeg,827,463,RGB,train,PNEUMONIA,1.7861771058315334
person525_bacteria_2217.jpeg,data/train/PNEUMONIA/person525_bacteria_2217.jpeg,976,624,L,train,PNEUMONIA,1.564102564102564
person525_bacteria_2218.jpeg,data/train/PNEUMONIA/person525_bacteria_2218.jpeg,928,688,L,train,PNEUMONIA,1.3488372093023255
person525_bacteria_2220.jpeg,data/train/PNEUMONIA/person525_bacteria_2220.jpeg,1218,789,L,train,PNEUMONIA,1.543726235741445
person525_virus_1046.jpeg,data/train/PNEUMONIA/person525_virus_1046.jpeg,1072,576,L,train,PNEUMONIA,1.8611111111111112
person526_bacteria_2221.jpeg,data/train/PNEUMONIA/person526_bacteria_2221.jpeg,817,531,RGB,train,PNEUMONIA,1.5386064030131827
person527_bacteria_2225.jpeg,data/train/PNEUMONIA/person527_bacteria_2225.jpeg,1176,800,L,train,PNEUMONIA,1.47
person527_bacteria_2226.jpeg,data/train/PNEUMONIA/person527_bacteria_2226.jpeg,1346,902,L,train,PNEUMONIA,1.492239467849224
person527_virus_1048.jpeg,data/train/PNEUMONIA/person527_virus_1048.jpeg,1104,656,L,train,PNEUMONIA,1.6829268292682926
person528_bacteria_2227.jpeg,data/train/PNEUMONIA/person528_bacteria_2227.jpeg,841,521,RGB,train,PNEUMONIA,1.6142034548944337
person528_virus_1049.jpeg,data/train/PNEUMONIA/person528_virus_1049.jpeg,1168,816,L,train,PNEUMONIA,1.4313725490196079
person529_bacteria_2228.jpeg,data/train/PNEUMONIA/person529_bacteria_2228.jpeg,976,648,L,train,PNEUMONIA,1.5061728395061729
person529_bacteria_2229.jpeg,data/train/PNEUMONIA/person529_bacteria_2229.jpeg,936,744,L,train,PNEUMONIA,1.2580645161290323
person529_bacteria_2230.jpeg,data/train/PNEUMONIA/person529_bacteria_2230.jpeg,1098,759,L,train,PNEUMONIA,1.4466403162055337
person529_virus_1050.jpeg,data/train/PNEUMONIA/person529_virus_1050.jpeg,1296,816,L,train,PNEUMONIA,1.588235294117647
person52_bacteria_249.jpeg,data/train/PNEUMONIA/person52_bacteria_249.jpeg,1400,840,L,train,PNEUMONIA,1.6666666666666667
person52_bacteria_251.jpeg,data/train/PNEUMONIA/person52_bacteria_251.jpeg,1494,1044,L,train,PNEUMONIA,1.4310344827586208
person530_bacteria_2231.jpeg,data/train/PNEUMONIA/person530_bacteria_2231.jpeg,848,616,L,train,PNEUMONIA,1.3766233766233766
person530_bacteria_2233.jpeg,data/train/PNEUMONIA/person530_bacteria_2233.jpeg,1010,676,RGB,train,PNEUMONIA,1.4940828402366864
person530_virus_1052.jpeg,data/train/PNEUMONIA/person530_virus_1052.jpeg,1320,936,L,train,PNEUMONIA,1.4102564102564104
person531_bacteria_2235.jpeg,data/train/PNEUMONIA/person531_bacteria_2235.jpeg,920,744,L,train,PNEUMONIA,1.2365591397849462
person531_bacteria_2236.jpeg,data/train/PNEUMONIA/person531_bacteria_2236.jpeg,880,632,L,train,PNEUMONIA,1.3924050632911393
person531_bacteria_2237.jpeg,data/train/PNEUMONIA/person531_bacteria_2237.jpeg,888,712,L,train,PNEUMONIA,1.247191011235955
person531_bacteria_2238.jpeg,data/train/PNEUMONIA/person531_bacteria_2238.jpeg,1248,776,L,train,PNEUMONIA,1.6082474226804124
person531_bacteria_2239.jpeg,data/train/PNEUMONIA/person531_bacteria_2239.jpeg,976,640,L,train,PNEUMONIA,1.525
person531_bacteria_2240.jpeg,data/train/PNEUMONIA/person531_bacteria_2240.jpeg,984,680,L,train,PNEUMONIA,1.4470588235294117
person531_bacteria_2241.jpeg,data/train/PNEUMONIA/person531_bacteria_2241.jpeg,968,648,L,train,PNEUMONIA,1.4938271604938271
person531_bacteria_2242.jpeg,data/train/PNEUMONIA/person531_bacteria_2242.jpeg,1144,936,L,train,PNEUMONIA,1.2222222222222223
person531_virus_1053.jpeg,data/train/PNEUMONIA/person531_virus_1053.jpeg,1312,776,L,train,PNEUMONIA,1.690721649484536
person532_virus_1054.jpeg,data/train/PNEUMONIA/person532_virus_1054.jpeg,931,586,RGB,train,PNEUMONIA,1.5887372013651877
person533_bacteria_2245.jpeg,data/train/PNEUMONIA/person533_bacteria_2245.jpeg,1048,608,L,train,PNEUMONIA,1.7236842105263157
person533_bacteria_2250.jpeg,data/train/PNEUMONIA/person533_bacteria_2250.jpeg,976,600,L,train,PNEUMONIA,1.6266666666666667
person533_virus_1055.jpeg,data/train/PNEUMONIA/person533_virus_1055.jpeg,1200,752,L,train,PNEUMONIA,1.5957446808510638
person534_bacteria_2251.jpeg,data/train/PNEUMONIA/person534_bacteria_2251.jpeg,1322,1037,L,train,PNEUMONIA,1.274831243972999
person534_bacteria_2252.jpeg,data/train/PNEUMONIA/person534_bacteria_2252.jpeg,1160,752,L,train,PNEUMONIA,1.5425531914893618
person534_bacteria_2253.jpeg,data/train/PNEUMONIA/person534_bacteria_2253.jpeg,1024,872,L,train,PNEUMONIA,1.1743119266055047
person534_bacteria_2254.jpeg,data/train/PNEUMONIA/person534_bacteria_2254.jpeg,1152,688,L,train,PNEUMONIA,1.6744186046511629
person534_virus_1061.jpeg,data/train/PNEUMONIA/person534_virus_1061.jpeg,984,656,L,train,PNEUMONIA,1.5
person535_bacteria_2255.jpeg,data/train/PNEUMONIA/person535_bacteria_2255.jpeg,1944,1555,L,train,PNEUMONIA,1.25016077170418
person535_bacteria_2256.jpeg,data/train/PNEUMONIA/person535_bacteria_2256.jpeg,1840,1350,L,train,PNEUMONIA,1.362962962962963
person535_virus_1062.jpeg,data/train/PNEUMONIA/person535_virus_1062.jpeg,1368,912,L,train,PNEUMONIA,1.5
person536_bacteria_2257.jpeg,data/train/PNEUMONIA/person536_bacteria_2257.jpeg,1112,784,L,train,PNEUMONIA,1.4183673469387754
person536_bacteria_2258.jpeg,data/train/PNEUMONIA/person536_bacteria_2258.jpeg,1232,1000,L,train,PNEUMONIA,1.232
person536_bacteria_2259.jpeg,data/train/PNEUMONIA/person536_bacteria_2259.jpeg,1104,776,L,train,PNEUMONIA,1.422680412371134
person536_bacteria_2260.jpeg,data/train/PNEUMONIA/person536_bacteria_2260.jpeg,1176,760,L,train,PNEUMONIA,1.5473684210526315
person536_virus_1064.jpeg,data/train/PNEUMONIA/person536_virus_1064.jpeg,896,578,RGB,train,PNEUMONIA,1.5501730103806228
person536_virus_1065.jpeg,data/train/PNEUMONIA/person536_virus_1065.jpeg,1084,618,RGB,train,PNEUMONIA,1.7540453074433657
person537_bacteria_2261.jpeg,data/train/PNEUMONIA/person537_bacteria_2261.jpeg,1104,888,L,train,PNEUMONIA,1.2432432432432432
person537_bacteria_2262.jpeg,data/train/PNEUMONIA/person537_bacteria_2262.jpeg,1296,896,L,train,PNEUMONIA,1.4464285714285714
person537_bacteria_2263.jpeg,data/train/PNEUMONIA/person537_bacteria_2263.jpeg,1216,1000,L,train,PNEUMONIA,1.216
person537_bacteria_2264.jpeg,data/train/PNEUMONIA/person537_bacteria_2264.jpeg,1248,904,L,train,PNEUMONIA,1.3805309734513274
person537_bacteria_2265.jpeg,data/train/PNEUMONIA/person537_bacteria_2265.jpeg,1128,776,L,train,PNEUMONIA,1.4536082474226804
person537_bacteria_2266.jpeg,data/train/PNEUMONIA/person537_bacteria_2266.jpeg,1200,872,L,train,PNEUMONIA,1.3761467889908257
person537_virus_1067.jpeg,data/train/PNEUMONIA/person537_virus_1067.jpeg,1112,744,L,train,PNEUMONIA,1.4946236559139785
person538_bacteria_2268.jpeg,data/train/PNEUMONIA/person538_bacteria_2268.jpeg,1186,751,L,train,PNEUMONIA,1.5792276964047935
person538_virus_1068.jpeg,data/train/PNEUMONIA/person538_virus_1068.jpeg,904,464,L,train,PNEUMONIA,1.9482758620689655
person539_bacteria_2269.jpeg,data/train/PNEUMONIA/person539_bacteria_2269.jpeg,845,556,RGB,train,PNEUMONIA,1.5197841726618706
person539_bacteria_2270.jpeg,data/train/PNEUMONIA/person539_bacteria_2270.jpeg,984,664,L,train,PNEUMONIA,1.4819277108433735
person539_virus_1069.jpeg,data/train/PNEUMONIA/person539_virus_1069.jpeg,896,512,L,train,PNEUMONIA,1.75
person53_bacteria_252.jpeg,data/train/PNEUMONIA/person53_bacteria_252.jpeg,1292,936,L,train,PNEUMONIA,1.3803418803418803
person53_bacteria_253.jpeg,data/train/PNEUMONIA/person53_bacteria_253.jpeg,1016,848,L,train,PNEUMONIA,1.1981132075471699
person53_bacteria_254.jpeg,data/train/PNEUMONIA/person53_bacteria_254.jpeg,1112,872,L,train,PNEUMONIA,1.275229357798165
person53_bacteria_255.jpeg,data/train/PNEUMONIA/person53_bacteria_255.jpeg,1122,832,L,train,PNEUMONIA,1.3485576923076923
person540_bacteria_2271.jpeg,data/train/PNEUMONIA/person540_bacteria_2271.jpeg,1136,888,L,train,PNEUMONIA,1.2792792792792793
person540_bacteria_2272.jpeg,data/train/PNEUMONIA/person540_bacteria_2272.jpeg,1088,736,L,train,PNEUMONIA,1.4782608695652173
person540_bacteria_2273.jpeg,data/train/PNEUMONIA/person540_bacteria_2273.jpeg,1292,1014,L,train,PNEUMONIA,1.2741617357001973
person540_virus_1070.jpeg,data/train/PNEUMONIA/person540_virus_1070.jpeg,1680,1352,L,train,PNEUMONIA,1.242603550295858
person541_bacteria_2274.jpeg,data/train/PNEUMONIA/person541_bacteria_2274.jpeg,1184,760,L,train,PNEUMONIA,1.5578947368421052
person541_bacteria_2275.jpeg,data/train/PNEUMONIA/person541_bacteria_2275.jpeg,1120,744,L,train,PNEUMONIA,1.5053763440860215
person541_virus_1071.jpeg,data/train/PNEUMONIA/person541_virus_1071.jpeg,1344,856,L,train,PNEUMONIA,1.5700934579439252
person542_bacteria_2276.jpeg,data/train/PNEUMONIA/person542_bacteria_2276.jpeg,771,447,RGB,train,PNEUMONIA,1.7248322147651007
person542_virus_1072.jpeg,data/train/PNEUMONIA/person542_virus_1072.jpeg,1232,680,L,train,PNEUMONIA,1.811764705882353
person543_bacteria_2279.jpeg,data/train/PNEUMONIA/person543_bacteria_2279.jpeg,920,736,L,train,PNEUMONIA,1.25
person543_bacteria_2280.jpeg,data/train/PNEUMONIA/person543_bacteria_2280.jpeg,1056,616,L,train,PNEUMONIA,1.7142857142857142
person543_bacteria_2281.jpeg,data/train/PNEUMONIA/person543_bacteria_2281.jpeg,1088,584,L,train,PNEUMONIA,1.8630136986301369
person543_bacteria_2282.jpeg,data/train/PNEUMONIA/person543_bacteria_2282.jpeg,1024,696,L,train,PNEUMONIA,1.471264367816092
person543_bacteria_2283.jpeg,data/train/PNEUMONIA/person543_bacteria_2283.jpeg,768,424,L,train,PNEUMONIA,1.8113207547169812
person543_bacteria_2284.jpeg,data/train/PNEUMONIA/person543_bacteria_2284.jpeg,1172,732,L,train,PNEUMONIA,1.6010928961748634
person543_virus_1073.jpeg,data/train/PNEUMONIA/person543_virus_1073.jpeg,1608,1160,L,train,PNEUMONIA,1.3862068965517242
person544_bacteria_2286.jpeg,data/train/PNEUMONIA/person544_bacteria_2286.jpeg,1488,984,L,train,PNEUMONIA,1.5121951219512195
person544_virus_1074.jpeg,data/train/PNEUMONIA/person544_virus_1074.jpeg,1664,1448,L,train,PNEUMONIA,1.149171270718232
person544_virus_1075.jpeg,data/train/PNEUMONIA/person544_virus_1075.jpeg,1752,1320,L,train,PNEUMONIA,1.3272727272727274
person544_virus_1076.jpeg,data/train/PNEUMONIA/person544_virus_1076.jpeg,1608,1392,L,train,PNEUMONIA,1.1551724137931034
person544_virus_1078.jpeg,data/train/PNEUMONIA/person544_virus_1078.jpeg,1864,1544,L,train,PNEUMONIA,1.2072538860103628
person544_virus_1079.jpeg,data/train/PNEUMONIA/person544_virus_1079.jpeg,1696,1248,L,train,PNEUMONIA,1.358974358974359
person544_virus_1080.jpeg,data/train/PNEUMONIA/person544_virus_1080.jpeg,1712,1152,L,train,PNEUMONIA,1.4861111111111112
person545_bacteria_2287.jpeg,data/train/PNEUMONIA/person545_bacteria_2287.jpeg,1056,736,L,train,PNEUMONIA,1.434782608695652
person545_bacteria_2288.jpeg,data/train/PNEUMONIA/person545_bacteria_2288.jpeg,1144,904,L,train,PNEUMONIA,1.2654867256637168
person545_bacteria_2289.jpeg,data/train/PNEUMONIA/person545_bacteria_2289.jpeg,1008,704,L,train,PNEUMONIA,1.4318181818181819
person545_bacteria_2290.jpeg,data/train/PNEUMONIA/person545_bacteria_2290.jpeg,1206,940,L,train,PNEUMONIA,1.2829787234042553
person545_virus_1081.jpeg,data/train/PNEUMONIA/person545_virus_1081.jpeg,930,655,RGB,train,PNEUMONIA,1.4198473282442747
person546_virus_1085.jpeg,data/train/PNEUMONIA/person546_virus_1085.jpeg,1336,936,L,train,PNEUMONIA,1.4273504273504274
person547_bacteria_2292.jpeg,data/train/PNEUMONIA/person547_bacteria_2292.jpeg,726,436,RGB,train,PNEUMONIA,1.665137614678899
person547_bacteria_2294.jpeg,data/train/PNEUMONIA/person547_bacteria_2294.jpeg,808,597,RGB,train,PNEUMONIA,1.3534338358458962
person547_bacteria_2296.jpeg,data/train/PNEUMONIA/person547_bacteria_2296.jpeg,856,475,RGB,train,PNEUMONIA,1.8021052631578947
person547_virus_1086.jpeg,data/train/PNEUMONIA/person547_virus_1086.jpeg,1888,1424,L,train,PNEUMONIA,1.3258426966292134
person548_bacteria_2297.jpeg,data/train/PNEUMONIA/person548_bacteria_2297.jpeg,992,704,L,train,PNEUMONIA,1.4090909090909092
person548_bacteria_2298.jpeg,data/train/PNEUMONIA/person548_bacteria_2298.jpeg,1072,664,L,train,PNEUMONIA,1.6144578313253013
person548_bacteria_2299.jpeg,data/train/PNEUMONIA/person548_bacteria_2299.jpeg,1080,608,L,train,PNEUMONIA,1.7763157894736843
person548_bacteria_2300.jpeg,data/train/PNEUMONIA/person548_bacteria_2300.jpeg,1032,680,L,train,PNEUMONIA,1.5176470588235293
person548_bacteria_2301.jpeg,data/train/PNEUMONIA/person548_bacteria_2301.jpeg,992,640,L,train,PNEUMONIA,1.55
person548_bacteria_2302.jpeg,data/train/PNEUMONIA/person548_bacteria_2302.jpeg,1264,856,L,train,PNEUMONIA,1.4766355140186915
person548_virus_1088.jpeg,data/train/PNEUMONIA/person548_virus_1088.jpeg,1016,600,L,train,PNEUMONIA,1.6933333333333334
person549_bacteria_2303.jpeg,data/train/PNEUMONIA/person549_bacteria_2303.jpeg,1032,704,L,train,PNEUMONIA,1.4659090909090908
person549_bacteria_2304.jpeg,data/train/PNEUMONIA/person549_bacteria_2304.jpeg,880,552,L,train,PNEUMONIA,1.5942028985507246
person549_bacteria_2305.jpeg,data/train/PNEUMONIA/person549_bacteria_2305.jpeg,976,608,L,train,PNEUMONIA,1.605263157894737
person549_bacteria_2306.jpeg,data/train/PNEUMONIA/person549_bacteria_2306.jpeg,896,552,L,train,PNEUMONIA,1.6231884057971016
person549_bacteria_2307.jpeg,data/train/PNEUMONIA/person549_bacteria_2307.jpeg,1010,685,L,train,PNEUMONIA,1.4744525547445255
person549_virus_1089.jpeg,data/train/PNEUMONIA/person549_virus_1089.jpeg,1504,880,L,train,PNEUMONIA,1.709090909090909
person54_bacteria_257.jpeg,data/train/PNEUMONIA/person54_bacteria_257.jpeg,1184,624,L,train,PNEUMONIA,1.8974358974358974
person54_bacteria_258.jpeg,data/train/PNEUMONIA/person54_bacteria_258.jpeg,1600,1164,L,train,PNEUMONIA,1.3745704467353952
person550_bacteria_2308.jpeg,data/train/PNEUMONIA/person550_bacteria_2308.jpeg,1208,688,L,train,PNEUMONIA,1.755813953488372
person550_bacteria_2309.jpeg,data/train/PNEUMONIA/person550_bacteria_2309.jpeg,1410,979,L,train,PNEUMONIA,1.4402451481103167
person550_virus_1090.jpeg,data/train/PNEUMONIA/person550_virus_1090.jpeg,1664,1176,L,train,PNEUMONIA,1.4149659863945578
person551_bacteria_2310.jpeg,data/train/PNEUMONIA/person551_bacteria_2310.jpeg,1176,824,L,train,PNEUMONIA,1.4271844660194175
person551_bacteria_2311.jpeg,data/train/PNEUMONIA/person551_bacteria_2311.jpeg,1376,656,L,train,PNEUMONIA,2.097560975609756
person551_virus_1091.jpeg,data/train/PNEUMONIA/person551_virus_1091.jpeg,1344,792,L,train,PNEUMONIA,1.696969696969697
person552_bacteria_2313.jpeg,data/train/PNEUMONIA/person552_bacteria_2313.jpeg,972,557,RGB,train,PNEUMONIA,1.7450628366247756
person552_bacteria_2315.jpeg,data/train/PNEUMONIA/person552_bacteria_2315.jpeg,1232,768,L,train,PNEUMONIA,1.6041666666666667
person552_virus_1092.jpeg,data/train/PNEUMONIA/person552_virus_1092.jpeg,1448,880,L,train,PNEUMONIA,1.6454545454545455
person553_bacteria_2316.jpeg,data/train/PNEUMONIA/person553_bacteria_2316.jpeg,1088,776,L,train,PNEUMONIA,1.402061855670103
person553_bacteria_2317.jpeg,data/train/PNEUMONIA/person553_bacteria_2317.jpeg,1136,840,L,train,PNEUMONIA,1.3523809523809525
person553_virus_1093.jpeg,data/train/PNEUMONIA/person553_virus_1093.jpeg,1272,928,L,train,PNEUMONIA,1.3706896551724137
person554_bacteria_2320.jpeg,data/train/PNEUMONIA/person554_bacteria_2320.jpeg,1304,744,L,train,PNEUMONIA,1.7526881720430108
person554_bacteria_2321.jpeg,data/train/PNEUMONIA/person554_bacteria_2321.jpeg,1240,728,L,train,PNEUMONIA,1.7032967032967032
person554_bacteria_2322.jpeg,data/train/PNEUMONIA/person554_bacteria_2322.jpeg,1336,744,L,train,PNEUMONIA,1.7956989247311828
person554_bacteria_2323.jpeg,data/train/PNEUMONIA/person554_bacteria_2323.jpeg,1384,809,L,train,PNEUMONIA,1.7107540173053153
person554_virus_1094.jpeg,data/train/PNEUMONIA/person554_virus_1094.jpeg,1280,1032,L,train,PNEUMONIA,1.2403100775193798
person555_bacteria_2325.jpeg,data/train/PNEUMONIA/person555_bacteria_2325.jpeg,928,576,L,train,PNEUMONIA,1.6111111111111112
person556_bacteria_2326.jpeg,data/train/PNEUMONIA/person556_bacteria_2326.jpeg,1210,886,L,train,PNEUMONIA,1.3656884875846502
person556_virus_1096.jpeg,data/train/PNEUMONIA/person556_virus_1096.jpeg,1208,824,L,train,PNEUMONIA,1.4660194174757282
person557_bacteria_2327.jpeg,data/train/PNEUMONIA/person557_bacteria_2327.jpeg,885,592,RGB,train,PNEUMONIA,1.4949324324324325
person557_virus_1097.jpeg,data/train/PNEUMONIA/person557_virus_1097.jpeg,1376,968,L,train,PNEUMONIA,1.421487603305785
person558_bacteria_2328.jpeg,data/train/PNEUMONIA/person558_bacteria_2328.jpeg,1280,905,L,train,PNEUMONIA,1.4143646408839778
person558_virus_1098.jpeg,data/train/PNEUMONIA/person558_virus_1098.jpeg,1352,1072,L,train,PNEUMONIA,1.2611940298507462
person559_bacteria_2329.jpeg,data/train/PNEUMONIA/person559_bacteria_2329.jpeg,1422,1229,L,train,PNEUMONIA,1.1570382424735557
person559_virus_1099.jpeg,data/train/PNEUMONIA/person559_virus_1099.jpeg,1352,936,L,train,PNEUMONIA,1.4444444444444444
person55_bacteria_260.jpeg,data/train/PNEUMONIA/person55_bacteria_260.jpeg,1448,984,L,train,PNEUMONIA,1.4715447154471544
person55_bacteria_261.jpeg,data/train/PNEUMONIA/person55_bacteria_261.jpeg,1240,848,L,train,PNEUMONIA,1.4622641509433962
person55_bacteria_262.jpeg,data/train/PNEUMONIA/person55_bacteria_262.jpeg,1192,984,L,train,PNEUMONIA,1.2113821138211383
person55_bacteria_263.jpeg,data/train/PNEUMONIA/person55_bacteria_263.jpeg,1256,880,L,train,PNEUMONIA,1.4272727272727272
person55_bacteria_264.jpeg,data/train/PNEUMONIA/person55_bacteria_264.jpeg,1192,808,L,train,PNEUMONIA,1.4752475247524752
person55_bacteria_265.jpeg,data/train/PNEUMONIA/person55_bacteria_265.jpeg,1526,1052,L,train,PNEUMONIA,1.450570342205323
person55_bacteria_266.jpeg,data/train/PNEUMONIA/person55_bacteria_266.jpeg,1666,1176,L,train,PNEUMONIA,1.4166666666666667
person560_bacteria_2330.jpeg,data/train/PNEUMONIA/person560_bacteria_2330.jpeg,1024,712,L,train,PNEUMONIA,1.4382022471910112
person561_bacteria_2331.jpeg,data/train/PNEUMONIA/person561_bacteria_2331.jpeg,1072,812,L,train,PNEUMONIA,1.3201970443349753
person562_bacteria_2332.jpeg,data/train/PNEUMONIA/person562_bacteria_2332.jpeg,1352,817,L,train,PNEUMONIA,1.6548347613219094
person562_virus_1102.jpeg,data/train/PNEUMONIA/person562_virus_1102.jpeg,1152,792,L,train,PNEUMONIA,1.4545454545454546
person563_bacteria_2333.jpeg,data/train/PNEUMONIA/person563_bacteria_2333.jpeg,871,488,RGB,train,PNEUMONIA,1.7848360655737705
person563_bacteria_2334.jpeg,data/train/PNEUMONIA/person563_bacteria_2334.jpeg,1152,664,L,train,PNEUMONIA,1.7349397590361446
person563_bacteria_2335.jpeg,data/train/PNEUMONIA/person563_bacteria_2335.jpeg,1056,624,L,train,PNEUMONIA,1.6923076923076923
person563_bacteria_2336.jpeg,data/train/PNEUMONIA/person563_bacteria_2336.jpeg,976,672,L,train,PNEUMONIA,1.4523809523809523
person563_bacteria_2337.jpeg,data/train/PNEUMONIA/person563_bacteria_2337.jpeg,992,712,L,train,PNEUMONIA,1.3932584269662922
person563_bacteria_2338.jpeg,data/train/PNEUMONIA/person563_bacteria_2338.jpeg,1144,656,L,train,PNEUMONIA,1.7439024390243902
person563_bacteria_2339.jpeg,data/train/PNEUMONIA/person563_bacteria_2339.jpeg,1088,568,L,train,PNEUMONIA,1.9154929577464788
person563_bacteria_2340.jpeg,data/train/PNEUMONIA/person563_bacteria_2340.jpeg,1064,696,L,train,PNEUMONIA,1.528735632183908
person563_virus_1103.jpeg,data/train/PNEUMONIA/person563_virus_1103.jpeg,864,528,L,train,PNEUMONIA,1.6363636363636365
person564_bacteria_2342.jpeg,data/train/PNEUMONIA/person564_bacteria_2342.jpeg,992,792,L,train,PNEUMONIA,1.2525252525252526
person564_bacteria_2343.jpeg,data/train/PNEUMONIA/person564_bacteria_2343.jpeg,936,696,L,train,PNEUMONIA,1.3448275862068966
person564_bacteria_2344.jpeg,data/train/PNEUMONIA/person564_bacteria_2344.jpeg,960,744,L,train,PNEUMONIA,1.2903225806451613
person564_bacteria_2345.jpeg,data/train/PNEUMONIA/person564_bacteria_2345.jpeg,944,624,L,train,PNEUMONIA,1.5128205128205128
person564_bacteria_2346.jpeg,data/train/PNEUMONIA/person564_bacteria_2346.jpeg,976,744,L,train,PNEUMONIA,1.3118279569892473
person564_bacteria_2347.jpeg,data/train/PNEUMONIA/person564_bacteria_2347.jpeg,888,616,L,train,PNEUMONIA,1.4415584415584415
person564_virus_1104.jpeg,data/train/PNEUMONIA/person564_virus_1104.jpeg,1208,848,L,train,PNEUMONIA,1.4245283018867925
person565_bacteria_2348.jpeg,data/train/PNEUMONIA/person565_bacteria_2348.jpeg,736,437,RGB,train,PNEUMONIA,1.6842105263157894
person565_virus_1105.jpeg,data/train/PNEUMONIA/person565_virus_1105.jpeg,1272,816,L,train,PNEUMONIA,1.5588235294117647
person566_bacteria_2351.jpeg,data/train/PNEUMONIA/person566_bacteria_2351.jpeg,1072,744,L,train,PNEUMONIA,1.4408602150537635
person566_virus_1106.jpeg,data/train/PNEUMONIA/person566_virus_1106.jpeg,1312,696,L,train,PNEUMONIA,1.8850574712643677
person567_bacteria_2352.jpeg,data/train/PNEUMONIA/person567_bacteria_2352.jpeg,984,712,L,train,PNEUMONIA,1.3820224719101124
person567_bacteria_2353.jpeg,data/train/PNEUMONIA/person567_bacteria_2353.jpeg,1016,632,L,train,PNEUMONIA,1.6075949367088607
person567_bacteria_2354.jpeg,data/train/PNEUMONIA/person567_bacteria_2354.jpeg,920,656,L,train,PNEUMONIA,1.4024390243902438
person567_virus_1107.jpeg,data/train/PNEUMONIA/person567_virus_1107.jpeg,1744,1104,L,train,PNEUMONIA,1.5797101449275361
person568_bacteria_2358.jpeg,data/train/PNEUMONIA/person568_bacteria_2358.jpeg,904,552,L,train,PNEUMONIA,1.6376811594202898
person568_bacteria_2359.jpeg,data/train/PNEUMONIA/person568_bacteria_2359.jpeg,1064,576,L,train,PNEUMONIA,1.8472222222222223
person569_bacteria_2360.jpeg,data/train/PNEUMONIA/person569_bacteria_2360.jpeg,952,488,L,train,PNEUMONIA,1.9508196721311475
person569_bacteria_2362.jpeg,data/train/PNEUMONIA/person569_bacteria_2362.jpeg,880,680,L,train,PNEUMONIA,1.2941176470588236
person569_bacteria_2363.jpeg,data/train/PNEUMONIA/person569_bacteria_2363.jpeg,1024,624,L,train,PNEUMONIA,1.641025641025641
person569_bacteria_2364.jpeg,data/train/PNEUMONIA/person569_bacteria_2364.jpeg,880,536,L,train,PNEUMONIA,1.6417910447761195
person569_virus_1110.jpeg,data/train/PNEUMONIA/person569_virus_1110.jpeg,1128,736,L,train,PNEUMONIA,1.5326086956521738
person56_bacteria_267.jpeg,data/train/PNEUMONIA/person56_bacteria_267.jpeg,1080,728,L,train,PNEUMONIA,1.4835164835164836
person56_bacteria_268.jpeg,data/train/PNEUMONIA/person56_bacteria_268.jpeg,1216,864,L,train,PNEUMONIA,1.4074074074074074
person56_bacteria_269.jpeg,data/train/PNEUMONIA/person56_bacteria_269.jpeg,1392,778,L,train,PNEUMONIA,1.7892030848329048
person570_bacteria_2365.jpeg,data/train/PNEUMONIA/person570_bacteria_2365.jpeg,1334,785,L,train,PNEUMONIA,1.6993630573248408
person570_virus_1112.jpeg,data/train/PNEUMONIA/person570_virus_1112.jpeg,1056,680,L,train,PNEUMONIA,1.5529411764705883
person571_bacteria_2367.jpeg,data/train/PNEUMONIA/person571_bacteria_2367.jpeg,1296,920,L,train,PNEUMONIA,1.4086956521739131
person571_virus_1114.jpeg,data/train/PNEUMONIA/person571_virus_1114.jpeg,703,457,RGB,train,PNEUMONIA,1.538293216630197
person572_bacteria_2368.jpeg,data/train/PNEUMONIA/person572_bacteria_2368.jpeg,1148,720,L,train,PNEUMONIA,1.5944444444444446
person573_bacteria_2369.jpeg,data/train/PNEUMONIA/person573_bacteria_2369.jpeg,1168,832,L,train,PNEUMONIA,1.4038461538461537
person573_virus_1116.jpeg,data/train/PNEUMONIA/person573_virus_1116.jpeg,1336,880,L,train,PNEUMONIA,1.518181818181818
person574_bacteria_2370.jpeg,data/train/PNEUMONIA/person574_bacteria_2370.jpeg,984,584,L,train,PNEUMONIA,1.6849315068493151
person574_bacteria_2371.jpeg,data/train/PNEUMONIA/person574_bacteria_2371.jpeg,984,584,L,train,PNEUMONIA,1.6849315068493151
person574_bacteria_2372.jpeg,data/train/PNEUMONIA/person574_bacteria_2372.jpeg,1024,704,L,train,PNEUMONIA,1.4545454545454546
person574_bacteria_2373.jpeg,data/train/PNEUMONIA/person574_bacteria_2373.jpeg,1016,712,L,train,PNEUMONIA,1.4269662921348314
person574_virus_1118.jpeg,data/train/PNEUMONIA/person574_virus_1118.jpeg,1304,712,L,train,PNEUMONIA,1.8314606741573034
person575_bacteria_2374.jpeg,data/train/PNEUMONIA/person575_bacteria_2374.jpeg,1244,755,L,train,PNEUMONIA,1.647682119205298
person575_virus_1119.jpeg,data/train/PNEUMONIA/person575_virus_1119.jpeg,1200,800,L,train,PNEUMONIA,1.5
person576_bacteria_2375.jpeg,data/train/PNEUMONIA/person576_bacteria_2375.jpeg,1256,1032,L,train,PNEUMONIA,1.2170542635658914
person576_bacteria_2376.jpeg,data/train/PNEUMONIA/person576_bacteria_2376.jpeg,1184,1000,L,train,PNEUMONIA,1.184
person576_virus_1120.jpeg,data/train/PNEUMONIA/person576_virus_1120.jpeg,1160,712,L,train,PNEUMONIA,1.6292134831460674
person577_bacteria_2378.jpeg,data/train/PNEUMONIA/person577_bacteria_2378.jpeg,1508,929,L,train,PNEUMONIA,1.6232508073196985
person577_virus_1121.jpeg,data/train/PNEUMONIA/person577_virus_1121.jpeg,1344,600,L,train,PNEUMONIA,2.24
person578_bacteria_2379.jpeg,data/train/PNEUMONIA/person578_bacteria_2379.jpeg,1068,763,L,train,PNEUMONIA,1.399737876802097
person578_virus_1122.jpeg,data/train/PNEUMONIA/person578_virus_1122.jpeg,1440,896,L,train,PNEUMONIA,1.6071428571428572
person579_bacteria_2381.jpeg,data/train/PNEUMONIA/person579_bacteria_2381.jpeg,824,568,L,train,PNEUMONIA,1.4507042253521127
person579_bacteria_2382.jpeg,data/train/PNEUMONIA/person579_bacteria_2382.jpeg,944,496,L,train,PNEUMONIA,1.903225806451613
person579_bacteria_2383.jpeg,data/train/PNEUMONIA/person579_bacteria_2383.jpeg,992,520,L,train,PNEUMONIA,1.9076923076923078
person579_bacteria_2384.jpeg,data/train/PNEUMONIA/person579_bacteria_2384.jpeg,840,504,L,train,PNEUMONIA,1.6666666666666667
person579_bacteria_2386.jpeg,data/train/PNEUMONIA/person579_bacteria_2386.jpeg,776,488,L,train,PNEUMONIA,1.5901639344262295
person579_virus_1123.jpeg,data/train/PNEUMONIA/person579_virus_1123.jpeg,1168,840,L,train,PNEUMONIA,1.3904761904761904
person57_bacteria_270.jpeg,data/train/PNEUMONIA/person57_bacteria_270.jpeg,1144,832,L,train,PNEUMONIA,1.375
person57_bacteria_271.jpeg,data/train/PNEUMONIA/person57_bacteria_271.jpeg,1492,1118,L,train,PNEUMONIA,1.334525939177102
person580_bacteria_2387.jpeg,data/train/PNEUMONIA/person580_bacteria_2387.jpeg,880,656,L,train,PNEUMONIA,1.3414634146341464
person580_bacteria_2388.jpeg,data/train/PNEUMONIA/person580_bacteria_2388.jpeg,896,584,L,train,PNEUMONIA,1.5342465753424657
person580_bacteria_2389.jpeg,data/train/PNEUMONIA/person580_bacteria_2389.jpeg,816,584,L,train,PNEUMONIA,1.3972602739726028
person581_bacteria_2390.jpeg,data/train/PNEUMONIA/person581_bacteria_2390.jpeg,1008,648,L,train,PNEUMONIA,1.5555555555555556
person581_bacteria_2392.jpeg,data/train/PNEUMONIA/person581_bacteria_2392.jpeg,936,576,L,train,PNEUMONIA,1.625
person581_bacteria_2393.jpeg,data/train/PNEUMONIA/person581_bacteria_2393.jpeg,896,576,L,train,PNEUMONIA,1.5555555555555556
person581_bacteria_2394.jpeg,data/train/PNEUMONIA/person581_bacteria_2394.jpeg,1008,776,L,train,PNEUMONIA,1.2989690721649485
person581_bacteria_2395.jpeg,data/train/PNEUMONIA/person581_bacteria_2395.jpeg,976,672,L,train,PNEUMONIA,1.4523809523809523
person581_bacteria_2400.jpeg,data/train/PNEUMONIA/person581_bacteria_2400.jpeg,895,517,RGB,train,PNEUMONIA,1.7311411992263057
person581_virus_1125.jpeg,data/train/PNEUMONIA/person581_virus_1125.jpeg,1736,1216,L,train,PNEUMONIA,1.4276315789473684
person582_bacteria_2403.jpeg,data/train/PNEUMONIA/person582_bacteria_2403.jpeg,1408,1296,L,train,PNEUMONIA,1.0864197530864197
person582_bacteria_2404.jpeg,data/train/PNEUMONIA/person582_bacteria_2404.jpeg,1368,1120,L,train,PNEUMONIA,1.2214285714285715
person582_bacteria_2405.jpeg,data/train/PNEUMONIA/person582_bacteria_2405.jpeg,1440,1112,L,train,PNEUMONIA,1.2949640287769784
person583_bacteria_2406.jpeg,data/train/PNEUMONIA/person583_bacteria_2406.jpeg,1841,1447,L,train,PNEUMONIA,1.2722874913614375
person583_bacteria_2408.jpeg,data/train/PNEUMONIA/person583_bacteria_2408.jpeg,1360,1080,L,train,PNEUMONIA,1.2592592592592593
person583_bacteria_2409.jpeg,data/train/PNEUMONIA/person583_bacteria_2409.jpeg,1328,928,L,train,PNEUMONIA,1.4310344827586208
person583_virus_1127.jpeg,data/train/PNEUMONIA/person583_virus_1127.jpeg,1280,712,L,train,PNEUMONIA,1.797752808988764
person584_virus_1128.jpeg,data/train/PNEUMONIA/person584_virus_1128.jpeg,1256,696,L,train,PNEUMONIA,1.8045977011494252
person585_bacteria_2411.jpeg,data/train/PNEUMONIA/person585_bacteria_2411.jpeg,1144,864,L,train,PNEUMONIA,1.3240740740740742
person585_bacteria_2412.jpeg,data/train/PNEUMONIA/person585_bacteria_2412.jpeg,1160,768,L,train,PNEUMONIA,1.5104166666666667
person585_bacteria_2413.jpeg,data/train/PNEUMONIA/person585_bacteria_2413.jpeg,1264,808,L,train,PNEUMONIA,1.5643564356435644
person585_bacteria_2414.jpeg,data/train/PNEUMONIA/person585_bacteria_2414.jpeg,1240,800,L,train,PNEUMONIA,1.55
person585_bacteria_2415.jpeg,data/train/PNEUMONIA/person585_bacteria_2415.jpeg,1096,768,L,train,PNEUMONIA,1.4270833333333333
person585_bacteria_2416.jpeg,data/train/PNEUMONIA/person585_bacteria_2416.jpeg,1208,696,L,train,PNEUMONIA,1.735632183908046
person585_virus_1129.jpeg,data/train/PNEUMONIA/person585_virus_1129.jpeg,1456,1160,L,train,PNEUMONIA,1.2551724137931035
person586_bacteria_2417.jpeg,data/train/PNEUMONIA/person586_bacteria_2417.jpeg,765,594,RGB,train,PNEUMONIA,1.2878787878787878
person586_bacteria_2418.jpeg,data/train/PNEUMONIA/person586_bacteria_2418.jpeg,928,616,L,train,PNEUMONIA,1.5064935064935066
person586_bacteria_2420.jpeg,data/train/PNEUMONIA/person586_bacteria_2420.jpeg,824,552,L,train,PNEUMONIA,1.4927536231884058
person586_virus_1130.jpeg,data/train/PNEUMONIA/person586_virus_1130.jpeg,1344,880,L,train,PNEUMONIA,1.5272727272727273
person587_bacteria_2421.jpeg,data/train/PNEUMONIA/person587_bacteria_2421.jpeg,1056,755,L,train,PNEUMONIA,1.3986754966887418
person588_bacteria_2422.jpeg,data/train/PNEUMONIA/person588_bacteria_2422.jpeg,1120,656,L,train,PNEUMONIA,1.7073170731707317
person588_bacteria_2423.jpeg,data/train/PNEUMONIA/person588_bacteria_2423.jpeg,1056,840,L,train,PNEUMONIA,1.2571428571428571
person588_virus_1134.jpeg,data/train/PNEUMONIA/person588_virus_1134.jpeg,1024,776,L,train,PNEUMONIA,1.3195876288659794
person588_virus_1135.jpeg,data/train/PNEUMONIA/person588_virus_1135.jpeg,1064,904,L,train,PNEUMONIA,1.176991150442478
person589_bacteria_2424.jpeg,data/train/PNEUMONIA/person589_bacteria_2424.jpeg,1096,672,L,train,PNEUMONIA,1.630952380952381
person589_bacteria_2425.jpeg,data/train/PNEUMONIA/person589_bacteria_2425.jpeg,736,480,L,train,PNEUMONIA,1.5333333333333334
person58_bacteria_272.jpeg,data/train/PNEUMONIA/person58_bacteria_272.jpeg,936,696,L,train,PNEUMONIA,1.3448275862068966
person58_bacteria_273.jpeg,data/train/PNEUMONIA/person58_bacteria_273.jpeg,840,600,L,train,PNEUMONIA,1.4
person58_bacteria_274.jpeg,data/train/PNEUMONIA/person58_bacteria_274.jpeg,832,416,L,train,PNEUMONIA,2.0
person58_bacteria_275.jpeg,data/train/PNEUMONIA/person58_bacteria_275.jpeg,1214,731,L,train,PNEUMONIA,1.6607387140902872
person58_bacteria_276.jpeg,data/train/PNEUMONIA/person58_bacteria_276.jpeg,1248,766,L,train,PNEUMONIA,1.629242819843342
person58_bacteria_277.jpeg,data/train/PNEUMONIA/person58_bacteria_277.jpeg,1222,782,L,train,PNEUMONIA,1.5626598465473145
person58_bacteria_278.jpeg,data/train/PNEUMONIA/person58_bacteria_278.jpeg,1202,704,L,train,PNEUMONIA,1.7073863636363635
person590_bacteria_2428.jpeg,data/train/PNEUMONIA/person590_bacteria_2428.jpeg,1512,1075,L,train,PNEUMONIA,1.4065116279069767
person590_virus_1138.jpeg,data/train/PNEUMONIA/person590_virus_1138.jpeg,1088,688,L,train,PNEUMONIA,1.5813953488372092
person591_bacteria_2429.jpeg,data/train/PNEUMONIA/person591_bacteria_2429.jpeg,1592,1183,L,train,PNEUMONIA,1.345731191885038
person591_virus_1139.jpeg,data/train/PNEUMONIA/person591_virus_1139.jpeg,1288,800,L,train,PNEUMONIA,1.61
person592_bacteria_2431.jpeg,data/train/PNEUMONIA/person592_bacteria_2431.jpeg,856,608,L,train,PNEUMONIA,1.4078947368421053
person592_bacteria_2434.jpeg,data/train/PNEUMONIA/person592_bacteria_2434.jpeg,654,389,RGB,train,PNEUMONIA,1.6812339331619537
person592_virus_1141.jpeg,data/train/PNEUMONIA/person592_virus_1141.jpeg,1056,768,L,train,PNEUMONIA,1.375
person593_bacteria_2435.jpeg,data/train/PNEUMONIA/person593_bacteria_2435.jpeg,1040,864,L,train,PNEUMONIA,1.2037037037037037
person593_virus_1142.jpeg,data/train/PNEUMONIA/person593_virus_1142.jpeg,1456,904,L,train,PNEUMONIA,1.6106194690265487
person594_bacteria_2436.jpeg,data/train/PNEUMONIA/person594_bacteria_2436.jpeg,1416,1008,L,train,PNEUMONIA,1.4047619047619047
person594_virus_1145.jpeg,data/train/PNEUMONIA/person594_virus_1145.jpeg,1312,824,L,train,PNEUMONIA,1.5922330097087378
person595_bacteria_2438.jpeg,data/train/PNEUMONIA/person595_bacteria_2438.jpeg,1016,848,L,train,PNEUMONIA,1.1981132075471699
person595_virus_1147.jpeg,data/train/PNEUMONIA/person595_virus_1147.jpeg,1536,1080,L,train,PNEUMONIA,1.4222222222222223
person596_bacteria_2440.jpeg,data/train/PNEUMONIA/person596_bacteria_2440.jpeg,848,560,L,train,PNEUMONIA,1.5142857142857142
person596_bacteria_2441.jpeg,data/train/PNEUMONIA/person596_bacteria_2441.jpeg,848,640,L,train,PNEUMONIA,1.325
person596_bacteria_2443.jpeg,data/train/PNEUMONIA/person596_bacteria_2443.jpeg,992,616,L,train,PNEUMONIA,1.6103896103896105
person596_bacteria_2444.jpeg,data/train/PNEUMONIA/person596_bacteria_2444.jpeg,928,696,L,train,PNEUMONIA,1.3333333333333333
person596_bacteria_2445.jpeg,data/train/PNEUMONIA/person596_bacteria_2445.jpeg,920,632,L,train,PNEUMONIA,1.4556962025316456
person596_bacteria_2446.jpeg,data/train/PNEUMONIA/person596_bacteria_2446.jpeg,880,584,L,train,PNEUMONIA,1.5068493150684932
person596_bacteria_2447.jpeg,data/train/PNEUMONIA/person596_bacteria_2447.jpeg,880,592,L,train,PNEUMONIA,1.4864864864864864
person596_bacteria_2449.jpeg,data/train/PNEUMONIA/person596_bacteria_2449.jpeg,848,584,L,train,PNEUMONIA,1.452054794520548
person596_virus_1149.jpeg,data/train/PNEUMONIA/person596_virus_1149.jpeg,1448,1056,L,train,PNEUMONIA,1.371212121212121
person597_bacteria_2450.jpeg,data/train/PNEUMONIA/person597_bacteria_2450.jpeg,1104,672,L,train,PNEUMONIA,1.6428571428571428
person597_bacteria_2451.jpeg,data/train/PNEUMONIA/person597_bacteria_2451.jpeg,1064,760,L,train,PNEUMONIA,1.4
person597_virus_1150.jpeg,data/train/PNEUMONIA/person597_virus_1150.jpeg,1528,1112,L,train,PNEUMONIA,1.3741007194244603
person598_bacteria_2453.jpeg,data/train/PNEUMONIA/person598_bacteria_2453.jpeg,664,360,L,train,PNEUMONIA,1.8444444444444446
person598_bacteria_2454.jpeg,data/train/PNEUMONIA/person598_bacteria_2454.jpeg,728,464,L,train,PNEUMONIA,1.5689655172413792
person598_virus_1151.jpeg,data/train/PNEUMONIA/person598_virus_1151.jpeg,1021,701,RGB,train,PNEUMONIA,1.456490727532097
person598_virus_1153.jpeg,data/train/PNEUMONIA/person598_virus_1153.jpeg,840,603,RGB,train,PNEUMONIA,1.3930348258706469
person598_virus_1154.jpeg,data/train/PNEUMONIA/person598_virus_1154.jpeg,1111,621,RGB,train,PNEUMONIA,1.789049919484702
person599_bacteria_2455.jpeg,data/train/PNEUMONIA/person599_bacteria_2455.jpeg,1310,1029,L,train,PNEUMONIA,1.2730806608357628
person599_virus_1155.jpeg,data/train/PNEUMONIA/person599_virus_1155.jpeg,1160,832,L,train,PNEUMONIA,1.3942307692307692
person59_bacteria_279.jpeg,data/train/PNEUMONIA/person59_bacteria_279.jpeg,840,488,L,train,PNEUMONIA,1.721311475409836
person59_bacteria_280.jpeg,data/train/PNEUMONIA/person59_bacteria_280.jpeg,784,496,L,train,PNEUMONIA,1.5806451612903225
person59_bacteria_281.jpeg,data/train/PNEUMONIA/person59_bacteria_281.jpeg,792,584,L,train,PNEUMONIA,1.356164383561644
person59_bacteria_282.jpeg,data/train/PNEUMONIA/person59_bacteria_282.jpeg,840,488,L,train,PNEUMONIA,1.721311475409836
person59_bacteria_283.jpeg,data/train/PNEUMONIA/person59_bacteria_283.jpeg,816,480,L,train,PNEUMONIA,1.7
person59_bacteria_284.jpeg,data/train/PNEUMONIA/person59_bacteria_284.jpeg,1122,639,L,train,PNEUMONIA,1.755868544600939
person5_bacteria_15.jpeg,data/train/PNEUMONIA/person5_bacteria_15.jpeg,1276,1110,L,train,PNEUMONIA,1.1495495495495496
person5_bacteria_16.jpeg,data/train/PNEUMONIA/person5_bacteria_16.jpeg,1168,840,L,train,PNEUMONIA,1.3904761904761904
person5_bacteria_17.jpeg,data/train/PNEUMONIA/person5_bacteria_17.jpeg,1120,784,L,train,PNEUMONIA,1.4285714285714286
person5_bacteria_19.jpeg,data/train/PNEUMONIA/person5_bacteria_19.jpeg,1160,776,L,train,PNEUMONIA,1.4948453608247423
person600_bacteria_2456.jpeg,data/train/PNEUMONIA/person600_bacteria_2456.jpeg,1072,648,L,train,PNEUMONIA,1.654320987654321
person600_bacteria_2457.jpeg,data/train/PNEUMONIA/person600_bacteria_2457.jpeg,1000,680,L,train,PNEUMONIA,1.4705882352941178
person600_bacteria_2458.jpeg,data/train/PNEUMONIA/person600_bacteria_2458.jpeg,1016,728,L,train,PNEUMONIA,1.3956043956043955
person600_virus_1156.jpeg,data/train/PNEUMONIA/person600_virus_1156.jpeg,796,548,RGB,train,PNEUMONIA,1.4525547445255473
person601_bacteria_2459.jpeg,data/train/PNEUMONIA/person601_bacteria_2459.jpeg,1268,959,L,train,PNEUMONIA,1.3222106360792492
person602_bacteria_2460.jpeg,data/train/PNEUMONIA/person602_bacteria_2460.jpeg,1288,851,L,train,PNEUMONIA,1.5135135135135136
person603_bacteria_2461.jpeg,data/train/PNEUMONIA/person603_bacteria_2461.jpeg,1112,768,L,train,PNEUMONIA,1.4479166666666667
person603_virus_1164.jpeg,data/train/PNEUMONIA/person603_virus_1164.jpeg,1160,736,L,train,PNEUMONIA,1.576086956521739
person604_bacteria_2462.jpeg,data/train/PNEUMONIA/person604_bacteria_2462.jpeg,952,568,L,train,PNEUMONIA,1.676056338028169
person604_bacteria_2463.jpeg,data/train/PNEUMONIA/person604_bacteria_2463.jpeg,1192,832,L,train,PNEUMONIA,1.4326923076923077
person604_virus_1165.jpeg,data/train/PNEUMONIA/person604_virus_1165.jpeg,1312,800,L,train,PNEUMONIA,1.64
person605_bacteria_2464.jpeg,data/train/PNEUMONIA/person605_bacteria_2464.jpeg,888,560,L,train,PNEUMONIA,1.5857142857142856
person605_bacteria_2465.jpeg,data/train/PNEUMONIA/person605_bacteria_2465.jpeg,1064,760,L,train,PNEUMONIA,1.4
person605_bacteria_2466.jpeg,data/train/PNEUMONIA/person605_bacteria_2466.jpeg,936,560,L,train,PNEUMONIA,1.6714285714285715
person605_bacteria_2467.jpeg,data/train/PNEUMONIA/person605_bacteria_2467.jpeg,888,472,L,train,PNEUMONIA,1.88135593220339
person605_bacteria_2468.jpeg,data/train/PNEUMONIA/person605_bacteria_2468.jpeg,928,704,L,train,PNEUMONIA,1.3181818181818181
person605_virus_1166.jpeg,data/train/PNEUMONIA/person605_virus_1166.jpeg,1336,1080,L,train,PNEUMONIA,1.237037037037037
person605_virus_1169.jpeg,data/train/PNEUMONIA/person605_virus_1169.jpeg,1504,992,L,train,PNEUMONIA,1.5161290322580645
person606_bacteria_2469.jpeg,data/train/PNEUMONIA/person606_bacteria_2469.jpeg,1328,968,L,train,PNEUMONIA,1.371900826446281
person607_bacteria_2470.jpeg,data/train/PNEUMONIA/person607_bacteria_2470.jpeg,1446,1021,L,train,PNEUMONIA,1.416258570029383
person607_virus_1173.jpeg,data/train/PNEUMONIA/person607_virus_1173.jpeg,1512,1160,L,train,PNEUMONIA,1.303448275862069
person608_bacteria_2471.jpeg,data/train/PNEUMONIA/person608_bacteria_2471.jpeg,1024,728,L,train,PNEUMONIA,1.4065934065934067
person608_bacteria_2472.jpeg,data/train/PNEUMONIA/person608_bacteria_2472.jpeg,1176,752,L,train,PNEUMONIA,1.5638297872340425
person608_bacteria_2473.jpeg,data/train/PNEUMONIA/person608_bacteria_2473.jpeg,1192,672,L,train,PNEUMONIA,1.7738095238095237
person608_virus_1175.jpeg,data/train/PNEUMONIA/person608_virus_1175.jpeg,1176,728,L,train,PNEUMONIA,1.6153846153846154
person609_bacteria_2474.jpeg,data/train/PNEUMONIA/person609_bacteria_2474.jpeg,1704,1435,L,train,PNEUMONIA,1.1874564459930315
person609_virus_1176.jpeg,data/train/PNEUMONIA/person609_virus_1176.jpeg,1024,656,L,train,PNEUMONIA,1.5609756097560976
person60_bacteria_285.jpeg,data/train/PNEUMONIA/person60_bacteria_285.jpeg,952,592,L,train,PNEUMONIA,1.6081081081081081
person60_bacteria_286.jpeg,data/train/PNEUMONIA/person60_bacteria_286.jpeg,920,528,L,train,PNEUMONIA,1.7424242424242424
person60_bacteria_287.jpeg,data/train/PNEUMONIA/person60_bacteria_287.jpeg,1302,867,L,train,PNEUMONIA,1.5017301038062283
person610_bacteria_2475.jpeg,data/train/PNEUMONIA/person610_bacteria_2475.jpeg,1338,1044,L,train,PNEUMONIA,1.2816091954022988
person610_virus_1177.jpeg,data/train/PNEUMONIA/person610_virus_1177.jpeg,1440,1104,L,train,PNEUMONIA,1.3043478260869565
person611_bacteria_2476.jpeg,data/train/PNEUMONIA/person611_bacteria_2476.jpeg,1560,1200,L,train,PNEUMONIA,1.3
person612_bacteria_2477.jpeg,data/train/PNEUMONIA/person612_bacteria_2477.jpeg,693,356,RGB,train,PNEUMONIA,1.946629213483146
person612_bacteria_2478.jpeg,data/train/PNEUMONIA/person612_bacteria_2478.jpeg,1112,624,L,train,PNEUMONIA,1.7820512820512822
person612_virus_1179.jpeg,data/train/PNEUMONIA/person612_virus_1179.jpeg,1592,1328,L,train,PNEUMONIA,1.1987951807228916
person613_bacteria_2479.jpeg,data/train/PNEUMONIA/person613_bacteria_2479.jpeg,1467,1123,L,train,PNEUMONIA,1.3063223508459483
person613_virus_1181.jpeg,data/train/PNEUMONIA/person613_virus_1181.jpeg,1424,1168,L,train,PNEUMONIA,1.2191780821917808
person614_bacteria_2480.jpeg,data/train/PNEUMONIA/person614_bacteria_2480.jpeg,936,656,L,train,PNEUMONIA,1.4268292682926829
person614_bacteria_2481.jpeg,data/train/PNEUMONIA/person614_bacteria_2481.jpeg,1080,648,L,train,PNEUMONIA,1.6666666666666667
person614_bacteria_2483.jpeg,data/train/PNEUMONIA/person614_bacteria_2483.jpeg,920,576,L,train,PNEUMONIA,1.5972222222222223
person614_virus_1183.jpeg,data/train/PNEUMONIA/person614_virus_1183.jpeg,1240,760,L,train,PNEUMONIA,1.631578947368421
person615_virus_1184.jpeg,data/train/PNEUMONIA/person615_virus_1184.jpeg,1752,1264,L,train,PNEUMONIA,1.3860759493670887
person616_bacteria_2487.jpeg,data/train/PNEUMONIA/person616_bacteria_2487.jpeg,1206,848,L,train,PNEUMONIA,1.4221698113207548
person616_virus_1186.jpeg,data/train/PNEUMONIA/person616_virus_1186.jpeg,1464,800,L,train,PNEUMONIA,1.83
person617_bacteria_2488.jpeg,data/train/PNEUMONIA/person617_bacteria_2488.jpeg,1422,952,L,train,PNEUMONIA,1.4936974789915967
person617_virus_1187.jpeg,data/train/PNEUMONIA/person617_virus_1187.jpeg,1360,776,L,train,PNEUMONIA,1.7525773195876289
person618_bacteria_2489.jpeg,data/train/PNEUMONIA/person618_bacteria_2489.jpeg,1430,1087,L,train,PNEUMONIA,1.3155473781048759
person618_virus_1189.jpeg,data/train/PNEUMONIA/person618_virus_1189.jpeg,1152,664,L,train,PNEUMONIA,1.7349397590361446
person619_bacteria_2490.jpeg,data/train/PNEUMONIA/person619_bacteria_2490.jpeg,1686,1334,L,train,PNEUMONIA,1.2638680659670165
person619_bacteria_2491.jpeg,data/train/PNEUMONIA/person619_bacteria_2491.jpeg,1456,1104,L,train,PNEUMONIA,1.318840579710145
person619_virus_1190.jpeg,data/train/PNEUMONIA/person619_virus_1190.jpeg,1728,1008,L,train,PNEUMONIA,1.7142857142857142
person61_bacteria_288.jpeg,data/train/PNEUMONIA/person61_bacteria_288.jpeg,1180,863,L,train,PNEUMONIA,1.3673232908458866
person61_bacteria_289.jpeg,data/train/PNEUMONIA/person61_bacteria_289.jpeg,976,768,L,train,PNEUMONIA,1.2708333333333333
person61_bacteria_290.jpeg,data/train/PNEUMONIA/person61_bacteria_290.jpeg,968,672,L,train,PNEUMONIA,1.4404761904761905
person61_bacteria_291.jpeg,data/train/PNEUMONIA/person61_bacteria_291.jpeg,848,640,L,train,PNEUMONIA,1.325
person61_bacteria_292.jpeg,data/train/PNEUMONIA/person61_bacteria_292.jpeg,968,744,L,train,PNEUMONIA,1.3010752688172043
person61_bacteria_293.jpeg,data/train/PNEUMONIA/person61_bacteria_293.jpeg,984,784,L,train,PNEUMONIA,1.2551020408163265
person61_bacteria_294.jpeg,data/train/PNEUMONIA/person61_bacteria_294.jpeg,1024,632,L,train,PNEUMONIA,1.620253164556962
person61_bacteria_295.jpeg,data/train/PNEUMONIA/person61_bacteria_295.jpeg,1096,784,L,train,PNEUMONIA,1.3979591836734695
person61_bacteria_296.jpeg,data/train/PNEUMONIA/person61_bacteria_296.jpeg,1264,1071,L,train,PNEUMONIA,1.1802054154995332
person61_bacteria_297.jpeg,data/train/PNEUMONIA/person61_bacteria_297.jpeg,1252,990,L,train,PNEUMONIA,1.2646464646464646
person620_bacteria_2492.jpeg,data/train/PNEUMONIA/person620_bacteria_2492.jpeg,1778,1295,L,train,PNEUMONIA,1.372972972972973
person620_virus_1191.jpeg,data/train/PNEUMONIA/person620_virus_1191.jpeg,1368,840,L,train,PNEUMONIA,1.6285714285714286
person620_virus_1192.jpeg,data/train/PNEUMONIA/person620_virus_1192.jpeg,1416,864,L,train,PNEUMONIA,1.6388888888888888
person621_virus_1194.jpeg,data/train/PNEUMONIA/person621_virus_1194.jpeg,791,615,RGB,train,PNEUMONIA,1.2861788617886178
person621_virus_1195.jpeg,data/train/PNEUMONIA/person621_virus_1195.jpeg,1328,736,L,train,PNEUMONIA,1.8043478260869565
person622_bacteria_2494.jpeg,data/train/PNEUMONIA/person622_bacteria_2494.jpeg,1381,1044,L,train,PNEUMONIA,1.3227969348659003
person622_virus_1196.jpeg,data/train/PNEUMONIA/person622_virus_1196.jpeg,1360,1048,L,train,PNEUMONIA,1.297709923664122
person623_bacteria_2495.jpeg,data/train/PNEUMONIA/person623_bacteria_2495.jpeg,1088,752,L,train,PNEUMONIA,1.446808510638298
person623_bacteria_2496.jpeg,data/train/PNEUMONIA/person623_bacteria_2496.jpeg,1000,624,L,train,PNEUMONIA,1.6025641025641026
person623_virus_1197.jpeg,data/train/PNEUMONIA/person623_virus_1197.jpeg,1216,832,L,train,PNEUMONIA,1.4615384615384615
person624_bacteria_2497.jpeg,data/train/PNEUMONIA/person624_bacteria_2497.jpeg,1442,898,L,train,PNEUMONIA,1.6057906458797326
person624_virus_1198.jpeg,data/train/PNEUMONIA/person624_virus_1198.jpeg,1336,824,L,train,PNEUMONIA,1.6213592233009708
person625_bacteria_2499.jpeg,data/train/PNEUMONIA/person625_bacteria_2499.jpeg,944,560,L,train,PNEUMONIA,1.6857142857142857
person625_bacteria_2500.jpeg,data/train/PNEUMONIA/person625_bacteria_2500.jpeg,992,600,L,train,PNEUMONIA,1.6533333333333333
person625_virus_1199.jpeg,data/train/PNEUMONIA/person625_virus_1199.jpeg,1408,1128,L,train,PNEUMONIA,1.24822695035461
person626_bacteria_2502.jpeg,data/train/PNEUMONIA/person626_bacteria_2502.jpeg,759,409,RGB,train,PNEUMONIA,1.8557457212713937
person626_virus_1202.jpeg,data/train/PNEUMONIA/person626_virus_1202.jpeg,1416,1160,L,train,PNEUMONIA,1.2206896551724138
person627_virus_1204.jpeg,data/train/PNEUMONIA/person627_virus_1204.jpeg,968,608,L,train,PNEUMONIA,1.5921052631578947
person628_bacteria_2505.jpeg,data/train/PNEUMONIA/person628_bacteria_2505.jpeg,1650,1253,L,train,PNEUMONIA,1.3168395849960095
person628_virus_1206.jpeg,data/train/PNEUMONIA/person628_virus_1206.jpeg,1400,968,L,train,PNEUMONIA,1.4462809917355373
person629_bacteria_2506.jpeg,data/train/PNEUMONIA/person629_bacteria_2506.jpeg,1008,576,L,train,PNEUMONIA,1.75
person629_bacteria_2507.jpeg,data/train/PNEUMONIA/person629_bacteria_2507.jpeg,1040,560,L,train,PNEUMONIA,1.8571428571428572
person629_bacteria_2508.jpeg,data/train/PNEUMONIA/person629_bacteria_2508.jpeg,920,648,L,train,PNEUMONIA,1.4197530864197532
person629_bacteria_2509.jpeg,data/train/PNEUMONIA/person629_bacteria_2509.jpeg,904,664,L,train,PNEUMONIA,1.3614457831325302
person629_bacteria_2510.jpeg,data/train/PNEUMONIA/person629_bacteria_2510.jpeg,904,568,L,train,PNEUMONIA,1.591549295774648
person629_virus_1207.jpeg,data/train/PNEUMONIA/person629_virus_1207.jpeg,1280,768,L,train,PNEUMONIA,1.6666666666666667
person62_bacteria_298.jpeg,data/train/PNEUMONIA/person62_bacteria_298.jpeg,1372,948,L,train,PNEUMONIA,1.4472573839662448
person62_bacteria_299.jpeg,data/train/PNEUMONIA/person62_bacteria_299.jpeg,1152,856,L,train,PNEUMONIA,1.3457943925233644
person62_bacteria_300.jpeg,data/train/PNEUMONIA/person62_bacteria_300.jpeg,1064,936,L,train,PNEUMONIA,1.1367521367521367
person62_bacteria_301.jpeg,data/train/PNEUMONIA/person62_bacteria_301.jpeg,1064,896,L,train,PNEUMONIA,1.1875
person62_bacteria_302.jpeg,data/train/PNEUMONIA/person62_bacteria_302.jpeg,1348,979,L,train,PNEUMONIA,1.3769152196118488
person62_bacteria_303.jpeg,data/train/PNEUMONIA/person62_bacteria_303.jpeg,1422,1032,L,train,PNEUMONIA,1.377906976744186
person630_bacteria_2512.jpeg,data/train/PNEUMONIA/person630_bacteria_2512.jpeg,1110,886,L,train,PNEUMONIA,1.252821670428894
person630_bacteria_2513.jpeg,data/train/PNEUMONIA/person630_bacteria_2513.jpeg,920,760,L,train,PNEUMONIA,1.2105263157894737
person630_bacteria_2514.jpeg,data/train/PNEUMONIA/person630_bacteria_2514.jpeg,936,768,L,train,PNEUMONIA,1.21875
person630_bacteria_2515.jpeg,data/train/PNEUMONIA/person630_bacteria_2515.jpeg,920,808,L,train,PNEUMONIA,1.1386138613861385
person630_bacteria_2516.jpeg,data/train/PNEUMONIA/person630_bacteria_2516.jpeg,968,624,L,train,PNEUMONIA,1.5512820512820513
person630_virus_1209.jpeg,data/train/PNEUMONIA/person630_virus_1209.jpeg,823,655,RGB,train,PNEUMONIA,1.2564885496183207
person632_bacteria_2520.jpeg,data/train/PNEUMONIA/person632_bacteria_2520.jpeg,936,568,L,train,PNEUMONIA,1.647887323943662
person632_bacteria_2521.jpeg,data/train/PNEUMONIA/person632_bacteria_2521.jpeg,1032,712,L,train,PNEUMONIA,1.449438202247191
person632_virus_1211.jpeg,data/train/PNEUMONIA/person632_virus_1211.jpeg,1624,1072,L,train,PNEUMONIA,1.5149253731343284
person633_bacteria_2522.jpeg,data/train/PNEUMONIA/person633_bacteria_2522.jpeg,1180,809,L,train,PNEUMONIA,1.4585908529048208
person633_virus_1213.jpeg,data/train/PNEUMONIA/person633_virus_1213.jpeg,1288,656,L,train,PNEUMONIA,1.9634146341463414
person634_bacteria_2525.jpeg,data/train/PNEUMONIA/person634_bacteria_2525.jpeg,1240,832,L,train,PNEUMONIA,1.4903846153846154
person635_bacteria_2526.jpeg,data/train/PNEUMONIA/person635_bacteria_2526.jpeg,1431,1058,L,train,PNEUMONIA,1.3525519848771266
person636_bacteria_2527.jpeg,data/train/PNEUMONIA/person636_bacteria_2527.jpeg,689,366,RGB,train,PNEUMONIA,1.8825136612021858
person636_virus_1217.jpeg,data/train/PNEUMONIA/person636_virus_1217.jpeg,1144,928,L,train,PNEUMONIA,1.2327586206896552
person637_bacteria_2528.jpeg,data/train/PNEUMONIA/person637_bacteria_2528.jpeg,920,472,L,train,PNEUMONIA,1.9491525423728813
person637_bacteria_2529.jpeg,data/train/PNEUMONIA/person637_bacteria_2529.jpeg,920,496,L,train,PNEUMONIA,1.8548387096774193
person637_virus_1218.jpeg,data/train/PNEUMONIA/person637_virus_1218.jpeg,1312,928,L,train,PNEUMONIA,1.4137931034482758
person639_virus_1220.jpeg,data/train/PNEUMONIA/person639_virus_1220.jpeg,1064,552,L,train,PNEUMONIA,1.9275362318840579
person63_bacteria_306.jpeg,data/train/PNEUMONIA/person63_bacteria_306.jpeg,1048,736,L,train,PNEUMONIA,1.423913043478261
person640_bacteria_2532.jpeg,data/train/PNEUMONIA/person640_bacteria_2532.jpeg,1733,1253,L,train,PNEUMONIA,1.3830806065442938
person640_virus_1221.jpeg,data/train/PNEUMONIA/person640_virus_1221.jpeg,1360,768,L,train,PNEUMONIA,1.7708333333333333
person641_bacteria_2533.jpeg,data/train/PNEUMONIA/person641_bacteria_2533.jpeg,1848,1576,L,train,PNEUMONIA,1.1725888324873097
person641_virus_1222.jpeg,data/train/PNEUMONIA/person641_virus_1222.jpeg,1088,536,L,train,PNEUMONIA,2.029850746268657
person642_virus_1223.jpeg,data/train/PNEUMONIA/person642_virus_1223.jpeg,1184,928,L,train,PNEUMONIA,1.2758620689655173
person643_bacteria_2534.jpeg,data/train/PNEUMONIA/person643_bacteria_2534.jpeg,992,656,L,train,PNEUMONIA,1.5121951219512195
person644_bacteria_2536.jpeg,data/train/PNEUMONIA/person644_bacteria_2536.jpeg,1040,528,L,train,PNEUMONIA,1.9696969696969697
person644_virus_1225.jpeg,data/train/PNEUMONIA/person644_virus_1225.jpeg,1048,584,L,train,PNEUMONIA,1.7945205479452055
person645_bacteria_2537.jpeg,data/train/PNEUMONIA/person645_bacteria_2537.jpeg,1082,658,L,train,PNEUMONIA,1.6443768996960486
person645_virus_1226.jpeg,data/train/PNEUMONIA/person645_virus_1226.jpeg,1328,792,L,train,PNEUMONIA,1.6767676767676767
person646_bacteria_2538.jpeg,data/train/PNEUMONIA/person646_bacteria_2538.jpeg,1068,778,L,train,PNEUMONIA,1.3727506426735219
person646_virus_1227.jpeg,data/train/PNEUMONIA/person646_virus_1227.jpeg,1048,552,L,train,PNEUMONIA,1.8985507246376812
person647_bacteria_2539.jpeg,data/train/PNEUMONIA/person647_bacteria_2539.jpeg,912,704,L,train,PNEUMONIA,1.2954545454545454
person647_virus_1228.jpeg,data/train/PNEUMONIA/person647_virus_1228.jpeg,1416,1128,L,train,PNEUMONIA,1.2553191489361701
person647_virus_1229.jpeg,data/train/PNEUMONIA/person647_virus_1229.jpeg,1704,1544,L,train,PNEUMONIA,1.1036269430051813
person648_bacteria_2540.jpeg,data/train/PNEUMONIA/person648_bacteria_2540.jpeg,896,656,L,train,PNEUMONIA,1.3658536585365855
person648_virus_1230.jpeg,data/train/PNEUMONIA/person648_virus_1230.jpeg,992,784,L,train,PNEUMONIA,1.2653061224489797
person649_bacteria_2541.jpeg,data/train/PNEUMONIA/person649_bacteria_2541.jpeg,936,760,L,train,PNEUMONIA,1.231578947368421
person649_virus_1231.jpeg,data/train/PNEUMONIA/person649_virus_1231.jpeg,1192,864,L,train,PNEUMONIA,1.3796296296296295
person64_bacteria_310.jpeg,data/train/PNEUMONIA/person64_bacteria_310.jpeg,856,464,L,train,PNEUMONIA,1.8448275862068966
person64_bacteria_312.jpeg,data/train/PNEUMONIA/person64_bacteria_312.jpeg,848,504,L,train,PNEUMONIA,1.6825396825396826
person64_bacteria_316.jpeg,data/train/PNEUMONIA/person64_bacteria_316.jpeg,1287,653,RGB,train,PNEUMONIA,1.9709035222052067
person64_bacteria_317.jpeg,data/train/PNEUMONIA/person64_bacteria_317.jpeg,828,485,RGB,train,PNEUMONIA,1.7072164948453608
person64_bacteria_318.jpeg,data/train/PNEUMONIA/person64_bacteria_318.jpeg,846,468,RGB,train,PNEUMONIA,1.8076923076923077
person64_bacteria_319.jpeg,data/train/PNEUMONIA/person64_bacteria_319.jpeg,864,535,RGB,train,PNEUMONIA,1.6149532710280374
person64_bacteria_320.jpeg,data/train/PNEUMONIA/person64_bacteria_320.jpeg,990,614,RGB,train,PNEUMONIA,1.6123778501628665
person650_bacteria_2542.jpeg,data/train/PNEUMONIA/person650_bacteria_2542.jpeg,936,624,L,train,PNEUMONIA,1.5
person650_virus_1232.jpeg,data/train/PNEUMONIA/person650_virus_1232.jpeg,1248,664,L,train,PNEUMONIA,1.8795180722891567
person651_bacteria_2543.jpeg,data/train/PNEUMONIA/person651_bacteria_2543.jpeg,904,560,L,train,PNEUMONIA,1.6142857142857143
person652_bacteria_2544.jpeg,data/train/PNEUMONIA/person652_bacteria_2544.jpeg,1392,901,L,train,PNEUMONIA,1.5449500554938957
person652_virus_1234.jpeg,data/train/PNEUMONIA/person652_virus_1234.jpeg,1176,744,L,train,PNEUMONIA,1.5806451612903225
person653_bacteria_2545.jpeg,data/train/PNEUMONIA/person653_bacteria_2545.jpeg,1136,784,L,train,PNEUMONIA,1.4489795918367347
person653_virus_1235.jpeg,data/train/PNEUMONIA/person653_virus_1235.jpeg,1224,888,L,train,PNEUMONIA,1.3783783783783783
person654_bacteria_2546.jpeg,data/train/PNEUMONIA/person654_bacteria_2546.jpeg,1160,824,L,train,PNEUMONIA,1.4077669902912622
person655_bacteria_2547.jpeg,data/train/PNEUMONIA/person655_bacteria_2547.jpeg,1008,704,L,train,PNEUMONIA,1.4318181818181819
person656_bacteria_2548.jpeg,data/train/PNEUMONIA/person656_bacteria_2548.jpeg,1144,592,L,train,PNEUMONIA,1.9324324324324325
person656_virus_1238.jpeg,data/train/PNEUMONIA/person656_virus_1238.jpeg,1568,1096,L,train,PNEUMONIA,1.4306569343065694
person657_bacteria_2549.jpeg,data/train/PNEUMONIA/person657_bacteria_2549.jpeg,1226,655,L,train,PNEUMONIA,1.8717557251908397
person657_virus_1240.jpeg,data/train/PNEUMONIA/person657_virus_1240.jpeg,1616,912,L,train,PNEUMONIA,1.7719298245614035
person658_bacteria_2550.jpeg,data/train/PNEUMONIA/person658_bacteria_2550.jpeg,864,544,L,train,PNEUMONIA,1.588235294117647
person658_virus_1241.jpeg,data/train/PNEUMONIA/person658_virus_1241.jpeg,1392,912,L,train,PNEUMONIA,1.5263157894736843
person659_bacteria_2551.jpeg,data/train/PNEUMONIA/person659_bacteria_2551.jpeg,992,608,L,train,PNEUMONIA,1.631578947368421
person659_virus_1243.jpeg,data/train/PNEUMONIA/person659_virus_1243.jpeg,1432,1160,L,train,PNEUMONIA,1.2344827586206897
person65_bacteria_322.jpeg,data/train/PNEUMONIA/person65_bacteria_322.jpeg,1189,720,RGB,train,PNEUMONIA,1.6513888888888888
person660_bacteria_2552.jpeg,data/train/PNEUMONIA/person660_bacteria_2552.jpeg,1024,624,L,train,PNEUMONIA,1.641025641025641
person660_virus_1244.jpeg,data/train/PNEUMONIA/person660_virus_1244.jpeg,1232,848,L,train,PNEUMONIA,1.4528301886792452
person661_bacteria_2553.jpeg,data/train/PNEUMONIA/person661_bacteria_2553.jpeg,864,480,L,train,PNEUMONIA,1.8
person661_virus_1245.jpeg,data/train/PNEUMONIA/person661_virus_1245.jpeg,1264,896,L,train,PNEUMONIA,1.4107142857142858
person662_bacteria_2554.jpeg,data/train/PNEUMONIA/person662_bacteria_2554.jpeg,928,656,L,train,PNEUMONIA,1.4146341463414633
person662_virus_1246.jpeg,data/train/PNEUMONIA/person662_virus_1246.jpeg,1552,1224,L,train,PNEUMONIA,1.2679738562091503
person663_bacteria_2555.jpeg,data/train/PNEUMONIA/person663_bacteria_2555.jpeg,1164,809,L,train,PNEUMONIA,1.4388133498145859
person663_virus_1247.jpeg,data/train/PNEUMONIA/person663_virus_1247.jpeg,1104,684,RGB,train,PNEUMONIA,1.6140350877192982
person663_virus_1248.jpeg,data/train/PNEUMONIA/person663_virus_1248.jpeg,1216,872,L,train,PNEUMONIA,1.3944954128440368
person664_virus_1249.jpeg,data/train/PNEUMONIA/person664_virus_1249.jpeg,1464,1296,L,train,PNEUMONIA,1.1296296296296295
person665_bacteria_2557.jpeg,data/train/PNEUMONIA/person665_bacteria_2557.jpeg,1080,720,L,train,PNEUMONIA,1.5
person665_virus_1250.jpeg,data/train/PNEUMONIA/person665_virus_1250.jpeg,952,544,L,train,PNEUMONIA,1.75
person666_bacteria_2558.jpeg,data/train/PNEUMONIA/person666_bacteria_2558.jpeg,1320,792,L,train,PNEUMONIA,1.6666666666666667
person666_virus_1251.jpeg,data/train/PNEUMONIA/person666_virus_1251.jpeg,936,684,RGB,train,PNEUMONIA,1.368421052631579
person667_virus_1252.jpeg,data/train/PNEUMONIA/person667_virus_1252.jpeg,1520,968,L,train,PNEUMONIA,1.5702479338842976
person667_virus_1253.jpeg,data/train/PNEUMONIA/person667_virus_1253.jpeg,1528,1120,L,train,PNEUMONIA,1.3642857142857143
person669_bacteria_2561.jpeg,data/train/PNEUMONIA/person669_bacteria_2561.jpeg,1016,576,L,train,PNEUMONIA,1.7638888888888888
person669_bacteria_2562.jpeg,data/train/PNEUMONIA/person669_bacteria_2562.jpeg,976,552,L,train,PNEUMONIA,1.7681159420289856
person669_virus_1255.jpeg,data/train/PNEUMONIA/person669_virus_1255.jpeg,929,435,RGB,train,PNEUMONIA,2.135632183908046
person66_bacteria_323.jpeg,data/train/PNEUMONIA/person66_bacteria_323.jpeg,944,608,L,train,PNEUMONIA,1.5526315789473684
person66_bacteria_324.jpeg,data/train/PNEUMONIA/person66_bacteria_324.jpeg,1016,656,L,train,PNEUMONIA,1.548780487804878
person66_bacteria_325.jpeg,data/train/PNEUMONIA/person66_bacteria_325.jpeg,904,560,L,train,PNEUMONIA,1.6142857142857143
person66_bacteria_326.jpeg,data/train/PNEUMONIA/person66_bacteria_326.jpeg,1176,728,L,train,PNEUMONIA,1.6153846153846154
person670_bacteria_2563.jpeg,data/train/PNEUMONIA/person670_bacteria_2563.jpeg,992,736,L,train,PNEUMONIA,1.3478260869565217
person670_virus_1256.jpeg,data/train/PNEUMONIA/person670_virus_1256.jpeg,877,523,RGB,train,PNEUMONIA,1.6768642447418738
person670_virus_1259.jpeg,data/train/PNEUMONIA/person670_virus_1259.jpeg,810,391,RGB,train,PNEUMONIA,2.071611253196931
person671_bacteria_2564.jpeg,data/train/PNEUMONIA/person671_bacteria_2564.jpeg,832,528,L,train,PNEUMONIA,1.5757575757575757
person671_virus_1260.jpeg,data/train/PNEUMONIA/person671_virus_1260.jpeg,856,577,RGB,train,PNEUMONIA,1.483535528596187
person672_bacteria_2565.jpeg,data/train/PNEUMONIA/person672_bacteria_2565.jpeg,1064,632,L,train,PNEUMONIA,1.6835443037974684
person672_virus_1261.jpeg,data/train/PNEUMONIA/person672_virus_1261.jpeg,1408,872,L,train,PNEUMONIA,1.614678899082569
person673_bacteria_2566.jpeg,data/train/PNEUMONIA/person673_bacteria_2566.jpeg,848,552,L,train,PNEUMONIA,1.536231884057971
person673_virus_1263.jpeg,data/train/PNEUMONIA/person673_virus_1263.jpeg,1624,1128,L,train,PNEUMONIA,1.4397163120567376
person674_bacteria_2568.jpeg,data/train/PNEUMONIA/person674_bacteria_2568.jpeg,1381,1044,L,train,PNEUMONIA,1.3227969348659003
person675_bacteria_2569.jpeg,data/train/PNEUMONIA/person675_bacteria_2569.jpeg,705,373,RGB,train,PNEUMONIA,1.8900804289544235
person677_bacteria_2571.jpeg,data/train/PNEUMONIA/person677_bacteria_2571.jpeg,944,696,L,train,PNEUMONIA,1.3563218390804597
person677_virus_1268.jpeg,data/train/PNEUMONIA/person677_virus_1268.jpeg,1144,632,L,train,PNEUMONIA,1.8101265822784811
person678_bacteria_2572.jpeg,data/train/PNEUMONIA/person678_bacteria_2572.jpeg,1790,1145,L,train,PNEUMONIA,1.5633187772925765
person679_virus_1270.jpeg,data/train/PNEUMONIA/person679_virus_1270.jpeg,1496,1040,L,train,PNEUMONIA,1.4384615384615385
person67_bacteria_328.jpeg,data/train/PNEUMONIA/person67_bacteria_328.jpeg,848,488,L,train,PNEUMONIA,1.7377049180327868
person67_bacteria_329.jpeg,data/train/PNEUMONIA/person67_bacteria_329.jpeg,792,448,L,train,PNEUMONIA,1.7678571428571428
person67_bacteria_330.jpeg,data/train/PNEUMONIA/person67_bacteria_330.jpeg,832,440,L,train,PNEUMONIA,1.8909090909090909
person67_bacteria_331.jpeg,data/train/PNEUMONIA/person67_bacteria_331.jpeg,832,568,L,train,PNEUMONIA,1.4647887323943662
person67_bacteria_332.jpeg,data/train/PNEUMONIA/person67_bacteria_332.jpeg,728,392,L,train,PNEUMONIA,1.8571428571428572
person67_bacteria_333.jpeg,data/train/PNEUMONIA/person67_bacteria_333.jpeg,664,472,L,train,PNEUMONIA,1.4067796610169492
person67_bacteria_334.jpeg,data/train/PNEUMONIA/person67_bacteria_334.jpeg,948,542,L,train,PNEUMONIA,1.7490774907749078
person680_bacteria_2575.jpeg,data/train/PNEUMONIA/person680_bacteria_2575.jpeg,789,469,RGB,train,PNEUMONIA,1.6823027718550108
person681_bacteria_2576.jpeg,data/train/PNEUMONIA/person681_bacteria_2576.jpeg,1172,859,L,train,PNEUMONIA,1.3643771827706637
person681_virus_1272.jpeg,data/train/PNEUMONIA/person681_virus_1272.jpeg,1072,800,L,train,PNEUMONIA,1.34
person682_virus_1273.jpeg,data/train/PNEUMONIA/person682_virus_1273.jpeg,1384,792,L,train,PNEUMONIA,1.7474747474747474
person683_bacteria_2578.jpeg,data/train/PNEUMONIA/person683_bacteria_2578.jpeg,1408,992,L,train,PNEUMONIA,1.4193548387096775
person684_bacteria_2580.jpeg,data/train/PNEUMONIA/person684_bacteria_2580.jpeg,1128,704,L,train,PNEUMONIA,1.6022727272727273
person684_virus_1275.jpeg,data/train/PNEUMONIA/person684_virus_1275.jpeg,1256,880,L,train,PNEUMONIA,1.4272727272727272
person685_bacteria_2581.jpeg,data/train/PNEUMONIA/person685_bacteria_2581.jpeg,1112,688,L,train,PNEUMONIA,1.6162790697674418
person687_bacteria_2583.jpeg,data/train/PNEUMONIA/person687_bacteria_2583.jpeg,948,763,L,train,PNEUMONIA,1.2424639580602883
person688_bacteria_2584.jpeg,data/train/PNEUMONIA/person688_bacteria_2584.jpeg,872,528,L,train,PNEUMONIA,1.6515151515151516
person688_virus_1281.jpeg,data/train/PNEUMONIA/person688_virus_1281.jpeg,1136,1024,L,train,PNEUMONIA,1.109375
person688_virus_1282.jpeg,data/train/PNEUMONIA/person688_virus_1282.jpeg,1136,1024,L,train,PNEUMONIA,1.109375
person689_bacteria_2585.jpeg,data/train/PNEUMONIA/person689_bacteria_2585.jpeg,992,736,L,train,PNEUMONIA,1.3478260869565217
person689_bacteria_2586.jpeg,data/train/PNEUMONIA/person689_bacteria_2586.jpeg,1000,728,L,train,PNEUMONIA,1.3736263736263736
person68_bacteria_335.jpeg,data/train/PNEUMONIA/person68_bacteria_335.jpeg,1032,824,L,train,PNEUMONIA,1.2524271844660195
person68_bacteria_336.jpeg,data/train/PNEUMONIA/person68_bacteria_336.jpeg,1148,805,L,train,PNEUMONIA,1.4260869565217391
person68_bacteria_337.jpeg,data/train/PNEUMONIA/person68_bacteria_337.jpeg,1222,886,L,train,PNEUMONIA,1.3792325056433408
person690_bacteria_2587.jpeg,data/train/PNEUMONIA/person690_bacteria_2587.jpeg,800,640,L,train,PNEUMONIA,1.25
person691_bacteria_2588.jpeg,data/train/PNEUMONIA/person691_bacteria_2588.jpeg,920,552,L,train,PNEUMONIA,1.6666666666666667
person692_bacteria_2589.jpeg,data/train/PNEUMONIA/person692_bacteria_2589.jpeg,992,800,L,train,PNEUMONIA,1.24
person692_virus_1286.jpeg,data/train/PNEUMONIA/person692_virus_1286.jpeg,1240,912,L,train,PNEUMONIA,1.3596491228070176
person693_bacteria_2590.jpeg,data/train/PNEUMONIA/person693_bacteria_2590.jpeg,1008,640,L,train,PNEUMONIA,1.575
person696_bacteria_2594.jpeg,data/train/PNEUMONIA/person696_bacteria_2594.jpeg,823,459,RGB,train,PNEUMONIA,1.7930283224400871
person698_virus_1294.jpeg,data/train/PNEUMONIA/person698_virus_1294.jpeg,1192,808,L,train,PNEUMONIA,1.4752475247524752
person699_bacteria_2598.jpeg,data/train/PNEUMONIA/person699_bacteria_2598.jpeg,984,648,L,train,PNEUMONIA,1.5185185185185186
person699_virus_1295.jpeg,data/train/PNEUMONIA/person699_virus_1295.jpeg,1016,632,L,train,PNEUMONIA,1.6075949367088607
person69_bacteria_338.jpeg,data/train/PNEUMONIA/person69_bacteria_338.jpeg,850,560,RGB,train,PNEUMONIA,1.5178571428571428
person6_bacteria_22.jpeg,data/train/PNEUMONIA/person6_bacteria_22.jpeg,928,752,L,train,PNEUMONIA,1.2340425531914894
person700_bacteria_2599.jpeg,data/train/PNEUMONIA/person700_bacteria_2599.jpeg,1276,917,L,train,PNEUMONIA,1.3914940021810251
person701_bacteria_2600.jpeg,data/train/PNEUMONIA/person701_bacteria_2600.jpeg,1658,1010,L,train,PNEUMONIA,1.6415841584158415
person701_virus_1297.jpeg,data/train/PNEUMONIA/person701_virus_1297.jpeg,1504,1091,L,train,PNEUMONIA,1.378551787351054
person702_bacteria_2601.jpeg,data/train/PNEUMONIA/person702_bacteria_2601.jpeg,992,600,L,train,PNEUMONIA,1.6533333333333333
person702_virus_1299.jpeg,data/train/PNEUMONIA/person702_virus_1299.jpeg,1836,1535,L,train,PNEUMONIA,1.1960912052117263
person703_bacteria_2602.jpeg,data/train/PNEUMONIA/person703_bacteria_2602.jpeg,824,608,L,train,PNEUMONIA,1.355263157894737
person703_virus_1300.jpeg,data/train/PNEUMONIA/person703_virus_1300.jpeg,1766,1403,L,train,PNEUMONIA,1.2587312900926586
person704_bacteria_2603.jpeg,data/train/PNEUMONIA/person704_bacteria_2603.jpeg,936,624,L,train,PNEUMONIA,1.5
person704_virus_1301.jpeg,data/train/PNEUMONIA/person704_virus_1301.jpeg,1136,728,L,train,PNEUMONIA,1.5604395604395604
person705_virus_1302.jpeg,data/train/PNEUMONIA/person705_virus_1302.jpeg,1080,808,L,train,PNEUMONIA,1.3366336633663367
person705_virus_1303.jpeg,data/train/PNEUMONIA/person705_virus_1303.jpeg,1016,816,L,train,PNEUMONIA,1.2450980392156863
person706_virus_1304.jpeg,data/train/PNEUMONIA/person706_virus_1304.jpeg,1474,1044,L,train,PNEUMONIA,1.4118773946360152
person707_bacteria_2606.jpeg,data/train/PNEUMONIA/person707_bacteria_2606.jpeg,992,712,L,train,PNEUMONIA,1.3932584269662922
person707_virus_1305.jpeg,data/train/PNEUMONIA/person707_virus_1305.jpeg,1748,1202,L,train,PNEUMONIA,1.454242928452579
person709_bacteria_2608.jpeg,data/train/PNEUMONIA/person709_bacteria_2608.jpeg,889,569,RGB,train,PNEUMONIA,1.562390158172232
person70_bacteria_341.jpeg,data/train/PNEUMONIA/person70_bacteria_341.jpeg,952,600,L,train,PNEUMONIA,1.5866666666666667
person70_bacteria_342.jpeg,data/train/PNEUMONIA/person70_bacteria_342.jpeg,1016,560,L,train,PNEUMONIA,1.8142857142857143
person70_bacteria_343.jpeg,data/train/PNEUMONIA/person70_bacteria_343.jpeg,1016,560,L,train,PNEUMONIA,1.8142857142857143
person70_bacteria_344.jpeg,data/train/PNEUMONIA/person70_bacteria_344.jpeg,896,488,L,train,PNEUMONIA,1.8360655737704918
person70_bacteria_345.jpeg,data/train/PNEUMONIA/person70_bacteria_345.jpeg,944,576,L,train,PNEUMONIA,1.6388888888888888
person70_bacteria_346.jpeg,data/train/PNEUMONIA/person70_bacteria_346.jpeg,1070,736,L,train,PNEUMONIA,1.453804347826087
person710_bacteria_2611.jpeg,data/train/PNEUMONIA/person710_bacteria_2611.jpeg,1214,739,L,train,PNEUMONIA,1.6427604871447903
person710_virus_1308.jpeg,data/train/PNEUMONIA/person710_virus_1308.jpeg,928,552,L,train,PNEUMONIA,1.681159420289855
person711_bacteria_2612.jpeg,data/train/PNEUMONIA/person711_bacteria_2612.jpeg,1064,616,L,train,PNEUMONIA,1.7272727272727273
person711_virus_1309.jpeg,data/train/PNEUMONIA/person711_virus_1309.jpeg,888,568,L,train,PNEUMONIA,1.5633802816901408
person712_bacteria_2613.jpeg,data/train/PNEUMONIA/person712_bacteria_2613.jpeg,944,784,L,train,PNEUMONIA,1.2040816326530612
person712_virus_1310.jpeg,data/train/PNEUMONIA/person712_virus_1310.jpeg,645,462,RGB,train,PNEUMONIA,1.396103896103896
person713_bacteria_2614.jpeg,data/train/PNEUMONIA/person713_bacteria_2614.jpeg,848,632,L,train,PNEUMONIA,1.3417721518987342
person714_bacteria_2615.jpeg,data/train/PNEUMONIA/person714_bacteria_2615.jpeg,930,587,RGB,train,PNEUMONIA,1.584327086882453
person716_bacteria_2617.jpeg,data/train/PNEUMONIA/person716_bacteria_2617.jpeg,856,512,L,train,PNEUMONIA,1.671875
person716_virus_1314.jpeg,data/train/PNEUMONIA/person716_virus_1314.jpeg,800,608,L,train,PNEUMONIA,1.3157894736842106
person717_bacteria_2618.jpeg,data/train/PNEUMONIA/person717_bacteria_2618.jpeg,800,552,L,train,PNEUMONIA,1.4492753623188406
person718_bacteria_2620.jpeg,data/train/PNEUMONIA/person718_bacteria_2620.jpeg,1974,1720,L,train,PNEUMONIA,1.1476744186046512
person718_virus_1316.jpeg,data/train/PNEUMONIA/person718_virus_1316.jpeg,709,500,RGB,train,PNEUMONIA,1.418
person719_bacteria_2621.jpeg,data/train/PNEUMONIA/person719_bacteria_2621.jpeg,912,712,L,train,PNEUMONIA,1.2808988764044944
person719_virus_1338.jpeg,data/train/PNEUMONIA/person719_virus_1338.jpeg,734,307,RGB,train,PNEUMONIA,2.3908794788273617
person71_bacteria_347.jpeg,data/train/PNEUMONIA/person71_bacteria_347.jpeg,1032,800,L,train,PNEUMONIA,1.29
person71_bacteria_348.jpeg,data/train/PNEUMONIA/person71_bacteria_348.jpeg,824,656,L,train,PNEUMONIA,1.2560975609756098
person71_bacteria_349.jpeg,data/train/PNEUMONIA/person71_bacteria_349.jpeg,928,656,L,train,PNEUMONIA,1.4146341463414633
person71_bacteria_350.jpeg,data/train/PNEUMONIA/person71_bacteria_350.jpeg,952,664,L,train,PNEUMONIA,1.4337349397590362
person71_bacteria_351.jpeg,data/train/PNEUMONIA/person71_bacteria_351.jpeg,1056,925,L,train,PNEUMONIA,1.1416216216216217
person720_bacteria_2622.jpeg,data/train/PNEUMONIA/person720_bacteria_2622.jpeg,760,512,L,train,PNEUMONIA,1.484375
person720_virus_1339.jpeg,data/train/PNEUMONIA/person720_virus_1339.jpeg,1160,744,L,train,PNEUMONIA,1.5591397849462365
person721_bacteria_2623.jpeg,data/train/PNEUMONIA/person721_bacteria_2623.jpeg,816,584,L,train,PNEUMONIA,1.3972602739726028
person721_virus_1340.jpeg,data/train/PNEUMONIA/person721_virus_1340.jpeg,1056,701,L,train,PNEUMONIA,1.5064194008559202
person722_virus_1341.jpeg,data/train/PNEUMONIA/person722_virus_1341.jpeg,1430,921,L,train,PNEUMONIA,1.5526601520086862
person723_bacteria_2625.jpeg,data/train/PNEUMONIA/person723_bacteria_2625.jpeg,1008,664,L,train,PNEUMONIA,1.5180722891566265
person723_virus_1342.jpeg,data/train/PNEUMONIA/person723_virus_1342.jpeg,1776,1210,L,train,PNEUMONIA,1.4677685950413224
person724_bacteria_2626.jpeg,data/train/PNEUMONIA/person724_bacteria_2626.jpeg,848,584,L,train,PNEUMONIA,1.452054794520548
person724_virus_1343.jpeg,data/train/PNEUMONIA/person724_virus_1343.jpeg,904,672,L,train,PNEUMONIA,1.3452380952380953
person724_virus_1344.jpeg,data/train/PNEUMONIA/person724_virus_1344.jpeg,1024,528,L,train,PNEUMONIA,1.9393939393939394
person725_bacteria_2627.jpeg,data/train/PNEUMONIA/person725_bacteria_2627.jpeg,1224,880,L,train,PNEUMONIA,1.3909090909090909
person726_bacteria_2628.jpeg,data/train/PNEUMONIA/person726_bacteria_2628.jpeg,768,480,L,train,PNEUMONIA,1.6
person727_bacteria_2629.jpeg,data/train/PNEUMONIA/person727_bacteria_2629.jpeg,1180,1025,L,train,PNEUMONIA,1.1512195121951219
person727_virus_1347.jpeg,data/train/PNEUMONIA/person727_virus_1347.jpeg,1364,1242,L,train,PNEUMONIA,1.0982286634460547
person728_bacteria_2630.jpeg,data/train/PNEUMONIA/person728_bacteria_2630.jpeg,1000,528,L,train,PNEUMONIA,1.893939393939394
person72_bacteria_352.jpeg,data/train/PNEUMONIA/person72_bacteria_352.jpeg,1320,1056,L,train,PNEUMONIA,1.25
person72_bacteria_353.jpeg,data/train/PNEUMONIA/person72_bacteria_353.jpeg,1256,960,L,train,PNEUMONIA,1.3083333333333333
person72_bacteria_354.jpeg,data/train/PNEUMONIA/person72_bacteria_354.jpeg,1500,1152,L,train,PNEUMONIA,1.3020833333333333
person730_bacteria_2632.jpeg,data/train/PNEUMONIA/person730_bacteria_2632.jpeg,1176,760,L,train,PNEUMONIA,1.5473684210526315
person730_virus_1351.jpeg,data/train/PNEUMONIA/person730_virus_1351.jpeg,1584,1184,L,train,PNEUMONIA,1.337837837837838
person731_bacteria_2633.jpeg,data/train/PNEUMONIA/person731_bacteria_2633.jpeg,1008,680,L,train,PNEUMONIA,1.4823529411764707
person731_virus_1352.jpeg,data/train/PNEUMONIA/person731_virus_1352.jpeg,1985,1533,L,train,PNEUMONIA,1.29484670580561
person732_bacteria_2634.jpeg,data/train/PNEUMONIA/person732_bacteria_2634.jpeg,1360,1016,L,train,PNEUMONIA,1.3385826771653544
person732_virus_1353.jpeg,data/train/PNEUMONIA/person732_virus_1353.jpeg,1098,651,L,train,PNEUMONIA,1.6866359447004609
person733_bacteria_2635.jpeg,data/train/PNEUMONIA/person733_bacteria_2635.jpeg,1216,928,L,train,PNEUMONIA,1.3103448275862069
person734_bacteria_2637.jpeg,data/train/PNEUMONIA/person734_bacteria_2637.jpeg,1400,898,L,train,PNEUMONIA,1.55902004454343
person734_virus_1355.jpeg,data/train/PNEUMONIA/person734_virus_1355.jpeg,985,585,RGB,train,PNEUMONIA,1.6837606837606838
person735_bacteria_2638.jpeg,data/train/PNEUMONIA/person735_bacteria_2638.jpeg,1589,1044,L,train,PNEUMONIA,1.5220306513409962
person735_virus_1356.jpeg,data/train/PNEUMONIA/person735_virus_1356.jpeg,1276,947,L,train,PNEUMONIA,1.3474128827877507
person736_bacteria_2639.jpeg,data/train/PNEUMONIA/person736_bacteria_2639.jpeg,800,512,L,train,PNEUMONIA,1.5625
person736_virus_1358.jpeg,data/train/PNEUMONIA/person736_virus_1358.jpeg,982,573,RGB,train,PNEUMONIA,1.7137870855148343
person737_bacteria_2640.jpeg,data/train/PNEUMONIA/person737_bacteria_2640.jpeg,880,552,L,train,PNEUMONIA,1.5942028985507246
person738_bacteria_2641.jpeg,data/train/PNEUMONIA/person738_bacteria_2641.jpeg,976,704,L,train,PNEUMONIA,1.3863636363636365
person738_virus_1360.jpeg,data/train/PNEUMONIA/person738_virus_1360.jpeg,1662,1083,L,train,PNEUMONIA,1.5346260387811634
person739_bacteria_2642.jpeg,data/train/PNEUMONIA/person739_bacteria_2642.jpeg,1040,752,L,train,PNEUMONIA,1.3829787234042554
person739_virus_1361.jpeg,data/train/PNEUMONIA/person739_virus_1361.jpeg,883,559,RGB,train,PNEUMONIA,1.5796064400715564
person73_bacteria_355.jpeg,data/train/PNEUMONIA/person73_bacteria_355.jpeg,1152,944,L,train,PNEUMONIA,1.2203389830508475
person73_bacteria_356.jpeg,data/train/PNEUMONIA/person73_bacteria_356.jpeg,1024,696,L,train,PNEUMONIA,1.471264367816092
person73_bacteria_357.jpeg,data/train/PNEUMONIA/person73_bacteria_357.jpeg,1048,752,L,train,PNEUMONIA,1.3936170212765957
person73_bacteria_358.jpeg,data/train/PNEUMONIA/person73_bacteria_358.jpeg,1032,856,L,train,PNEUMONIA,1.205607476635514
person73_bacteria_359.jpeg,data/train/PNEUMONIA/person73_bacteria_359.jpeg,1272,896,L,train,PNEUMONIA,1.4196428571428572
person73_bacteria_360.jpeg,data/train/PNEUMONIA/person73_bacteria_360.jpeg,1298,971,L,train,PNEUMONIA,1.336766220391349
person740_bacteria_2643.jpeg,data/train/PNEUMONIA/person740_bacteria_2643.jpeg,838,498,RGB,train,PNEUMONIA,1.6827309236947792
person740_virus_1362.jpeg,data/train/PNEUMONIA/person740_virus_1362.jpeg,1040,504,L,train,PNEUMONIA,2.0634920634920637
person740_virus_1363.jpeg,data/train/PNEUMONIA/person740_virus_1363.jpeg,952,528,L,train,PNEUMONIA,1.803030303030303
person741_bacteria_2644.jpeg,data/train/PNEUMONIA/person741_bacteria_2644.jpeg,1320,840,L,train,PNEUMONIA,1.5714285714285714
person741_virus_1364.jpeg,data/train/PNEUMONIA/person741_virus_1364.jpeg,984,552,L,train,PNEUMONIA,1.7826086956521738
person742_virus_1365.jpeg,data/train/PNEUMONIA/person742_virus_1365.jpeg,928,432,L,train,PNEUMONIA,2.1481481481481484
person743_bacteria_2646.jpeg,data/train/PNEUMONIA/person743_bacteria_2646.jpeg,984,760,L,train,PNEUMONIA,1.2947368421052632
person743_virus_1366.jpeg,data/train/PNEUMONIA/person743_virus_1366.jpeg,920,736,L,train,PNEUMONIA,1.25
person744_bacteria_2647.jpeg,data/train/PNEUMONIA/person744_bacteria_2647.jpeg,1040,724,L,train,PNEUMONIA,1.4364640883977902
person744_virus_1367.jpeg,data/train/PNEUMONIA/person744_virus_1367.jpeg,1048,685,L,train,PNEUMONIA,1.5299270072992701
person745_bacteria_2648.jpeg,data/train/PNEUMONIA/person745_bacteria_2648.jpeg,1322,890,L,train,PNEUMONIA,1.4853932584269662
person745_virus_1368.jpeg,data/train/PNEUMONIA/person745_virus_1368.jpeg,942,674,RGB,train,PNEUMONIA,1.3976261127596439
person746_bacteria_2649.jpeg,data/train/PNEUMONIA/person746_bacteria_2649.jpeg,1002,535,L,train,PNEUMONIA,1.8728971962616823
person746_virus_1369.jpeg,data/train/PNEUMONIA/person746_virus_1369.jpeg,895,516,RGB,train,PNEUMONIA,1.7344961240310077
person747_bacteria_2650.jpeg,data/train/PNEUMONIA/person747_bacteria_2650.jpeg,1000,792,L,train,PNEUMONIA,1.2626262626262625
person747_virus_1370.jpeg,data/train/PNEUMONIA/person747_virus_1370.jpeg,856,568,L,train,PNEUMONIA,1.5070422535211268
person747_virus_1372.jpeg,data/train/PNEUMONIA/person747_virus_1372.jpeg,944,632,L,train,PNEUMONIA,1.4936708860759493
person748_virus_1373.jpeg,data/train/PNEUMONIA/person748_virus_1373.jpeg,992,608,L,train,PNEUMONIA,1.631578947368421
person749_bacteria_2652.jpeg,data/train/PNEUMONIA/person749_bacteria_2652.jpeg,944,552,L,train,PNEUMONIA,1.710144927536232
person749_virus_1374.jpeg,data/train/PNEUMONIA/person749_virus_1374.jpeg,968,728,L,train,PNEUMONIA,1.3296703296703296
person74_bacteria_361.jpeg,data/train/PNEUMONIA/person74_bacteria_361.jpeg,1240,928,L,train,PNEUMONIA,1.3362068965517242
person74_bacteria_362.jpeg,data/train/PNEUMONIA/person74_bacteria_362.jpeg,1368,928,L,train,PNEUMONIA,1.4741379310344827
person74_bacteria_363.jpeg,data/train/PNEUMONIA/person74_bacteria_363.jpeg,1574,959,L,train,PNEUMONIA,1.6412930135557873
person750_bacteria_2653.jpeg,data/train/PNEUMONIA/person750_bacteria_2653.jpeg,1008,656,L,train,PNEUMONIA,1.5365853658536586
person751_bacteria_2654.jpeg,data/train/PNEUMONIA/person751_bacteria_2654.jpeg,995,604,RGB,train,PNEUMONIA,1.6473509933774835
person752_virus_1377.jpeg,data/train/PNEUMONIA/person752_virus_1377.jpeg,894,610,L,train,PNEUMONIA,1.4655737704918033
person753_bacteria_2656.jpeg,data/train/PNEUMONIA/person753_bacteria_2656.jpeg,1064,688,L,train,PNEUMONIA,1.5465116279069768
person753_virus_1378.jpeg,data/train/PNEUMONIA/person753_virus_1378.jpeg,880,648,L,train,PNEUMONIA,1.3580246913580247
person754_virus_1379.jpeg,data/train/PNEUMONIA/person754_virus_1379.jpeg,904,848,L,train,PNEUMONIA,1.0660377358490567
person755_bacteria_2659.jpeg,data/train/PNEUMONIA/person755_bacteria_2659.jpeg,992,712,L,train,PNEUMONIA,1.3932584269662922
person755_virus_1380.jpeg,data/train/PNEUMONIA/person755_virus_1380.jpeg,2160,2304,L,train,PNEUMONIA,0.9375
person755_virus_1382.jpeg,data/train/PNEUMONIA/person755_virus_1382.jpeg,2096,1864,L,train,PNEUMONIA,1.1244635193133048
person756_bacteria_2660.jpeg,data/train/PNEUMONIA/person756_bacteria_2660.jpeg,904,584,L,train,PNEUMONIA,1.547945205479452
person757_bacteria_2661.jpeg,data/train/PNEUMONIA/person757_bacteria_2661.jpeg,1000,688,L,train,PNEUMONIA,1.4534883720930232
person757_virus_1385.jpeg,data/train/PNEUMONIA/person757_virus_1385.jpeg,937,533,RGB,train,PNEUMONIA,1.7579737335834897
person758_bacteria_2662.jpeg,data/train/PNEUMONIA/person758_bacteria_2662.jpeg,1040,560,L,train,PNEUMONIA,1.8571428571428572
person759_bacteria_2663.jpeg,data/train/PNEUMONIA/person759_bacteria_2663.jpeg,1064,736,L,train,PNEUMONIA,1.4456521739130435
person759_virus_1387.jpeg,data/train/PNEUMONIA/person759_virus_1387.jpeg,1064,624,L,train,PNEUMONIA,1.705128205128205
person75_bacteria_364.jpeg,data/train/PNEUMONIA/person75_bacteria_364.jpeg,1000,808,L,train,PNEUMONIA,1.2376237623762376
person75_bacteria_365.jpeg,data/train/PNEUMONIA/person75_bacteria_365.jpeg,1080,728,L,train,PNEUMONIA,1.4835164835164836
person75_bacteria_366.jpeg,data/train/PNEUMONIA/person75_bacteria_366.jpeg,1016,760,L,train,PNEUMONIA,1.3368421052631578
person75_bacteria_367.jpeg,data/train/PNEUMONIA/person75_bacteria_367.jpeg,936,600,L,train,PNEUMONIA,1.56
person75_bacteria_368.jpeg,data/train/PNEUMONIA/person75_bacteria_368.jpeg,1056,696,L,train,PNEUMONIA,1.5172413793103448
person75_bacteria_369.jpeg,data/train/PNEUMONIA/person75_bacteria_369.jpeg,1106,731,L,train,PNEUMONIA,1.5129958960328318
person760_bacteria_2664.jpeg,data/train/PNEUMONIA/person760_bacteria_2664.jpeg,856,648,L,train,PNEUMONIA,1.3209876543209877
person760_virus_1388.jpeg,data/train/PNEUMONIA/person760_virus_1388.jpeg,877,513,RGB,train,PNEUMONIA,1.709551656920078
person761_bacteria_2665.jpeg,data/train/PNEUMONIA/person761_bacteria_2665.jpeg,936,624,L,train,PNEUMONIA,1.5
person761_virus_1389.jpeg,data/train/PNEUMONIA/person761_virus_1389.jpeg,1016,616,L,train,PNEUMONIA,1.6493506493506493
person762_virus_1390.jpeg,data/train/PNEUMONIA/person762_virus_1390.jpeg,1744,1312,L,train,PNEUMONIA,1.329268292682927
person763_bacteria_2667.jpeg,data/train/PNEUMONIA/person763_bacteria_2667.jpeg,968,672,L,train,PNEUMONIA,1.4404761904761905
person763_virus_1391.jpeg,data/train/PNEUMONIA/person763_virus_1391.jpeg,840,548,RGB,train,PNEUMONIA,1.532846715328467
person764_bacteria_2668.jpeg,data/train/PNEUMONIA/person764_bacteria_2668.jpeg,1016,736,L,train,PNEUMONIA,1.3804347826086956
person764_virus_1392.jpeg,data/train/PNEUMONIA/person764_virus_1392.jpeg,795,427,RGB,train,PNEUMONIA,1.8618266978922717
person765_bacteria_2669.jpeg,data/train/PNEUMONIA/person765_bacteria_2669.jpeg,2050,1497,L,train,PNEUMONIA,1.3694054776219104
person765_virus_1393.jpeg,data/train/PNEUMONIA/person765_virus_1393.jpeg,1352,817,L,train,PNEUMONIA,1.6548347613219094
person766_bacteria_2670.jpeg,data/train/PNEUMONIA/person766_bacteria_2670.jpeg,920,544,L,train,PNEUMONIA,1.6911764705882353
person767_bacteria_2671.jpeg,data/train/PNEUMONIA/person767_bacteria_2671.jpeg,1008,592,L,train,PNEUMONIA,1.7027027027027026
person768_bacteria_2672.jpeg,data/train/PNEUMONIA/person768_bacteria_2672.jpeg,912,520,L,train,PNEUMONIA,1.7538461538461538
person768_virus_1396.jpeg,data/train/PNEUMONIA/person768_virus_1396.jpeg,854,543,RGB,train,PNEUMONIA,1.572744014732965
person769_bacteria_2673.jpeg,data/train/PNEUMONIA/person769_bacteria_2673.jpeg,912,640,L,train,PNEUMONIA,1.425
person76_bacteria_370.jpeg,data/train/PNEUMONIA/person76_bacteria_370.jpeg,1360,984,L,train,PNEUMONIA,1.3821138211382114
person76_bacteria_371.jpeg,data/train/PNEUMONIA/person76_bacteria_371.jpeg,1240,1048,L,train,PNEUMONIA,1.183206106870229
person76_bacteria_372.jpeg,data/train/PNEUMONIA/person76_bacteria_372.jpeg,1458,1080,L,train,PNEUMONIA,1.35
person770_bacteria_2674.jpeg,data/train/PNEUMONIA/person770_bacteria_2674.jpeg,944,640,L,train,PNEUMONIA,1.475
person770_virus_1398.jpeg,data/train/PNEUMONIA/person770_virus_1398.jpeg,842,496,RGB,train,PNEUMONIA,1.6975806451612903
person771_bacteria_2675.jpeg,data/train/PNEUMONIA/person771_bacteria_2675.jpeg,992,552,L,train,PNEUMONIA,1.7971014492753623
person771_virus_1399.jpeg,data/train/PNEUMONIA/person771_virus_1399.jpeg,1240,552,L,train,PNEUMONIA,2.246376811594203
person772_virus_1401.jpeg,data/train/PNEUMONIA/person772_virus_1401.jpeg,1000,592,L,train,PNEUMONIA,1.6891891891891893
person773_virus_1402.jpeg,data/train/PNEUMONIA/person773_virus_1402.jpeg,952,480,L,train,PNEUMONIA,1.9833333333333334
person774_bacteria_2678.jpeg,data/train/PNEUMONIA/person774_bacteria_2678.jpeg,1088,712,L,train,PNEUMONIA,1.5280898876404494
person774_virus_1403.jpeg,data/train/PNEUMONIA/person774_virus_1403.jpeg,840,584,L,train,PNEUMONIA,1.4383561643835616
person775_bacteria_2679.jpeg,data/train/PNEUMONIA/person775_bacteria_2679.jpeg,1216,728,L,train,PNEUMONIA,1.6703296703296704
person775_virus_1404.jpeg,data/train/PNEUMONIA/person775_virus_1404.jpeg,856,568,L,train,PNEUMONIA,1.5070422535211268
person776_bacteria_2680.jpeg,data/train/PNEUMONIA/person776_bacteria_2680.jpeg,968,600,L,train,PNEUMONIA,1.6133333333333333
person776_virus_1405.jpeg,data/train/PNEUMONIA/person776_virus_1405.jpeg,1776,1591,L,train,PNEUMONIA,1.1162790697674418
person778_bacteria_2682.jpeg,data/train/PNEUMONIA/person778_bacteria_2682.jpeg,1224,656,L,train,PNEUMONIA,1.8658536585365855
person778_virus_1408.jpeg,data/train/PNEUMONIA/person778_virus_1408.jpeg,896,512,L,train,PNEUMONIA,1.75
person779_bacteria_2683.jpeg,data/train/PNEUMONIA/person779_bacteria_2683.jpeg,1144,793,L,train,PNEUMONIA,1.4426229508196722
person779_virus_1409.jpeg,data/train/PNEUMONIA/person779_virus_1409.jpeg,861,626,RGB,train,PNEUMONIA,1.3753993610223643
person779_virus_1410.jpeg,data/train/PNEUMONIA/person779_virus_1410.jpeg,752,576,L,train,PNEUMONIA,1.3055555555555556
person77_bacteria_374.jpeg,data/train/PNEUMONIA/person77_bacteria_374.jpeg,1008,848,L,train,PNEUMONIA,1.1886792452830188
person77_bacteria_375.jpeg,data/train/PNEUMONIA/person77_bacteria_375.jpeg,1224,704,L,train,PNEUMONIA,1.7386363636363635
person77_bacteria_376.jpeg,data/train/PNEUMONIA/person77_bacteria_376.jpeg,1024,872,L,train,PNEUMONIA,1.1743119266055047
person77_bacteria_377.jpeg,data/train/PNEUMONIA/person77_bacteria_377.jpeg,1156,820,L,train,PNEUMONIA,1.4097560975609755
person780_bacteria_2684.jpeg,data/train/PNEUMONIA/person780_bacteria_2684.jpeg,1453,1073,L,train,PNEUMONIA,1.354147250698975
person780_virus_1411.jpeg,data/train/PNEUMONIA/person780_virus_1411.jpeg,816,512,L,train,PNEUMONIA,1.59375
person781_virus_1412.jpeg,data/train/PNEUMONIA/person781_virus_1412.jpeg,2258,2109,L,train,PNEUMONIA,1.0706495969653864
person782_bacteria_2686.jpeg,data/train/PNEUMONIA/person782_bacteria_2686.jpeg,1312,1144,L,train,PNEUMONIA,1.1468531468531469
person783_bacteria_2687.jpeg,data/train/PNEUMONIA/person783_bacteria_2687.jpeg,1431,1044,L,train,PNEUMONIA,1.3706896551724137
person783_virus_1414.jpeg,data/train/PNEUMONIA/person783_virus_1414.jpeg,912,536,L,train,PNEUMONIA,1.7014925373134329
person785_bacteria_2689.jpeg,data/train/PNEUMONIA/person785_bacteria_2689.jpeg,1080,720,L,train,PNEUMONIA,1.5
person786_bacteria_2690.jpeg,data/train/PNEUMONIA/person786_bacteria_2690.jpeg,1000,816,L,train,PNEUMONIA,1.2254901960784315
person787_bacteria_2691.jpeg,data/train/PNEUMONIA/person787_bacteria_2691.jpeg,1546,1094,L,train,PNEUMONIA,1.413162705667276
person788_virus_1419.jpeg,data/train/PNEUMONIA/person788_virus_1419.jpeg,1940,1469,L,train,PNEUMONIA,1.3206262763784888
person789_bacteria_2694.jpeg,data/train/PNEUMONIA/person789_bacteria_2694.jpeg,1080,584,L,train,PNEUMONIA,1.8493150684931507
person789_virus_1420.jpeg,data/train/PNEUMONIA/person789_virus_1420.jpeg,1224,736,L,train,PNEUMONIA,1.6630434782608696
person790_virus_1421.jpeg,data/train/PNEUMONIA/person790_virus_1421.jpeg,1658,1145,L,train,PNEUMONIA,1.4480349344978165
person791_virus_1422.jpeg,data/train/PNEUMONIA/person791_virus_1422.jpeg,1468,1010,L,train,PNEUMONIA,1.4534653465346534
person793_virus_1424.jpeg,data/train/PNEUMONIA/person793_virus_1424.jpeg,1144,848,L,train,PNEUMONIA,1.349056603773585
person794_bacteria_2700.jpeg,data/train/PNEUMONIA/person794_bacteria_2700.jpeg,1244,959,L,train,PNEUMONIA,1.29718456725756
person795_virus_1427.jpeg,data/train/PNEUMONIA/person795_virus_1427.jpeg,878,584,RGB,train,PNEUMONIA,1.5034246575342465
person796_bacteria_2702.jpeg,data/train/PNEUMONIA/person796_bacteria_2702.jpeg,1008,576,L,train,PNEUMONIA,1.75
person796_virus_1428.jpeg,data/train/PNEUMONIA/person796_virus_1428.jpeg,1072,752,L,train,PNEUMONIA,1.425531914893617
person797_virus_1429.jpeg,data/train/PNEUMONIA/person797_virus_1429.jpeg,920,512,L,train,PNEUMONIA,1.796875
person798_virus_1430.jpeg,data/train/PNEUMONIA/person798_virus_1430.jpeg,1294,902,L,train,PNEUMONIA,1.434589800443459
person799_bacteria_2705.jpeg,data/train/PNEUMONIA/person799_bacteria_2705.jpeg,1248,944,L,train,PNEUMONIA,1.3220338983050848
person799_virus_1431.jpeg,data/train/PNEUMONIA/person799_virus_1431.jpeg,2016,2184,L,train,PNEUMONIA,0.9230769230769231
person7_bacteria_24.jpeg,data/train/PNEUMONIA/person7_bacteria_24.jpeg,1224,896,L,train,PNEUMONIA,1.3660714285714286
person7_bacteria_25.jpeg,data/train/PNEUMONIA/person7_bacteria_25.jpeg,932,588,RGB,train,PNEUMONIA,1.5850340136054422
person7_bacteria_28.jpeg,data/train/PNEUMONIA/person7_bacteria_28.jpeg,1033,697,RGB,train,PNEUMONIA,1.4820659971305596
person7_bacteria_29.jpeg,data/train/PNEUMONIA/person7_bacteria_29.jpeg,1200,824,L,train,PNEUMONIA,1.4563106796116505
person800_bacteria_2706.jpeg,data/train/PNEUMONIA/person800_bacteria_2706.jpeg,985,621,RGB,train,PNEUMONIA,1.5861513687600644
person801_virus_1434.jpeg,data/train/PNEUMONIA/person801_virus_1434.jpeg,1384,1021,L,train,PNEUMONIA,1.3555337904015672
person802_bacteria_2708.jpeg,data/train/PNEUMONIA/person802_bacteria_2708.jpeg,1260,971,L,train,PNEUMONIA,1.297631307929969
person803_bacteria_2710.jpeg,data/train/PNEUMONIA/person803_bacteria_2710.jpeg,745,467,RGB,train,PNEUMONIA,1.595289079229122
person803_virus_1436.jpeg,data/train/PNEUMONIA/person803_virus_1436.jpeg,1296,847,L,train,PNEUMONIA,1.5301062573789848
person804_bacteria_2711.jpeg,data/train/PNEUMONIA/person804_bacteria_2711.jpeg,1064,504,L,train,PNEUMONIA,2.111111111111111
person805_bacteria_2712.jpeg,data/train/PNEUMONIA/person805_bacteria_2712.jpeg,1134,731,L,train,PNEUMONIA,1.551299589603283
person806_virus_1439.jpeg,data/train/PNEUMONIA/person806_virus_1439.jpeg,1416,1344,L,train,PNEUMONIA,1.0535714285714286
person806_virus_1440.jpeg,data/train/PNEUMONIA/person806_virus_1440.jpeg,1216,1152,L,train,PNEUMONIA,1.0555555555555556
person807_virus_1441.jpeg,data/train/PNEUMONIA/person807_virus_1441.jpeg,1672,1352,L,train,PNEUMONIA,1.2366863905325445
person808_bacteria_2716.jpeg,data/train/PNEUMONIA/person808_bacteria_2716.jpeg,1132,821,L,train,PNEUMONIA,1.3788063337393424
person808_virus_1442.jpeg,data/train/PNEUMONIA/person808_virus_1442.jpeg,1746,1523,L,train,PNEUMONIA,1.1464215364412345
person809_bacteria_2717.jpeg,data/train/PNEUMONIA/person809_bacteria_2717.jpeg,1224,928,L,train,PNEUMONIA,1.3189655172413792
person809_bacteria_2718.jpeg,data/train/PNEUMONIA/person809_bacteria_2718.jpeg,1008,688,L,train,PNEUMONIA,1.4651162790697674
person80_virus_150.jpeg,data/train/PNEUMONIA/person80_virus_150.jpeg,1248,880,L,train,PNEUMONIA,1.4181818181818182
person810_bacteria_2719.jpeg,data/train/PNEUMONIA/person810_bacteria_2719.jpeg,872,608,L,train,PNEUMONIA,1.4342105263157894
person810_virus_1445.jpeg,data/train/PNEUMONIA/person810_virus_1445.jpeg,2000,1688,L,train,PNEUMONIA,1.1848341232227488
person810_virus_1446.jpeg,data/train/PNEUMONIA/person810_virus_1446.jpeg,1824,1632,L,train,PNEUMONIA,1.1176470588235294
person811_bacteria_2721.jpeg,data/train/PNEUMONIA/person811_bacteria_2721.jpeg,1558,933,L,train,PNEUMONIA,1.669882100750268
person811_virus_1447.jpeg,data/train/PNEUMONIA/person811_virus_1447.jpeg,1376,999,L,train,PNEUMONIA,1.3773773773773774
person813_bacteria_2723.jpeg,data/train/PNEUMONIA/person813_bacteria_2723.jpeg,968,499,RGB,train,PNEUMONIA,1.939879759519038
person813_bacteria_2724.jpeg,data/train/PNEUMONIA/person813_bacteria_2724.jpeg,1080,600,L,train,PNEUMONIA,1.8
person813_virus_1449.jpeg,data/train/PNEUMONIA/person813_virus_1449.jpeg,1911,1806,L,train,PNEUMONIA,1.058139534883721
person814_bacteria_2725.jpeg,data/train/PNEUMONIA/person814_bacteria_2725.jpeg,1176,664,L,train,PNEUMONIA,1.7710843373493976
person815_bacteria_2726.jpeg,data/train/PNEUMONIA/person815_bacteria_2726.jpeg,1400,1052,L,train,PNEUMONIA,1.3307984790874525
person816_bacteria_2727.jpeg,data/train/PNEUMONIA/person816_bacteria_2727.jpeg,1184,864,L,train,PNEUMONIA,1.3703703703703705
person817_bacteria_2728.jpeg,data/train/PNEUMONIA/person817_bacteria_2728.jpeg,700,463,RGB,train,PNEUMONIA,1.511879049676026
person818_bacteria_2729.jpeg,data/train/PNEUMONIA/person818_bacteria_2729.jpeg,1072,816,L,train,PNEUMONIA,1.3137254901960784
person819_bacteria_2730.jpeg,data/train/PNEUMONIA/person819_bacteria_2730.jpeg,864,528,L,train,PNEUMONIA,1.6363636363636365
person819_virus_1455.jpeg,data/train/PNEUMONIA/person819_virus_1455.jpeg,1072,603,RGB,train,PNEUMONIA,1.7777777777777777
person81_virus_152.jpeg,data/train/PNEUMONIA/person81_virus_152.jpeg,1520,984,L,train,PNEUMONIA,1.5447154471544715
person81_virus_153.jpeg,data/train/PNEUMONIA/person81_virus_153.jpeg,1472,1048,L,train,PNEUMONIA,1.4045801526717556
person820_bacteria_2731.jpeg,data/train/PNEUMONIA/person820_bacteria_2731.jpeg,1128,752,L,train,PNEUMONIA,1.5
person820_virus_1456.jpeg,data/train/PNEUMONIA/person820_virus_1456.jpeg,1716,1175,L,train,PNEUMONIA,1.4604255319148935
person823_virus_1459.jpeg,data/train/PNEUMONIA/person823_virus_1459.jpeg,920,472,L,train,PNEUMONIA,1.9491525423728813
person825_bacteria_2736.jpeg,data/train/PNEUMONIA/person825_bacteria_2736.jpeg,888,488,L,train,PNEUMONIA,1.819672131147541
person826_bacteria_2737.jpeg,data/train/PNEUMONIA/person826_bacteria_2737.jpeg,1152,752,L,train,PNEUMONIA,1.5319148936170213
person826_virus_1462.jpeg,data/train/PNEUMONIA/person826_virus_1462.jpeg,843,484,RGB,train,PNEUMONIA,1.7417355371900827
person827_bacteria_2738.jpeg,data/train/PNEUMONIA/person827_bacteria_2738.jpeg,1008,632,L,train,PNEUMONIA,1.5949367088607596
person829_bacteria_2740.jpeg,data/train/PNEUMONIA/person829_bacteria_2740.jpeg,1048,704,L,train,PNEUMONIA,1.4886363636363635
person82_virus_154.jpeg,data/train/PNEUMONIA/person82_virus_154.jpeg,1400,896,L,train,PNEUMONIA,1.5625
person82_virus_155.jpeg,data/train/PNEUMONIA/person82_virus_155.jpeg,1328,888,L,train,PNEUMONIA,1.4954954954954955
person830_bacteria_2741.jpeg,data/train/PNEUMONIA/person830_bacteria_2741.jpeg,1040,664,L,train,PNEUMONIA,1.5662650602409638
person830_virus_1466.jpeg,data/train/PNEUMONIA/person830_virus_1466.jpeg,1160,752,L,train,PNEUMONIA,1.5425531914893618
person831_bacteria_2742.jpeg,data/train/PNEUMONIA/person831_bacteria_2742.jpeg,896,528,L,train,PNEUMONIA,1.696969696969697
person832_bacteria_2743.jpeg,data/train/PNEUMONIA/person832_bacteria_2743.jpeg,904,624,L,train,PNEUMONIA,1.4487179487179487
person832_virus_1468.jpeg,data/train/PNEUMONIA/person832_virus_1468.jpeg,801,541,RGB,train,PNEUMONIA,1.4805914972273568
person833_virus_1469.jpeg,data/train/PNEUMONIA/person833_virus_1469.jpeg,1716,1222,L,train,PNEUMONIA,1.4042553191489362
person834_bacteria_2747.jpeg,data/train/PNEUMONIA/person834_bacteria_2747.jpeg,1000,560,L,train,PNEUMONIA,1.7857142857142858
person834_bacteria_2748.jpeg,data/train/PNEUMONIA/person834_bacteria_2748.jpeg,1000,560,L,train,PNEUMONIA,1.7857142857142858
person835_bacteria_2749.jpeg,data/train/PNEUMONIA/person835_bacteria_2749.jpeg,896,480,L,train,PNEUMONIA,1.8666666666666667
person835_bacteria_2750.jpeg,data/train/PNEUMONIA/person835_bacteria_2750.jpeg,928,392,L,train,PNEUMONIA,2.36734693877551
person835_virus_1472.jpeg,data/train/PNEUMONIA/person835_virus_1472.jpeg,1664,1136,L,train,PNEUMONIA,1.4647887323943662
person836_bacteria_2752.jpeg,data/train/PNEUMONIA/person836_bacteria_2752.jpeg,1160,648,L,train,PNEUMONIA,1.7901234567901234
person836_virus_1473.jpeg,data/train/PNEUMONIA/person836_virus_1473.jpeg,1752,1192,L,train,PNEUMONIA,1.4697986577181208
person837_bacteria_2753.jpeg,data/train/PNEUMONIA/person837_bacteria_2753.jpeg,1152,784,L,train,PNEUMONIA,1.469387755102041
person837_bacteria_2754.jpeg,data/train/PNEUMONIA/person837_bacteria_2754.jpeg,904,568,L,train,PNEUMONIA,1.591549295774648
person837_virus_1475.jpeg,data/train/PNEUMONIA/person837_virus_1475.jpeg,1656,1320,L,train,PNEUMONIA,1.2545454545454546
person838_virus_1476.jpeg,data/train/PNEUMONIA/person838_virus_1476.jpeg,1000,664,L,train,PNEUMONIA,1.5060240963855422
person839_bacteria_2757.jpeg,data/train/PNEUMONIA/person839_bacteria_2757.jpeg,760,440,L,train,PNEUMONIA,1.7272727272727273
person83_virus_156.jpeg,data/train/PNEUMONIA/person83_virus_156.jpeg,1504,720,L,train,PNEUMONIA,2.088888888888889
person840_bacteria_2758.jpeg,data/train/PNEUMONIA/person840_bacteria_2758.jpeg,1080,552,L,train,PNEUMONIA,1.9565217391304348
person840_bacteria_2759.jpeg,data/train/PNEUMONIA/person840_bacteria_2759.jpeg,992,544,L,train,PNEUMONIA,1.8235294117647058
person841_bacteria_2760.jpeg,data/train/PNEUMONIA/person841_bacteria_2760.jpeg,1024,616,L,train,PNEUMONIA,1.6623376623376624
person841_bacteria_2761.jpeg,data/train/PNEUMONIA/person841_bacteria_2761.jpeg,1008,768,L,train,PNEUMONIA,1.3125
person841_virus_1481.jpeg,data/train/PNEUMONIA/person841_virus_1481.jpeg,1284,878,L,train,PNEUMONIA,1.4624145785876994
person842_bacteria_2762.jpeg,data/train/PNEUMONIA/person842_bacteria_2762.jpeg,1104,752,L,train,PNEUMONIA,1.4680851063829787
person842_virus_1483.jpeg,data/train/PNEUMONIA/person842_virus_1483.jpeg,1616,1288,L,train,PNEUMONIA,1.2546583850931676
person843_bacteria_2763.jpeg,data/train/PNEUMONIA/person843_bacteria_2763.jpeg,936,688,L,train,PNEUMONIA,1.3604651162790697
person843_virus_1485.jpeg,data/train/PNEUMONIA/person843_virus_1485.jpeg,1432,944,L,train,PNEUMONIA,1.5169491525423728
person844_virus_1487.jpeg,data/train/PNEUMONIA/person844_virus_1487.jpeg,1192,789,L,train,PNEUMONIA,1.5107731305449936
person845_virus_1489.jpeg,data/train/PNEUMONIA/person845_virus_1489.jpeg,1448,1072,L,train,PNEUMONIA,1.3507462686567164
person846_bacteria_2766.jpeg,data/train/PNEUMONIA/person846_bacteria_2766.jpeg,880,472,L,train,PNEUMONIA,1.8644067796610169
person846_virus_1491.jpeg,data/train/PNEUMONIA/person846_virus_1491.jpeg,1998,1361,L,train,PNEUMONIA,1.4680382072005878
person847_bacteria_2767.jpeg,data/train/PNEUMONIA/person847_bacteria_2767.jpeg,952,600,L,train,PNEUMONIA,1.5866666666666667
person847_virus_1492.jpeg,data/train/PNEUMONIA/person847_virus_1492.jpeg,1808,1432,L,train,PNEUMONIA,1.2625698324022345
person848_bacteria_2769.jpeg,data/train/PNEUMONIA/person848_bacteria_2769.jpeg,927,523,RGB,train,PNEUMONIA,1.7724665391969407
person848_virus_1493.jpeg,data/train/PNEUMONIA/person848_virus_1493.jpeg,1376,800,L,train,PNEUMONIA,1.72
person849_bacteria_2770.jpeg,data/train/PNEUMONIA/person849_bacteria_2770.jpeg,952,544,L,train,PNEUMONIA,1.75
person849_virus_1494.jpeg,data/train/PNEUMONIA/person849_virus_1494.jpeg,1376,792,L,train,PNEUMONIA,1.7373737373737375
person84_virus_157.jpeg,data/train/PNEUMONIA/person84_virus_157.jpeg,1264,704,L,train,PNEUMONIA,1.7954545454545454
person850_bacteria_2771.jpeg,data/train/PNEUMONIA/person850_bacteria_2771.jpeg,1152,672,L,train,PNEUMONIA,1.7142857142857142
person851_virus_1496.jpeg,data/train/PNEUMONIA/person851_virus_1496.jpeg,1432,1000,L,train,PNEUMONIA,1.432
person852_virus_1497.jpeg,data/train/PNEUMONIA/person852_virus_1497.jpeg,1168,1000,L,train,PNEUMONIA,1.168
person853_bacteria_2774.jpeg,data/train/PNEUMONIA/person853_bacteria_2774.jpeg,944,568,L,train,PNEUMONIA,1.6619718309859155
person853_bacteria_2775.jpeg,data/train/PNEUMONIA/person853_bacteria_2775.jpeg,920,520,L,train,PNEUMONIA,1.7692307692307692
person853_virus_1498.jpeg,data/train/PNEUMONIA/person853_virus_1498.jpeg,1208,776,L,train,PNEUMONIA,1.556701030927835
person854_bacteria_2776.jpeg,data/train/PNEUMONIA/person854_bacteria_2776.jpeg,824,584,L,train,PNEUMONIA,1.4109589041095891
person855_bacteria_2777.jpeg,data/train/PNEUMONIA/person855_bacteria_2777.jpeg,904,672,L,train,PNEUMONIA,1.3452380952380953
person855_virus_1500.jpeg,data/train/PNEUMONIA/person855_virus_1500.jpeg,1432,944,L,train,PNEUMONIA,1.5169491525423728
person858_bacteria_2780.jpeg,data/train/PNEUMONIA/person858_bacteria_2780.jpeg,1072,744,L,train,PNEUMONIA,1.4408602150537635
person859_virus_1504.jpeg,data/train/PNEUMONIA/person859_virus_1504.jpeg,1288,944,L,train,PNEUMONIA,1.3644067796610169
person860_virus_1505.jpeg,data/train/PNEUMONIA/person860_virus_1505.jpeg,1000,664,L,train,PNEUMONIA,1.5060240963855422
person861_virus_1506.jpeg,data/train/PNEUMONIA/person861_virus_1506.jpeg,1096,536,L,train,PNEUMONIA,2.044776119402985
person862_bacteria_2784.jpeg,data/train/PNEUMONIA/person862_bacteria_2784.jpeg,992,832,L,train,PNEUMONIA,1.1923076923076923
person862_virus_1507.jpeg,data/train/PNEUMONIA/person862_virus_1507.jpeg,1336,1056,L,train,PNEUMONIA,1.2651515151515151
person863_bacteria_2785.jpeg,data/train/PNEUMONIA/person863_bacteria_2785.jpeg,1000,664,L,train,PNEUMONIA,1.5060240963855422
person863_virus_1508.jpeg,data/train/PNEUMONIA/person863_virus_1508.jpeg,1456,1072,L,train,PNEUMONIA,1.3582089552238805
person864_virus_1509.jpeg,data/train/PNEUMONIA/person864_virus_1509.jpeg,1272,936,L,train,PNEUMONIA,1.358974358974359
person866_bacteria_2788.jpeg,data/train/PNEUMONIA/person866_bacteria_2788.jpeg,904,536,L,train,PNEUMONIA,1.6865671641791045
person866_virus_1511.jpeg,data/train/PNEUMONIA/person866_virus_1511.jpeg,1608,1096,L,train,PNEUMONIA,1.467153284671533
person867_bacteria_2789.jpeg,data/train/PNEUMONIA/person867_bacteria_2789.jpeg,1104,832,L,train,PNEUMONIA,1.3269230769230769
person867_virus_1512.jpeg,data/train/PNEUMONIA/person867_virus_1512.jpeg,1672,1184,L,train,PNEUMONIA,1.412162162162162
person868_virus_1513.jpeg,data/train/PNEUMONIA/person868_virus_1513.jpeg,984,656,L,train,PNEUMONIA,1.5
person868_virus_1514.jpeg,data/train/PNEUMONIA/person868_virus_1514.jpeg,992,616,L,train,PNEUMONIA,1.6103896103896105
person86_virus_159.jpeg,data/train/PNEUMONIA/person86_virus_159.jpeg,1758,1249,L,train,PNEUMONIA,1.4075260208166533
person870_bacteria_2792.jpeg,data/train/PNEUMONIA/person870_bacteria_2792.jpeg,1032,640,L,train,PNEUMONIA,1.6125
person870_virus_1516.jpeg,data/train/PNEUMONIA/person870_virus_1516.jpeg,1448,856,L,train,PNEUMONIA,1.691588785046729
person871_bacteria_2793.jpeg,data/train/PNEUMONIA/person871_bacteria_2793.jpeg,1156,747,L,train,PNEUMONIA,1.5475234270414993
person871_virus_1517.jpeg,data/train/PNEUMONIA/person871_virus_1517.jpeg,1528,840,L,train,PNEUMONIA,1.819047619047619
person872_bacteria_2795.jpeg,data/train/PNEUMONIA/person872_bacteria_2795.jpeg,1008,696,L,train,PNEUMONIA,1.4482758620689655
person873_bacteria_2796.jpeg,data/train/PNEUMONIA/person873_bacteria_2796.jpeg,912,552,L,train,PNEUMONIA,1.6521739130434783
person874_bacteria_2797.jpeg,data/train/PNEUMONIA/person874_bacteria_2797.jpeg,1016,744,L,train,PNEUMONIA,1.3655913978494623
person875_bacteria_2798.jpeg,data/train/PNEUMONIA/person875_bacteria_2798.jpeg,928,584,L,train,PNEUMONIA,1.5890410958904109
person876_bacteria_2799.jpeg,data/train/PNEUMONIA/person876_bacteria_2799.jpeg,1096,672,L,train,PNEUMONIA,1.630952380952381
person877_bacteria_2800.jpeg,data/train/PNEUMONIA/person877_bacteria_2800.jpeg,1056,664,L,train,PNEUMONIA,1.5903614457831325
person877_virus_1525.jpeg,data/train/PNEUMONIA/person877_virus_1525.jpeg,1216,672,L,train,PNEUMONIA,1.8095238095238095
person878_bacteria_2801.jpeg,data/train/PNEUMONIA/person878_bacteria_2801.jpeg,1692,1295,L,train,PNEUMONIA,1.3065637065637066
person878_virus_1526.jpeg,data/train/PNEUMONIA/person878_virus_1526.jpeg,1216,744,L,train,PNEUMONIA,1.6344086021505377
person87_virus_160.jpeg,data/train/PNEUMONIA/person87_virus_160.jpeg,1636,1130,L,train,PNEUMONIA,1.447787610619469
person880_bacteria_2804.jpeg,data/train/PNEUMONIA/person880_bacteria_2804.jpeg,1024,664,L,train,PNEUMONIA,1.5421686746987953
person880_virus_1529.jpeg,data/train/PNEUMONIA/person880_virus_1529.jpeg,1416,912,L,train,PNEUMONIA,1.5526315789473684
person881_bacteria_2805.jpeg,data/train/PNEUMONIA/person881_bacteria_2805.jpeg,1048,544,L,train,PNEUMONIA,1.9264705882352942
person881_virus_1531.jpeg,data/train/PNEUMONIA/person881_virus_1531.jpeg,1168,760,L,train,PNEUMONIA,1.5368421052631578
person882_bacteria_2806.jpeg,data/train/PNEUMONIA/person882_bacteria_2806.jpeg,1000,568,L,train,PNEUMONIA,1.7605633802816902
person883_bacteria_2807.jpeg,data/train/PNEUMONIA/person883_bacteria_2807.jpeg,1008,584,L,train,PNEUMONIA,1.726027397260274
person883_virus_1533.jpeg,data/train/PNEUMONIA/person883_virus_1533.jpeg,1104,592,L,train,PNEUMONIA,1.864864864864865
person884_bacteria_2808.jpeg,data/train/PNEUMONIA/person884_bacteria_2808.jpeg,1306,762,L,train,PNEUMONIA,1.7139107611548556
person884_virus_1534.jpeg,data/train/PNEUMONIA/person884_virus_1534.jpeg,1256,824,L,train,PNEUMONIA,1.5242718446601942
person885_bacteria_2809.jpeg,data/train/PNEUMONIA/person885_bacteria_2809.jpeg,1256,720,L,train,PNEUMONIA,1.7444444444444445
person886_bacteria_2810.jpeg,data/train/PNEUMONIA/person886_bacteria_2810.jpeg,1372,817,L,train,PNEUMONIA,1.6793145654834762
person886_virus_1536.jpeg,data/train/PNEUMONIA/person886_virus_1536.jpeg,1656,1368,L,train,PNEUMONIA,1.2105263157894737
person887_bacteria_2811.jpeg,data/train/PNEUMONIA/person887_bacteria_2811.jpeg,942,571,L,train,PNEUMONIA,1.6497373029772329
person888_bacteria_2812.jpeg,data/train/PNEUMONIA/person888_bacteria_2812.jpeg,527,219,RGB,train,PNEUMONIA,2.406392694063927
person888_virus_1538.jpeg,data/train/PNEUMONIA/person888_virus_1538.jpeg,1392,832,L,train,PNEUMONIA,1.6730769230769231
person889_bacteria_2813.jpeg,data/train/PNEUMONIA/person889_bacteria_2813.jpeg,856,536,L,train,PNEUMONIA,1.5970149253731343
person88_virus_161.jpeg,data/train/PNEUMONIA/person88_virus_161.jpeg,1328,976,L,train,PNEUMONIA,1.360655737704918
person88_virus_163.jpeg,data/train/PNEUMONIA/person88_virus_163.jpeg,1472,1176,L,train,PNEUMONIA,1.251700680272109
person88_virus_164.jpeg,data/train/PNEUMONIA/person88_virus_164.jpeg,1432,1176,L,train,PNEUMONIA,1.217687074829932
person88_virus_165.jpeg,data/train/PNEUMONIA/person88_virus_165.jpeg,1520,1176,L,train,PNEUMONIA,1.2925170068027212
person88_virus_166.jpeg,data/train/PNEUMONIA/person88_virus_166.jpeg,1512,1008,L,train,PNEUMONIA,1.5
person88_virus_167.jpeg,data/train/PNEUMONIA/person88_virus_167.jpeg,1344,1216,L,train,PNEUMONIA,1.105263157894737
person890_bacteria_2814.jpeg,data/train/PNEUMONIA/person890_bacteria_2814.jpeg,1016,608,L,train,PNEUMONIA,1.6710526315789473
person890_virus_1540.jpeg,data/train/PNEUMONIA/person890_virus_1540.jpeg,1768,1072,L,train,PNEUMONIA,1.6492537313432836
person891_virus_1541.jpeg,data/train/PNEUMONIA/person891_virus_1541.jpeg,1048,632,L,train,PNEUMONIA,1.6582278481012658
person892_bacteria_2817.jpeg,data/train/PNEUMONIA/person892_bacteria_2817.jpeg,1080,784,L,train,PNEUMONIA,1.3775510204081634
person893_bacteria_2818.jpeg,data/train/PNEUMONIA/person893_bacteria_2818.jpeg,1000,560,L,train,PNEUMONIA,1.7857142857142858
person894_bacteria_2819.jpeg,data/train/PNEUMONIA/person894_bacteria_2819.jpeg,747,464,RGB,train,PNEUMONIA,1.6099137931034482
person894_virus_1546.jpeg,data/train/PNEUMONIA/person894_virus_1546.jpeg,1368,928,L,train,PNEUMONIA,1.4741379310344827
person895_bacteria_2820.jpeg,data/train/PNEUMONIA/person895_bacteria_2820.jpeg,1000,744,L,train,PNEUMONIA,1.3440860215053763
person895_virus_1547.jpeg,data/train/PNEUMONIA/person895_virus_1547.jpeg,1608,1104,L,train,PNEUMONIA,1.4565217391304348
person896_bacteria_2821.jpeg,data/train/PNEUMONIA/person896_bacteria_2821.jpeg,952,696,L,train,PNEUMONIA,1.367816091954023
person896_virus_1548.jpeg,data/train/PNEUMONIA/person896_virus_1548.jpeg,1000,624,L,train,PNEUMONIA,1.6025641025641026
person897_bacteria_2822.jpeg,data/train/PNEUMONIA/person897_bacteria_2822.jpeg,1008,704,L,train,PNEUMONIA,1.4318181818181819
person898_bacteria_2823.jpeg,data/train/PNEUMONIA/person898_bacteria_2823.jpeg,912,520,L,train,PNEUMONIA,1.7538461538461538
person898_virus_1552.jpeg,data/train/PNEUMONIA/person898_virus_1552.jpeg,1384,944,L,train,PNEUMONIA,1.4661016949152543
person899_virus_1553.jpeg,data/train/PNEUMONIA/person899_virus_1553.jpeg,1456,912,L,train,PNEUMONIA,1.5964912280701755
person89_virus_168.jpeg,data/train/PNEUMONIA/person89_virus_168.jpeg,1508,1133,L,train,PNEUMONIA,1.3309796999117387
person8_bacteria_37.jpeg,data/train/PNEUMONIA/person8_bacteria_37.jpeg,1790,1326,L,train,PNEUMONIA,1.349924585218703
person900_virus_1554.jpeg,data/train/PNEUMONIA/person900_virus_1554.jpeg,1208,720,L,train,PNEUMONIA,1.6777777777777778
person901_virus_1555.jpeg,data/train/PNEUMONIA/person901_virus_1555.jpeg,1272,792,L,train,PNEUMONIA,1.606060606060606
person902_bacteria_2827.jpeg,data/train/PNEUMONIA/person902_bacteria_2827.jpeg,1160,800,L,train,PNEUMONIA,1.45
person903_bacteria_2828.jpeg,data/train/PNEUMONIA/person903_bacteria_2828.jpeg,1208,920,L,train,PNEUMONIA,1.3130434782608695
person904_bacteria_2829.jpeg,data/train/PNEUMONIA/person904_bacteria_2829.jpeg,508,218,RGB,train,PNEUMONIA,2.330275229357798
person905_bacteria_2830.jpeg,data/train/PNEUMONIA/person905_bacteria_2830.jpeg,721,349,RGB,train,PNEUMONIA,2.0659025787965617
person905_virus_1561.jpeg,data/train/PNEUMONIA/person905_virus_1561.jpeg,1056,552,L,train,PNEUMONIA,1.9130434782608696
person906_bacteria_2831.jpeg,data/train/PNEUMONIA/person906_bacteria_2831.jpeg,1064,712,L,train,PNEUMONIA,1.4943820224719102
person906_virus_1562.jpeg,data/train/PNEUMONIA/person906_virus_1562.jpeg,723,507,RGB,train,PNEUMONIA,1.4260355029585798
person907_bacteria_2832.jpeg,data/train/PNEUMONIA/person907_bacteria_2832.jpeg,824,528,L,train,PNEUMONIA,1.5606060606060606
person907_virus_1563.jpeg,data/train/PNEUMONIA/person907_virus_1563.jpeg,1208,704,L,train,PNEUMONIA,1.7159090909090908
person908_virus_1564.jpeg,data/train/PNEUMONIA/person908_virus_1564.jpeg,1408,960,L,train,PNEUMONIA,1.4666666666666666
person909_bacteria_2834.jpeg,data/train/PNEUMONIA/person909_bacteria_2834.jpeg,832,520,L,train,PNEUMONIA,1.6
person909_virus_1565.jpeg,data/train/PNEUMONIA/person909_virus_1565.jpeg,765,375,RGB,train,PNEUMONIA,2.04
person90_virus_169.jpeg,data/train/PNEUMONIA/person90_virus_169.jpeg,1240,1072,L,train,PNEUMONIA,1.1567164179104477
person90_virus_170.jpeg,data/train/PNEUMONIA/person90_virus_170.jpeg,1224,768,L,train,PNEUMONIA,1.59375
person911_bacteria_2836.jpeg,data/train/PNEUMONIA/person911_bacteria_2836.jpeg,1024,816,L,train,PNEUMONIA,1.2549019607843137
person911_virus_1567.jpeg,data/train/PNEUMONIA/person911_virus_1567.jpeg,1168,776,L,train,PNEUMONIA,1.5051546391752577
person912_bacteria_2837.jpeg,data/train/PNEUMONIA/person912_bacteria_2837.jpeg,1056,784,L,train,PNEUMONIA,1.346938775510204
person913_bacteria_2838.jpeg,data/train/PNEUMONIA/person913_bacteria_2838.jpeg,743,453,RGB,train,PNEUMONIA,1.640176600441501
person913_virus_1570.jpeg,data/train/PNEUMONIA/person913_virus_1570.jpeg,1112,672,L,train,PNEUMONIA,1.6547619047619047
person914_bacteria_2839.jpeg,data/train/PNEUMONIA/person914_bacteria_2839.jpeg,1176,696,L,train,PNEUMONIA,1.6896551724137931
person914_virus_1571.jpeg,data/train/PNEUMONIA/person914_virus_1571.jpeg,1440,800,L,train,PNEUMONIA,1.8
person915_virus_1572.jpeg,data/train/PNEUMONIA/person915_virus_1572.jpeg,1608,1056,L,train,PNEUMONIA,1.5227272727272727
person916_bacteria_2841.jpeg,data/train/PNEUMONIA/person916_bacteria_2841.jpeg,1368,768,L,train,PNEUMONIA,1.78125
person917_bacteria_2842.jpeg,data/train/PNEUMONIA/person917_bacteria_2842.jpeg,1272,664,L,train,PNEUMONIA,1.9156626506024097
person918_bacteria_2843.jpeg,data/train/PNEUMONIA/person918_bacteria_2843.jpeg,1008,640,L,train,PNEUMONIA,1.575
person918_virus_1575.jpeg,data/train/PNEUMONIA/person918_virus_1575.jpeg,830,496,RGB,train,PNEUMONIA,1.6733870967741935
person919_bacteria_2844.jpeg,data/train/PNEUMONIA/person919_bacteria_2844.jpeg,1342,1110,L,train,PNEUMONIA,1.209009009009009
person919_virus_1576.jpeg,data/train/PNEUMONIA/person919_virus_1576.jpeg,1408,720,L,train,PNEUMONIA,1.9555555555555555
person920_bacteria_2845.jpeg,data/train/PNEUMONIA/person920_bacteria_2845.jpeg,1260,843,L,train,PNEUMONIA,1.4946619217081851
person920_virus_1577.jpeg,data/train/PNEUMONIA/person920_virus_1577.jpeg,886,570,RGB,train,PNEUMONIA,1.5543859649122806
person921_bacteria_2846.jpeg,data/train/PNEUMONIA/person921_bacteria_2846.jpeg,1080,672,L,train,PNEUMONIA,1.6071428571428572
person921_virus_1578.jpeg,data/train/PNEUMONIA/person921_virus_1578.jpeg,732,458,RGB,train,PNEUMONIA,1.5982532751091703
person922_bacteria_2847.jpeg,data/train/PNEUMONIA/person922_bacteria_2847.jpeg,1048,752,L,train,PNEUMONIA,1.3936170212765957
person923_bacteria_2848.jpeg,data/train/PNEUMONIA/person923_bacteria_2848.jpeg,580,294,RGB,train,PNEUMONIA,1.9727891156462585
person924_bacteria_2849.jpeg,data/train/PNEUMONIA/person924_bacteria_2849.jpeg,920,752,L,train,PNEUMONIA,1.2234042553191489
person924_virus_1581.jpeg,data/train/PNEUMONIA/person924_virus_1581.jpeg,1896,1056,L,train,PNEUMONIA,1.7954545454545454
person925_bacteria_2850.jpeg,data/train/PNEUMONIA/person925_bacteria_2850.jpeg,1096,896,L,train,PNEUMONIA,1.2232142857142858
person925_virus_1582.jpeg,data/train/PNEUMONIA/person925_virus_1582.jpeg,1264,792,L,train,PNEUMONIA,1.595959595959596
person926_virus_1583.jpeg,data/train/PNEUMONIA/person926_virus_1583.jpeg,1312,872,L,train,PNEUMONIA,1.5045871559633028
person927_bacteria_2852.jpeg,data/train/PNEUMONIA/person927_bacteria_2852.jpeg,976,584,L,train,PNEUMONIA,1.6712328767123288
person927_virus_1584.jpeg,data/train/PNEUMONIA/person927_virus_1584.jpeg,1256,904,L,train,PNEUMONIA,1.3893805309734513
person928_virus_1586.jpeg,data/train/PNEUMONIA/person928_virus_1586.jpeg,896,664,L,train,PNEUMONIA,1.3493975903614457
person929_bacteria_2854.jpeg,data/train/PNEUMONIA/person929_bacteria_2854.jpeg,1028,685,L,train,PNEUMONIA,1.5007299270072993
person929_virus_1588.jpeg,data/train/PNEUMONIA/person929_virus_1588.jpeg,1944,1576,L,train,PNEUMONIA,1.233502538071066
person929_virus_1589.jpeg,data/train/PNEUMONIA/person929_virus_1589.jpeg,1828,1640,L,train,PNEUMONIA,1.1146341463414635
person92_virus_174.jpeg,data/train/PNEUMONIA/person92_virus_174.jpeg,1040,528,L,train,PNEUMONIA,1.9696969696969697
person930_bacteria_2855.jpeg,data/train/PNEUMONIA/person930_bacteria_2855.jpeg,944,648,L,train,PNEUMONIA,1.4567901234567902
person931_bacteria_2856.jpeg,data/train/PNEUMONIA/person931_bacteria_2856.jpeg,984,712,L,train,PNEUMONIA,1.3820224719101124
person931_virus_1592.jpeg,data/train/PNEUMONIA/person931_virus_1592.jpeg,1264,888,L,train,PNEUMONIA,1.4234234234234233
person932_virus_1593.jpeg,data/train/PNEUMONIA/person932_virus_1593.jpeg,1024,648,L,train,PNEUMONIA,1.5802469135802468
person933_bacteria_2858.jpeg,data/train/PNEUMONIA/person933_bacteria_2858.jpeg,1152,816,L,train,PNEUMONIA,1.411764705882353
person933_virus_1594.jpeg,data/train/PNEUMONIA/person933_virus_1594.jpeg,1408,1168,L,train,PNEUMONIA,1.2054794520547945
person934_bacteria_2859.jpeg,data/train/PNEUMONIA/person934_bacteria_2859.jpeg,1152,704,L,train,PNEUMONIA,1.6363636363636365
person934_virus_1595.jpeg,data/train/PNEUMONIA/person934_virus_1595.jpeg,821,490,RGB,train,PNEUMONIA,1.6755102040816328
person935_virus_1597.jpeg,data/train/PNEUMONIA/person935_virus_1597.jpeg,1288,728,L,train,PNEUMONIA,1.7692307692307692
person936_bacteria_2861.jpeg,data/train/PNEUMONIA/person936_bacteria_2861.jpeg,1256,872,L,train,PNEUMONIA,1.4403669724770642
person936_virus_1598.jpeg,data/train/PNEUMONIA/person936_virus_1598.jpeg,1128,768,L,train,PNEUMONIA,1.46875
person937_bacteria_2862.jpeg,data/train/PNEUMONIA/person937_bacteria_2862.jpeg,1072,672,L,train,PNEUMONIA,1.5952380952380953
person937_virus_1599.jpeg,data/train/PNEUMONIA/person937_virus_1599.jpeg,1208,856,L,train,PNEUMONIA,1.411214953271028
person938_bacteria_2863.jpeg,data/train/PNEUMONIA/person938_bacteria_2863.jpeg,920,672,L,train,PNEUMONIA,1.369047619047619
person938_virus_1600.jpeg,data/train/PNEUMONIA/person938_virus_1600.jpeg,716,444,RGB,train,PNEUMONIA,1.6126126126126126
person939_bacteria_2864.jpeg,data/train/PNEUMONIA/person939_bacteria_2864.jpeg,944,704,L,train,PNEUMONIA,1.3409090909090908
person93_virus_175.jpeg,data/train/PNEUMONIA/person93_virus_175.jpeg,1120,592,L,train,PNEUMONIA,1.8918918918918919
person940_bacteria_2865.jpeg,data/train/PNEUMONIA/person940_bacteria_2865.jpeg,896,656,L,train,PNEUMONIA,1.3658536585365855
person940_virus_1602.jpeg,data/train/PNEUMONIA/person940_virus_1602.jpeg,1504,992,L,train,PNEUMONIA,1.5161290322580645
person940_virus_1604.jpeg,data/train/PNEUMONIA/person940_virus_1604.jpeg,778,631,RGB,train,PNEUMONIA,1.2329635499207607
person940_virus_1605.jpeg,data/train/PNEUMONIA/person940_virus_1605.jpeg,1504,1064,L,train,PNEUMONIA,1.413533834586466
person940_virus_1607.jpeg,data/train/PNEUMONIA/person940_virus_1607.jpeg,1384,1072,L,train,PNEUMONIA,1.291044776119403
person940_virus_1609.jpeg,data/train/PNEUMONIA/person940_virus_1609.jpeg,923,604,RGB,train,PNEUMONIA,1.5281456953642385
person941_virus_1610.jpeg,data/train/PNEUMONIA/person941_virus_1610.jpeg,1688,1120,L,train,PNEUMONIA,1.5071428571428571
person942_bacteria_2867.jpeg,data/train/PNEUMONIA/person942_bacteria_2867.jpeg,679,304,RGB,train,PNEUMONIA,2.2335526315789473
person942_virus_1611.jpeg,data/train/PNEUMONIA/person942_virus_1611.jpeg,1592,1120,L,train,PNEUMONIA,1.4214285714285715
person943_bacteria_2868.jpeg,data/train/PNEUMONIA/person943_bacteria_2868.jpeg,1446,1087,L,train,PNEUMONIA,1.3302667893284268
person944_bacteria_2869.jpeg,data/train/PNEUMONIA/person944_bacteria_2869.jpeg,992,760,L,train,PNEUMONIA,1.305263157894737
person945_bacteria_2870.jpeg,data/train/PNEUMONIA/person945_bacteria_2870.jpeg,968,656,L,train,PNEUMONIA,1.475609756097561
person945_virus_1616.jpeg,data/train/PNEUMONIA/person945_virus_1616.jpeg,1312,752,L,train,PNEUMONIA,1.7446808510638299
person946_bacteria_2871.jpeg,data/train/PNEUMONIA/person946_bacteria_2871.jpeg,1284,762,L,train,PNEUMONIA,1.68503937007874
person947_bacteria_2872.jpeg,data/train/PNEUMONIA/person947_bacteria_2872.jpeg,968,560,L,train,PNEUMONIA,1.7285714285714286
person947_virus_1618.jpeg,data/train/PNEUMONIA/person947_virus_1618.jpeg,1808,1280,L,train,PNEUMONIA,1.4125
person949_bacteria_2874.jpeg,data/train/PNEUMONIA/person949_bacteria_2874.jpeg,960,616,L,train,PNEUMONIA,1.5584415584415585
person949_virus_1620.jpeg,data/train/PNEUMONIA/person949_virus_1620.jpeg,1640,1160,L,train,PNEUMONIA,1.4137931034482758
person94_virus_176.jpeg,data/train/PNEUMONIA/person94_virus_176.jpeg,1472,1091,L,train,PNEUMONIA,1.3492208982584784
person950_virus_1621.jpeg,data/train/PNEUMONIA/person950_virus_1621.jpeg,1048,616,L,train,PNEUMONIA,1.7012987012987013
person951_bacteria_2876.jpeg,data/train/PNEUMONIA/person951_bacteria_2876.jpeg,904,544,L,train,PNEUMONIA,1.661764705882353
person951_virus_1622.jpeg,data/train/PNEUMONIA/person951_virus_1622.jpeg,1248,856,L,train,PNEUMONIA,1.4579439252336448
person952_bacteria_2877.jpeg,data/train/PNEUMONIA/person952_bacteria_2877.jpeg,1080,632,L,train,PNEUMONIA,1.7088607594936709
person952_virus_1623.jpeg,data/train/PNEUMONIA/person952_virus_1623.jpeg,984,456,L,train,PNEUMONIA,2.1578947368421053
person953_bacteria_2878.jpeg,data/train/PNEUMONIA/person953_bacteria_2878.jpeg,1104,744,L,train,PNEUMONIA,1.4838709677419355
person954_bacteria_2879.jpeg,data/train/PNEUMONIA/person954_bacteria_2879.jpeg,1056,920,L,train,PNEUMONIA,1.1478260869565218
person954_virus_1626.jpeg,data/train/PNEUMONIA/person954_virus_1626.jpeg,1076,630,RGB,train,PNEUMONIA,1.7079365079365079
person955_bacteria_2880.jpeg,data/train/PNEUMONIA/person955_bacteria_2880.jpeg,1024,744,L,train,PNEUMONIA,1.3763440860215055
person955_virus_1627.jpeg,data/train/PNEUMONIA/person955_virus_1627.jpeg,1080,688,L,train,PNEUMONIA,1.569767441860465
person956_bacteria_2881.jpeg,data/train/PNEUMONIA/person956_bacteria_2881.jpeg,848,624,L,train,PNEUMONIA,1.358974358974359
person956_virus_1628.jpeg,data/train/PNEUMONIA/person956_virus_1628.jpeg,1320,816,L,train,PNEUMONIA,1.6176470588235294
person957_bacteria_2882.jpeg,data/train/PNEUMONIA/person957_bacteria_2882.jpeg,904,792,L,train,PNEUMONIA,1.1414141414141414
person957_virus_1629.jpeg,data/train/PNEUMONIA/person957_virus_1629.jpeg,1152,728,L,train,PNEUMONIA,1.5824175824175823
person958_bacteria_2883.jpeg,data/train/PNEUMONIA/person958_bacteria_2883.jpeg,960,688,L,train,PNEUMONIA,1.3953488372093024
person958_virus_1630.jpeg,data/train/PNEUMONIA/person958_virus_1630.jpeg,1528,1080,L,train,PNEUMONIA,1.4148148148148147
person959_bacteria_2884.jpeg,data/train/PNEUMONIA/person959_bacteria_2884.jpeg,1488,1288,L,train,PNEUMONIA,1.15527950310559
person95_virus_177.jpeg,data/train/PNEUMONIA/person95_virus_177.jpeg,1562,998,L,train,PNEUMONIA,1.565130260521042
person960_bacteria_2885.jpeg,data/train/PNEUMONIA/person960_bacteria_2885.jpeg,992,592,L,train,PNEUMONIA,1.6756756756756757
person960_virus_1633.jpeg,data/train/PNEUMONIA/person960_virus_1633.jpeg,1376,1048,L,train,PNEUMONIA,1.3129770992366412
person961_bacteria_2886.jpeg,data/train/PNEUMONIA/person961_bacteria_2886.jpeg,992,752,L,train,PNEUMONIA,1.3191489361702127
person961_virus_1634.jpeg,data/train/PNEUMONIA/person961_virus_1634.jpeg,1576,792,L,train,PNEUMONIA,1.9898989898989898
person962_bacteria_2887.jpeg,data/train/PNEUMONIA/person962_bacteria_2887.jpeg,1056,752,L,train,PNEUMONIA,1.4042553191489362
person962_virus_1635.jpeg,data/train/PNEUMONIA/person962_virus_1635.jpeg,1456,928,L,train,PNEUMONIA,1.5689655172413792
person963_bacteria_2888.jpeg,data/train/PNEUMONIA/person963_bacteria_2888.jpeg,1384,1376,L,train,PNEUMONIA,1.005813953488372
person963_virus_1636.jpeg,data/train/PNEUMONIA/person963_virus_1636.jpeg,756,544,RGB,train,PNEUMONIA,1.3897058823529411
person964_bacteria_2889.jpeg,data/train/PNEUMONIA/person964_bacteria_2889.jpeg,711,353,RGB,train,PNEUMONIA,2.0141643059490084
person964_virus_1637.jpeg,data/train/PNEUMONIA/person964_virus_1637.jpeg,1152,536,L,train,PNEUMONIA,2.1492537313432836
person965_bacteria_2890.jpeg,data/train/PNEUMONIA/person965_bacteria_2890.jpeg,968,832,L,train,PNEUMONIA,1.1634615384615385
person965_virus_1638.jpeg,data/train/PNEUMONIA/person965_virus_1638.jpeg,870,591,RGB,train,PNEUMONIA,1.4720812182741116
person966_bacteria_2891.jpeg,data/train/PNEUMONIA/person966_bacteria_2891.jpeg,843,507,RGB,train,PNEUMONIA,1.6627218934911243
person966_virus_1639.jpeg,data/train/PNEUMONIA/person966_virus_1639.jpeg,1016,760,L,train,PNEUMONIA,1.3368421052631578
person967_bacteria_2892.jpeg,data/train/PNEUMONIA/person967_bacteria_2892.jpeg,1006,855,L,train,PNEUMONIA,1.1766081871345029
person967_virus_1640.jpeg,data/train/PNEUMONIA/person967_virus_1640.jpeg,1288,712,L,train,PNEUMONIA,1.8089887640449438
person968_bacteria_2893.jpeg,data/train/PNEUMONIA/person968_bacteria_2893.jpeg,1210,817,L,train,PNEUMONIA,1.4810281517747859
person968_virus_1642.jpeg,data/train/PNEUMONIA/person968_virus_1642.jpeg,1264,840,L,train,PNEUMONIA,1.5047619047619047
person969_bacteria_2894.jpeg,data/train/PNEUMONIA/person969_bacteria_2894.jpeg,1202,643,L,train,PNEUMONIA,1.869362363919129
person969_virus_1643.jpeg,data/train/PNEUMONIA/person969_virus_1643.jpeg,1080,768,L,train,PNEUMONIA,1.40625
person96_virus_178.jpeg,data/train/PNEUMONIA/person96_virus_178.jpeg,1480,1144,L,train,PNEUMONIA,1.2937062937062938
person96_virus_179.jpeg,data/train/PNEUMONIA/person96_virus_179.jpeg,1624,1304,L,train,PNEUMONIA,1.2453987730061349
person970_bacteria_2895.jpeg,data/train/PNEUMONIA/person970_bacteria_2895.jpeg,1006,674,L,train,PNEUMONIA,1.4925816023738872
person970_virus_1644.jpeg,data/train/PNEUMONIA/person970_virus_1644.jpeg,1160,768,L,train,PNEUMONIA,1.5104166666666667
person971_bacteria_2896.jpeg,data/train/PNEUMONIA/person971_bacteria_2896.jpeg,1496,1304,L,train,PNEUMONIA,1.147239263803681
person972_bacteria_2897.jpeg,data/train/PNEUMONIA/person972_bacteria_2897.jpeg,1805,1044,L,train,PNEUMONIA,1.7289272030651341
person972_virus_1646.jpeg,data/train/PNEUMONIA/person972_virus_1646.jpeg,1632,1008,L,train,PNEUMONIA,1.619047619047619
person973_virus_1647.jpeg,data/train/PNEUMONIA/person973_virus_1647.jpeg,1224,872,L,train,PNEUMONIA,1.4036697247706422
person974_bacteria_2899.jpeg,data/train/PNEUMONIA/person974_bacteria_2899.jpeg,1456,1232,L,train,PNEUMONIA,1.1818181818181819
person974_virus_1649.jpeg,data/train/PNEUMONIA/person974_virus_1649.jpeg,968,536,L,train,PNEUMONIA,1.8059701492537314
person975_virus_1650.jpeg,data/train/PNEUMONIA/person975_virus_1650.jpeg,1384,1088,L,train,PNEUMONIA,1.2720588235294117
person976_bacteria_2901.jpeg,data/train/PNEUMONIA/person976_bacteria_2901.jpeg,1320,896,L,train,PNEUMONIA,1.4732142857142858
person976_virus_1651.jpeg,data/train/PNEUMONIA/person976_virus_1651.jpeg,960,576,L,train,PNEUMONIA,1.6666666666666667
person977_bacteria_2902.jpeg,data/train/PNEUMONIA/person977_bacteria_2902.jpeg,1418,1059,L,train,PNEUMONIA,1.3389990557129368
person977_virus_1652.jpeg,data/train/PNEUMONIA/person977_virus_1652.jpeg,768,552,RGB,train,PNEUMONIA,1.391304347826087
person978_bacteria_2904.jpeg,data/train/PNEUMONIA/person978_bacteria_2904.jpeg,1488,1312,L,train,PNEUMONIA,1.1341463414634145
person978_virus_1653.jpeg,data/train/PNEUMONIA/person978_virus_1653.jpeg,1040,688,L,train,PNEUMONIA,1.5116279069767442
person979_bacteria_2905.jpeg,data/train/PNEUMONIA/person979_bacteria_2905.jpeg,1604,1044,L,train,PNEUMONIA,1.5363984674329503
person979_virus_1654.jpeg,data/train/PNEUMONIA/person979_virus_1654.jpeg,1312,888,L,train,PNEUMONIA,1.4774774774774775
person97_virus_180.jpeg,data/train/PNEUMONIA/person97_virus_180.jpeg,1184,880,L,train,PNEUMONIA,1.3454545454545455
person97_virus_181.jpeg,data/train/PNEUMONIA/person97_virus_181.jpeg,1056,808,L,train,PNEUMONIA,1.306930693069307
person980_bacteria_2906.jpeg,data/train/PNEUMONIA/person980_bacteria_2906.jpeg,1214,937,L,train,PNEUMONIA,1.295624332977588
person980_virus_1655.jpeg,data/train/PNEUMONIA/person980_virus_1655.jpeg,754,411,RGB,train,PNEUMONIA,1.8345498783454988
person981_bacteria_2907.jpeg,data/train/PNEUMONIA/person981_bacteria_2907.jpeg,1384,1312,L,train,PNEUMONIA,1.0548780487804879
person981_bacteria_2908.jpeg,data/train/PNEUMONIA/person981_bacteria_2908.jpeg,1328,1192,L,train,PNEUMONIA,1.1140939597315436
person981_virus_1657.jpeg,data/train/PNEUMONIA/person981_virus_1657.jpeg,984,552,L,train,PNEUMONIA,1.7826086956521738
person982_bacteria_2909.jpeg,data/train/PNEUMONIA/person982_bacteria_2909.jpeg,1288,768,L,train,PNEUMONIA,1.6770833333333333
person982_virus_1658.jpeg,data/train/PNEUMONIA/person982_virus_1658.jpeg,1584,1352,L,train,PNEUMONIA,1.1715976331360947
person983_bacteria_2910.jpeg,data/train/PNEUMONIA/person983_bacteria_2910.jpeg,1138,677,L,train,PNEUMONIA,1.6809453471196456
person983_virus_1660.jpeg,data/train/PNEUMONIA/person983_virus_1660.jpeg,1464,872,L,train,PNEUMONIA,1.6788990825688073
person984_bacteria_2911.jpeg,data/train/PNEUMONIA/person984_bacteria_2911.jpeg,1264,1248,L,train,PNEUMONIA,1.0128205128205128
person985_bacteria_2912.jpeg,data/train/PNEUMONIA/person985_bacteria_2912.jpeg,1080,736,L,train,PNEUMONIA,1.4673913043478262
person986_bacteria_2913.jpeg,data/train/PNEUMONIA/person986_bacteria_2913.jpeg,1152,1032,L,train,PNEUMONIA,1.1162790697674418
person987_bacteria_2914.jpeg,data/train/PNEUMONIA/person987_bacteria_2914.jpeg,1000,752,L,train,PNEUMONIA,1.3297872340425532
person988_bacteria_2915.jpeg,data/train/PNEUMONIA/person988_bacteria_2915.jpeg,1136,713,L,train,PNEUMONIA,1.5932678821879382
person988_virus_1666.jpeg,data/train/PNEUMONIA/person988_virus_1666.jpeg,1288,840,L,train,PNEUMONIA,1.5333333333333334
person989_virus_1667.jpeg,data/train/PNEUMONIA/person989_virus_1667.jpeg,1480,840,L,train,PNEUMONIA,1.7619047619047619
person98_virus_182.jpeg,data/train/PNEUMONIA/person98_virus_182.jpeg,1536,984,L,train,PNEUMONIA,1.5609756097560976
person990_bacteria_2917.jpeg,data/train/PNEUMONIA/person990_bacteria_2917.jpeg,1314,940,L,train,PNEUMONIA,1.397872340425532
person991_bacteria_2918.jpeg,data/train/PNEUMONIA/person991_bacteria_2918.jpeg,1072,888,L,train,PNEUMONIA,1.2072072072072073
person991_virus_1669.jpeg,data/train/PNEUMONIA/person991_virus_1669.jpeg,1312,800,L,train,PNEUMONIA,1.64
person992_bacteria_2919.jpeg,data/train/PNEUMONIA/person992_bacteria_2919.jpeg,1128,752,L,train,PNEUMONIA,1.5
person992_bacteria_2920.jpeg,data/train/PNEUMONIA/person992_bacteria_2920.jpeg,795,491,RGB,train,PNEUMONIA,1.6191446028513239
person992_virus_1670.jpeg,data/train/PNEUMONIA/person992_virus_1670.jpeg,1160,560,L,train,PNEUMONIA,2.0714285714285716
person993_bacteria_2921.jpeg,data/train/PNEUMONIA/person993_bacteria_2921.jpeg,1184,792,L,train,PNEUMONIA,1.494949494949495
person993_virus_1671.jpeg,data/train/PNEUMONIA/person993_virus_1671.jpeg,1184,688,L,train,PNEUMONIA,1.7209302325581395
person994_bacteria_2922.jpeg,data/train/PNEUMONIA/person994_bacteria_2922.jpeg,1304,1408,L,train,PNEUMONIA,0.9261363636363636
person994_virus_1672.jpeg,data/train/PNEUMONIA/person994_virus_1672.jpeg,697,449,RGB,train,PNEUMONIA,1.552338530066815
person995_bacteria_2923.jpeg,data/train/PNEUMONIA/person995_bacteria_2923.jpeg,1032,744,L,train,PNEUMONIA,1.3870967741935485
person995_virus_1676.jpeg,data/train/PNEUMONIA/person995_virus_1676.jpeg,1072,720,L,train,PNEUMONIA,1.488888888888889
person996_bacteria_2924.jpeg,data/train/PNEUMONIA/person996_bacteria_2924.jpeg,1294,1018,L,train,PNEUMONIA,1.2711198428290766
person996_virus_1677.jpeg,data/train/PNEUMONIA/person996_virus_1677.jpeg,708,292,RGB,train,PNEUMONIA,2.4246575342465753
person997_bacteria_2926.jpeg,data/train/PNEUMONIA/person997_bacteria_2926.jpeg,1072,736,L,train,PNEUMONIA,1.4565217391304348
person997_virus_1678.jpeg,data/train/PNEUMONIA/person997_virus_1678.jpeg,984,512,L,train,PNEUMONIA,1.921875
person998_bacteria_2927.jpeg,data/train/PNEUMONIA/person998_bacteria_2927.jpeg,1432,1152,L,train,PNEUMONIA,1.2430555555555556
person998_bacteria_2928.jpeg,data/train/PNEUMONIA/person998_bacteria_2928.jpeg,1232,1096,L,train,PNEUMONIA,1.1240875912408759
person99_virus_183.jpeg,data/train/PNEUMONIA/person99_virus_183.jpeg,1414,882,L,train,PNEUMONIA,1.6031746031746033
person9_bacteria_38.jpeg,data/train/PNEUMONIA/person9_bacteria_38.jpeg,1256,696,L,train,PNEUMONIA,1.8045977011494252
person9_bacteria_39.jpeg,data/train/PNEUMONIA/person9_bacteria_39.jpeg,1152,856,L,train,PNEUMONIA,1.3457943925233644
person9_bacteria_40.jpeg,data/train/PNEUMONIA/person9_bacteria_40.jpeg,1248,728,L,train,PNEUMONIA,1.7142857142857142
person9_bacteria_41.jpeg,data/train/PNEUMONIA/person9_bacteria_41.jpeg,1176,784,L,train,PNEUMONIA,1.5
NORMAL2-IM-1427-0001.jpeg,data/val/NORMAL/NORMAL2-IM-1427-0001.jpeg,1776,1416,L,val,NORMAL,1.2542372881355932
NORMAL2-IM-1430-0001.jpeg,data/val/NORMAL/NORMAL2-IM-1430-0001.jpeg,1272,1040,L,val,NORMAL,1.2230769230769232
NORMAL2-IM-1431-0001.jpeg,data/val/NORMAL/NORMAL2-IM-1431-0001.jpeg,1736,1416,L,val,NORMAL,1.2259887005649717
NORMAL2-IM-1436-0001.jpeg,data/val/NORMAL/NORMAL2-IM-1436-0001.jpeg,1288,928,L,val,NORMAL,1.3879310344827587
NORMAL2-IM-1437-0001.jpeg,data/val/NORMAL/NORMAL2-IM-1437-0001.jpeg,1240,1104,L,val,NORMAL,1.1231884057971016
NORMAL2-IM-1438-0001.jpeg,data/val/NORMAL/NORMAL2-IM-1438-0001.jpeg,1328,1104,L,val,NORMAL,1.2028985507246377
NORMAL2-IM-1440-0001.jpeg,data/val/NORMAL/NORMAL2-IM-1440-0001.jpeg,1632,1225,L,val,NORMAL,1.3322448979591837
NORMAL2-IM-1442-0001.jpeg,data/val/NORMAL/NORMAL2-IM-1442-0001.jpeg,1564,1302,L,val,NORMAL,1.2012288786482335
person1946_bacteria_4874.jpeg,data/val/PNEUMONIA/person1946_bacteria_4874.jpeg,968,592,L,val,PNEUMONIA,1.635135135135135
person1946_bacteria_4875.jpeg,data/val/PNEUMONIA/person1946_bacteria_4875.jpeg,1072,712,L,val,PNEUMONIA,1.5056179775280898
person1947_bacteria_4876.jpeg,data/val/PNEUMONIA/person1947_bacteria_4876.jpeg,1152,664,L,val,PNEUMONIA,1.7349397590361446
person1949_bacteria_4880.jpeg,data/val/PNEUMONIA/person1949_bacteria_4880.jpeg,1416,944,L,val,PNEUMONIA,1.5
person1950_bacteria_4881.jpeg,data/val/PNEUMONIA/person1950_bacteria_4881.jpeg,1256,864,L,val,PNEUMONIA,1.4537037037037037
person1951_bacteria_4882.jpeg,data/val/PNEUMONIA/person1951_bacteria_4882.jpeg,1016,656,L,val,PNEUMONIA,1.548780487804878
person1952_bacteria_4883.jpeg,data/val/PNEUMONIA/person1952_bacteria_4883.jpeg,1192,952,L,val,PNEUMONIA,1.2521008403361344
person1954_bacteria_4886.jpeg,data/val/PNEUMONIA/person1954_bacteria_4886.jpeg,1664,1128,L,val,PNEUMONIA,1.475177304964539
IM-0001-0001.jpeg,data/test/NORMAL/IM-0001-0001.jpeg,1857,1317,L,test,NORMAL,1.4100227790432802
IM-0003-0001.jpeg,data/test/NORMAL/IM-0003-0001.jpeg,2111,1509,L,test,NORMAL,1.3989396951623592
IM-0005-0001.jpeg,data/test/NORMAL/IM-0005-0001.jpeg,2031,1837,L,test,NORMAL,1.105606967882417
IM-0006-0001.jpeg,data/test/NORMAL/IM-0006-0001.jpeg,1663,1326,L,test,NORMAL,1.2541478129713424
IM-0007-0001.jpeg,data/test/NORMAL/IM-0007-0001.jpeg,2053,1818,L,test,NORMAL,1.1292629262926293
IM-0009-0001.jpeg,data/test/NORMAL/IM-0009-0001.jpeg,1852,1443,L,test,NORMAL,1.2834372834372834
IM-0010-0001.jpeg,data/test/NORMAL/IM-0010-0001.jpeg,1873,1478,L,test,NORMAL,1.267253044654939
IM-0011-0001-0001.jpeg,data/test/NORMAL/IM-0011-0001-0001.jpeg,2144,1916,L,test,NORMAL,1.1189979123173277
IM-0011-0001-0002.jpeg,data/test/NORMAL/IM-0011-0001-0002.jpeg,2214,1945,L,test,NORMAL,1.1383033419023136
IM-0011-0001.jpeg,data/test/NORMAL/IM-0011-0001.jpeg,1863,1785,L,test,NORMAL,1.0436974789915967
IM-0013-0001.jpeg,data/test/NORMAL/IM-0013-0001.jpeg,2444,2155,L,test,NORMAL,1.134106728538283
IM-0015-0001.jpeg,data/test/NORMAL/IM-0015-0001.jpeg,1803,1238,L,test,NORMAL,1.4563812600969306
IM-0016-0001.jpeg,data/test/NORMAL/IM-0016-0001.jpeg,2498,2057,L,test,NORMAL,1.2143898881866797
IM-0017-0001.jpeg,data/test/NORMAL/IM-0017-0001.jpeg,1984,1559,L,test,NORMAL,1.2726106478511867
IM-0019-0001.jpeg,data/test/NORMAL/IM-0019-0001.jpeg,1917,1432,L,test,NORMAL,1.3386871508379887
IM-0021-0001.jpeg,data/test/NORMAL/IM-0021-0001.jpeg,2624,1893,L,test,NORMAL,1.3861595351294242
IM-0022-0001.jpeg,data/test/NORMAL/IM-0022-0001.jpeg,1300,617,L,test,NORMAL,2.106969205834684
IM-0023-0001.jpeg,data/test/NORMAL/IM-0023-0001.jpeg,2022,1384,L,test,NORMAL,1.4609826589595376
IM-0025-0001.jpeg,data/test/NORMAL/IM-0025-0001.jpeg,2720,2458,L,test,NORMAL,1.1065907241659887
IM-0027-0001.jpeg,data/test/NORMAL/IM-0027-0001.jpeg,2271,1827,L,test,NORMAL,1.2430213464696223
IM-0028-0001.jpeg,data/test/NORMAL/IM-0028-0001.jpeg,2522,2124,L,test,NORMAL,1.1873822975517891
IM-0029-0001.jpeg,data/test/NORMAL/IM-0029-0001.jpeg,2343,2139,L,test,NORMAL,1.0953716690042077
IM-0030-0001.jpeg,data/test/NORMAL/IM-0030-0001.jpeg,1647,1314,L,test,NORMAL,1.2534246575342465
IM-0031-0001.jpeg,data/test/NORMAL/IM-0031-0001.jpeg,1949,1632,L,test,NORMAL,1.1942401960784315
IM-0033-0001-0001.jpeg,data/test/NORMAL/IM-0033-0001-0001.jpeg,2170,1953,L,test,NORMAL,1.1111111111111112
IM-0033-0001-0002.jpeg,data/test/NORMAL/IM-0033-0001-0002.jpeg,2024,1836,L,test,NORMAL,1.10239651416122
IM-0033-0001.jpeg,data/test/NORMAL/IM-0033-0001.jpeg,1658,1534,L,test,NORMAL,1.0808344198174706
IM-0035-0001.jpeg,data/test/NORMAL/IM-0035-0001.jpeg,2480,2329,L,test,NORMAL,1.0648346930012882
IM-0036-0001.jpeg,data/test/NORMAL/IM-0036-0001.jpeg,2096,1709,L,test,NORMAL,1.2264482153306027
IM-0037-0001.jpeg,data/test/NORMAL/IM-0037-0001.jpeg,1741,1504,L,test,NORMAL,1.1575797872340425
IM-0039-0001.jpeg,data/test/NORMAL/IM-0039-0001.jpeg,2153,1793,L,test,NORMAL,1.2007808142777467
IM-0041-0001.jpeg,data/test/NORMAL/IM-0041-0001.jpeg,2022,2071,L,test,NORMAL,0.9763399323998069
IM-0043-0001.jpeg,data/test/NORMAL/IM-0043-0001.jpeg,2297,2032,L,test,NORMAL,1.1304133858267718
IM-0045-0001.jpeg,data/test/NORMAL/IM-0045-0001.jpeg,2746,2382,L,test,NORMAL,1.1528127623845508
IM-0046-0001.jpeg,data/test/NORMAL/IM-0046-0001.jpeg,2001,1725,L,test,NORMAL,1.16
IM-0049-0001.jpeg,data/test/NORMAL/IM-0049-0001.jpeg,1762,1060,L,test,NORMAL,1.6622641509433962
IM-0050-0001.jpeg,data/test/NORMAL/IM-0050-0001.jpeg,2752,1882,L,test,NORMAL,1.4622741764080764
IM-0059-0001.jpeg,data/test/NORMAL/IM-0059-0001.jpeg,1616,1041,L,test,NORMAL,1.5523535062439962
IM-0061-0001.jpeg,data/test/NORMAL/IM-0061-0001.jpeg,1754,1318,L,test,NORMAL,1.330804248861912
IM-0063-0001.jpeg,data/test/NORMAL/IM-0063-0001.jpeg,2034,1761,L,test,NORMAL,1.1550255536626917
IM-0065-0001.jpeg,data/test/NORMAL/IM-0065-0001.jpeg,1562,1021,L,test,NORMAL,1.5298726738491675
IM-0067-0001.jpeg,data/test/NORMAL/IM-0067-0001.jpeg,1572,1125,L,test,NORMAL,1.3973333333333333
IM-0069-0001.jpeg,data/test/NORMAL/IM-0069-0001.jpeg,1974,1226,L,test,NORMAL,1.6101141924959217
IM-0070-0001.jpeg,data/test/NORMAL/IM-0070-0001.jpeg,2034,1392,L,test,NORMAL,1.4612068965517242
IM-0071-0001.jpeg,data/test/NORMAL/IM-0071-0001.jpeg,2060,1558,L,test,NORMAL,1.3222079589216944
IM-0073-0001.jpeg,data/test/NORMAL/IM-0073-0001.jpeg,1322,650,L,test,NORMAL,2.0338461538461536
IM-0075-0001.jpeg,data/test/NORMAL/IM-0075-0001.jpeg,1786,1068,L,test,NORMAL,1.6722846441947565
IM-0077-0001.jpeg,data/test/NORMAL/IM-0077-0001.jpeg,1740,1246,L,test,NORMAL,1.3964686998394864
IM-0079-0001.jpeg,data/test/NORMAL/IM-0079-0001.jpeg,1774,1230,L,test,NORMAL,1.4422764227642277
IM-0081-0001.jpeg,data/test/NORMAL/IM-0081-0001.jpeg,1260,767,L,test,NORMAL,1.6427640156453716
IM-0083-0001.jpeg,data/test/NORMAL/IM-0083-0001.jpeg,1240,925,L,test,NORMAL,1.3405405405405406
IM-0084-0001.jpeg,data/test/NORMAL/IM-0084-0001.jpeg,1754,1187,L,test,NORMAL,1.4776748104465038
IM-0085-0001.jpeg,data/test/NORMAL/IM-0085-0001.jpeg,1558,1014,L,test,NORMAL,1.5364891518737673
IM-0086-0001.jpeg,data/test/NORMAL/IM-0086-0001.jpeg,2006,1461,L,test,NORMAL,1.373032169746749
IM-0087-0001.jpeg,data/test/NORMAL/IM-0087-0001.jpeg,1890,1357,L,test,NORMAL,1.3927781871775977
IM-0089-0001.jpeg,data/test/NORMAL/IM-0089-0001.jpeg,2426,2076,L,test,NORMAL,1.1685934489402698
IM-0091-0001.jpeg,data/test/NORMAL/IM-0091-0001.jpeg,1754,1036,L,test,NORMAL,1.693050193050193
IM-0093-0001.jpeg,data/test/NORMAL/IM-0093-0001.jpeg,1788,1282,L,test,NORMAL,1.3946957878315132
IM-0095-0001.jpeg,data/test/NORMAL/IM-0095-0001.jpeg,1866,1311,L,test,NORMAL,1.4233409610983982
IM-0097-0001.jpeg,data/test/NORMAL/IM-0097-0001.jpeg,1558,925,L,test,NORMAL,1.6843243243243242
IM-0099-0001.jpeg,data/test/NORMAL/IM-0099-0001.jpeg,1862,1326,L,test,NORMAL,1.4042232277526394
IM-0101-0001.jpeg,data/test/NORMAL/IM-0101-0001.jpeg,1460,906,L,test,NORMAL,1.6114790286975718
IM-0102-0001.jpeg,data/test/NORMAL/IM-0102-0001.jpeg,1472,863,L,test,NORMAL,1.7056778679026652
IM-0103-0001.jpeg,data/test/NORMAL/IM-0103-0001.jpeg,1970,2085,L,test,NORMAL,0.9448441247002398
IM-0105-0001.jpeg,data/test/NORMAL/IM-0105-0001.jpeg,2022,1299,L,test,NORMAL,1.556581986143187
IM-0107-0001.jpeg,data/test/NORMAL/IM-0107-0001.jpeg,1824,1125,L,test,NORMAL,1.6213333333333333
IM-0109-0001.jpeg,data/test/NORMAL/IM-0109-0001.jpeg,1802,1110,L,test,NORMAL,1.6234234234234235
IM-0110-0001.jpeg,data/test/NORMAL/IM-0110-0001.jpeg,1542,871,L,test,NORMAL,1.7703788748564868
IM-0111-0001.jpeg,data/test/NORMAL/IM-0111-0001.jpeg,1910,1303,L,test,NORMAL,1.4658480429777436
NORMAL2-IM-0007-0001.jpeg,data/test/NORMAL/NORMAL2-IM-0007-0001.jpeg,2165,1907,L,test,NORMAL,1.1352910330361825
NORMAL2-IM-0012-0001.jpeg,data/test/NORMAL/NORMAL2-IM-0012-0001.jpeg,1784,1440,L,test,NORMAL,1.238888888888889
NORMAL2-IM-0013-0001.jpeg,data/test/NORMAL/NORMAL2-IM-0013-0001.jpeg,2165,1749,L,test,NORMAL,1.237850200114351
NORMAL2-IM-0019-0001.jpeg,data/test/NORMAL/NORMAL2-IM-0019-0001.jpeg,2043,2087,L,test,NORMAL,0.9789171058936272
NORMAL2-IM-0023-0001.jpeg,data/test/NORMAL/NORMAL2-IM-0023-0001.jpeg,2071,1296,L,test,NORMAL,1.5979938271604939
NORMAL2-IM-0027-0001.jpeg,data/test/NORMAL/NORMAL2-IM-0027-0001.jpeg,1856,1418,L,test,NORMAL,1.308885754583921
NORMAL2-IM-0028-0001.jpeg,data/test/NORMAL/NORMAL2-IM-0028-0001.jpeg,2381,1965,L,test,NORMAL,1.2117048346055979
NORMAL2-IM-0029-0001.jpeg,data/test/NORMAL/NORMAL2-IM-0029-0001.jpeg,1928,1756,L,test,NORMAL,1.0979498861047836
NORMAL2-IM-0030-0001.jpeg,data/test/NORMAL/NORMAL2-IM-0030-0001.jpeg,2517,2713,L,test,NORMAL,0.9277552524880206
NORMAL2-IM-0033-0001.jpeg,data/test/NORMAL/NORMAL2-IM-0033-0001.jpeg,2431,2195,L,test,NORMAL,1.1075170842824602
NORMAL2-IM-0035-0001.jpeg,data/test/NORMAL/NORMAL2-IM-0035-0001.jpeg,1762,1224,L,test,NORMAL,1.4395424836601307
NORMAL2-IM-0041-0001.jpeg,data/test/NORMAL/NORMAL2-IM-0041-0001.jpeg,2187,1332,L,test,NORMAL,1.6418918918918919
NORMAL2-IM-0045-0001.jpeg,data/test/NORMAL/NORMAL2-IM-0045-0001.jpeg,1733,1044,L,test,NORMAL,1.6599616858237547
NORMAL2-IM-0051-0001.jpeg,data/test/NORMAL/NORMAL2-IM-0051-0001.jpeg,2028,1742,L,test,NORMAL,1.164179104477612
NORMAL2-IM-0052-0001.jpeg,data/test/NORMAL/NORMAL2-IM-0052-0001.jpeg,2446,2224,L,test,NORMAL,1.099820143884892
NORMAL2-IM-0058-0001.jpeg,data/test/NORMAL/NORMAL2-IM-0058-0001.jpeg,1683,1361,L,test,NORMAL,1.236590742101396
NORMAL2-IM-0059-0001.jpeg,data/test/NORMAL/NORMAL2-IM-0059-0001.jpeg,2244,2030,L,test,NORMAL,1.1054187192118226
NORMAL2-IM-0060-0001.jpeg,data/test/NORMAL/NORMAL2-IM-0060-0001.jpeg,2323,1893,L,test,NORMAL,1.2271526677231908
NORMAL2-IM-0066-0001.jpeg,data/test/NORMAL/NORMAL2-IM-0066-0001.jpeg,2194,2094,L,test,NORMAL,1.0477554918815664
NORMAL2-IM-0072-0001.jpeg,data/test/NORMAL/NORMAL2-IM-0072-0001.jpeg,1992,1620,L,test,NORMAL,1.2296296296296296
NORMAL2-IM-0073-0001.jpeg,data/test/NORMAL/NORMAL2-IM-0073-0001.jpeg,2496,2296,L,test,NORMAL,1.0871080139372822
NORMAL2-IM-0079-0001.jpeg,data/test/NORMAL/NORMAL2-IM-0079-0001.jpeg,2345,1936,L,test,NORMAL,1.2112603305785123
NORMAL2-IM-0081-0001.jpeg,data/test/NORMAL/NORMAL2-IM-0081-0001.jpeg,2517,2310,L,test,NORMAL,1.0896103896103897
NORMAL2-IM-0086-0001.jpeg,data/test/NORMAL/NORMAL2-IM-0086-0001.jpeg,2474,2224,L,test,NORMAL,1.1124100719424461
NORMAL2-IM-0092-0001.jpeg,data/test/NORMAL/NORMAL2-IM-0092-0001.jpeg,2143,1576,L,test,NORMAL,1.359771573604061
NORMAL2-IM-0095-0001.jpeg,data/test/NORMAL/NORMAL2-IM-0095-0001.jpeg,2517,1979,L,test,NORMAL,1.2718544719555331
NORMAL2-IM-0096-0001.jpeg,data/test/NORMAL/NORMAL2-IM-0096-0001.jpeg,2517,1979,L,test,NORMAL,1.2718544719555331
NORMAL2-IM-0098-0001.jpeg,data/test/NORMAL/NORMAL2-IM-0098-0001.jpeg,1266,1044,L,test,NORMAL,1.2126436781609196
NORMAL2-IM-0102-0001.jpeg,data/test/NORMAL/NORMAL2-IM-0102-0001.jpeg,2366,2152,L,test,NORMAL,1.0994423791821561
NORMAL2-IM-0105-0001.jpeg,data/test/NORMAL/NORMAL2-IM-0105-0001.jpeg,2352,2166,L,test,NORMAL,1.0858725761772854
NORMAL2-IM-0107-0001.jpeg,data/test/NORMAL/NORMAL2-IM-0107-0001.jpeg,1741,1706,L,test,NORMAL,1.0205158264947245
NORMAL2-IM-0110-0001.jpeg,data/test/NORMAL/NORMAL2-IM-0110-0001.jpeg,2251,1828,L,test,NORMAL,1.2314004376367615
NORMAL2-IM-0111-0001.jpeg,data/test/NORMAL/NORMAL2-IM-0111-0001.jpeg,2035,1526,L,test,NORMAL,1.333551769331586
NORMAL2-IM-0112-0001.jpeg,data/test/NORMAL/NORMAL2-IM-0112-0001.jpeg,2266,1843,L,test,NORMAL,1.229517091698318
NORMAL2-IM-0117-0001.jpeg,data/test/NORMAL/NORMAL2-IM-0117-0001.jpeg,1971,1526,L,test,NORMAL,1.2916120576671035
NORMAL2-IM-0120-0001.jpeg,data/test/NORMAL/NORMAL2-IM-0120-0001.jpeg,2093,1764,L,test,NORMAL,1.1865079365079365
NORMAL2-IM-0123-0001.jpeg,data/test/NORMAL/NORMAL2-IM-0123-0001.jpeg,2043,1217,L,test,NORMAL,1.6787181594083813
NORMAL2-IM-0129-0001.jpeg,data/test/NORMAL/NORMAL2-IM-0129-0001.jpeg,2302,1663,L,test,NORMAL,1.3842453397474443
NORMAL2-IM-0130-0001.jpeg,data/test/NORMAL/NORMAL2-IM-0130-0001.jpeg,1827,1641,L,test,NORMAL,1.113345521023766
NORMAL2-IM-0131-0001.jpeg,data/test/NORMAL/NORMAL2-IM-0131-0001.jpeg,1784,1389,L,test,NORMAL,1.2843772498200143
NORMAL2-IM-0132-0001.jpeg,data/test/NORMAL/NORMAL2-IM-0132-0001.jpeg,2115,1792,L,test,NORMAL,1.1802455357142858
NORMAL2-IM-0135-0001.jpeg,data/test/NORMAL/NORMAL2-IM-0135-0001.jpeg,2136,1713,L,test,NORMAL,1.2469352014010509
NORMAL2-IM-0139-0001.jpeg,data/test/NORMAL/NORMAL2-IM-0139-0001.jpeg,2014,1375,L,test,NORMAL,1.4647272727272727
NORMAL2-IM-0141-0001.jpeg,data/test/NORMAL/NORMAL2-IM-0141-0001.jpeg,1712,1519,L,test,NORMAL,1.1270572745227123
NORMAL2-IM-0145-0001.jpeg,data/test/NORMAL/NORMAL2-IM-0145-0001.jpeg,1726,1505,L,test,NORMAL,1.146843853820598
NORMAL2-IM-0146-0001.jpeg,data/test/NORMAL/NORMAL2-IM-0146-0001.jpeg,1827,1375,L,test,NORMAL,1.3287272727272728
NORMAL2-IM-0150-0001.jpeg,data/test/NORMAL/NORMAL2-IM-0150-0001.jpeg,1611,1454,L,test,NORMAL,1.107977991746905
NORMAL2-IM-0171-0001.jpeg,data/test/NORMAL/NORMAL2-IM-0171-0001.jpeg,1752,1224,L,test,NORMAL,1.4313725490196079
NORMAL2-IM-0173-0001-0001.jpeg,data/test/NORMAL/NORMAL2-IM-0173-0001-0001.jpeg,1304,952,L,test,NORMAL,1.3697478991596639
NORMAL2-IM-0173-0001-0002.jpeg,data/test/NORMAL/NORMAL2-IM-0173-0001-0002.jpeg,1304,952,L,test,NORMAL,1.3697478991596639
NORMAL2-IM-0195-0001.jpeg,data/test/NORMAL/NORMAL2-IM-0195-0001.jpeg,1432,1016,L,test,NORMAL,1.4094488188976377
NORMAL2-IM-0196-0001.jpeg,data/test/NORMAL/NORMAL2-IM-0196-0001.jpeg,1720,1568,L,test,NORMAL,1.096938775510204
NORMAL2-IM-0198-0001.jpeg,data/test/NORMAL/NORMAL2-IM-0198-0001.jpeg,1960,1688,L,test,NORMAL,1.161137440758294
NORMAL2-IM-0199-0001.jpeg,data/test/NORMAL/NORMAL2-IM-0199-0001.jpeg,1584,1168,L,test,NORMAL,1.356164383561644
NORMAL2-IM-0201-0001.jpeg,data/test/NORMAL/NORMAL2-IM-0201-0001.jpeg,1800,1456,L,test,NORMAL,1.2362637362637363
NORMAL2-IM-0206-0001.jpeg,data/test/NORMAL/NORMAL2-IM-0206-0001.jpeg,1536,1064,L,test,NORMAL,1.443609022556391
NORMAL2-IM-0207-0001.jpeg,data/test/NORMAL/NORMAL2-IM-0207-0001.jpeg,1454,1079,L,test,NORMAL,1.3475440222428174
NORMAL2-IM-0210-0001.jpeg,data/test/NORMAL/NORMAL2-IM-0210-0001.jpeg,1680,984,L,test,NORMAL,1.7073170731707317
NORMAL2-IM-0213-0001.jpeg,data/test/NORMAL/NORMAL2-IM-0213-0001.jpeg,1952,1600,L,test,NORMAL,1.22
NORMAL2-IM-0217-0001.jpeg,data/test/NORMAL/NORMAL2-IM-0217-0001.jpeg,1408,1040,L,test,NORMAL,1.353846153846154
NORMAL2-IM-0219-0001.jpeg,data/test/NORMAL/NORMAL2-IM-0219-0001.jpeg,1248,680,L,test,NORMAL,1.8352941176470587
NORMAL2-IM-0221-0001.jpeg,data/test/NORMAL/NORMAL2-IM-0221-0001.jpeg,1336,936,L,test,NORMAL,1.4273504273504274
NORMAL2-IM-0222-0001.jpeg,data/test/NORMAL/NORMAL2-IM-0222-0001.jpeg,1504,1056,L,test,NORMAL,1.4242424242424243
NORMAL2-IM-0229-0001.jpeg,data/test/NORMAL/NORMAL2-IM-0229-0001.jpeg,1488,1168,L,test,NORMAL,1.273972602739726
NORMAL2-IM-0232-0001.jpeg,data/test/NORMAL/NORMAL2-IM-0232-0001.jpeg,1392,912,L,test,NORMAL,1.5263157894736843
NORMAL2-IM-0233-0001.jpeg,data/test/NORMAL/NORMAL2-IM-0233-0001.jpeg,1560,1008,L,test,NORMAL,1.5476190476190477
NORMAL2-IM-0237-0001.jpeg,data/test/NORMAL/NORMAL2-IM-0237-0001.jpeg,1392,1168,L,test,NORMAL,1.1917808219178083
NORMAL2-IM-0238-0001.jpeg,data/test/NORMAL/NORMAL2-IM-0238-0001.jpeg,1440,1064,L,test,NORMAL,1.3533834586466165
NORMAL2-IM-0241-0001.jpeg,data/test/NORMAL/NORMAL2-IM-0241-0001.jpeg,1248,880,L,test,NORMAL,1.4181818181818182
NORMAL2-IM-0246-0001-0001.jpeg,data/test/NORMAL/NORMAL2-IM-0246-0001-0001.jpeg,1168,824,L,test,NORMAL,1.4174757281553398
NORMAL2-IM-0246-0001-0002.jpeg,data/test/NORMAL/NORMAL2-IM-0246-0001-0002.jpeg,1168,824,L,test,NORMAL,1.4174757281553398
NORMAL2-IM-0246-0001.jpeg,data/test/NORMAL/NORMAL2-IM-0246-0001.jpeg,1368,904,L,test,NORMAL,1.5132743362831858
NORMAL2-IM-0249-0001.jpeg,data/test/NORMAL/NORMAL2-IM-0249-0001.jpeg,1426,832,L,test,NORMAL,1.7139423076923077
NORMAL2-IM-0251-0001.jpeg,data/test/NORMAL/NORMAL2-IM-0251-0001.jpeg,1744,1168,L,test,NORMAL,1.4931506849315068
NORMAL2-IM-0252-0001.jpeg,data/test/NORMAL/NORMAL2-IM-0252-0001.jpeg,1264,832,L,test,NORMAL,1.5192307692307692
NORMAL2-IM-0256-0001.jpeg,data/test/NORMAL/NORMAL2-IM-0256-0001.jpeg,984,496,L,test,NORMAL,1.9838709677419355
NORMAL2-IM-0259-0001.jpeg,data/test/NORMAL/NORMAL2-IM-0259-0001.jpeg,1448,1136,L,test,NORMAL,1.2746478873239437
NORMAL2-IM-0267-0001.jpeg,data/test/NORMAL/NORMAL2-IM-0267-0001.jpeg,1560,1016,L,test,NORMAL,1.5354330708661417
NORMAL2-IM-0271-0001.jpeg,data/test/NORMAL/NORMAL2-IM-0271-0001.jpeg,1564,1010,L,test,NORMAL,1.5485148514851486
NORMAL2-IM-0272-0001.jpeg,data/test/NORMAL/NORMAL2-IM-0272-0001.jpeg,1340,917,L,test,NORMAL,1.4612868047982552
NORMAL2-IM-0273-0001.jpeg,data/test/NORMAL/NORMAL2-IM-0273-0001.jpeg,1720,1303,L,test,NORMAL,1.3200306983883345
NORMAL2-IM-0274-0001.jpeg,data/test/NORMAL/NORMAL2-IM-0274-0001.jpeg,1646,1214,L,test,NORMAL,1.3558484349258648
NORMAL2-IM-0275-0001.jpeg,data/test/NORMAL/NORMAL2-IM-0275-0001.jpeg,1748,1079,L,test,NORMAL,1.6200185356811863
NORMAL2-IM-0276-0001.jpeg,data/test/NORMAL/NORMAL2-IM-0276-0001.jpeg,1604,1334,L,test,NORMAL,1.2023988005997002
NORMAL2-IM-0277-0001.jpeg,data/test/NORMAL/NORMAL2-IM-0277-0001.jpeg,1754,1377,L,test,NORMAL,1.2737835875090777
NORMAL2-IM-0278-0001.jpeg,data/test/NORMAL/NORMAL2-IM-0278-0001.jpeg,1700,1113,L,test,NORMAL,1.527403414195867
NORMAL2-IM-0279-0001.jpeg,data/test/NORMAL/NORMAL2-IM-0279-0001.jpeg,1376,1040,L,test,NORMAL,1.323076923076923
NORMAL2-IM-0280-0001.jpeg,data/test/NORMAL/NORMAL2-IM-0280-0001.jpeg,1460,1071,L,test,NORMAL,1.3632119514472456
NORMAL2-IM-0281-0001.jpeg,data/test/NORMAL/NORMAL2-IM-0281-0001.jpeg,2040,1619,L,test,NORMAL,1.2600370599135269
NORMAL2-IM-0282-0001.jpeg,data/test/NORMAL/NORMAL2-IM-0282-0001.jpeg,2667,2280,L,test,NORMAL,1.1697368421052632
NORMAL2-IM-0283-0001.jpeg,data/test/NORMAL/NORMAL2-IM-0283-0001.jpeg,1400,882,L,test,NORMAL,1.5873015873015872
NORMAL2-IM-0285-0001.jpeg,data/test/NORMAL/NORMAL2-IM-0285-0001.jpeg,1456,839,L,test,NORMAL,1.735399284862932
NORMAL2-IM-0286-0001.jpeg,data/test/NORMAL/NORMAL2-IM-0286-0001.jpeg,1692,1214,L,test,NORMAL,1.3937397034596375
NORMAL2-IM-0287-0001.jpeg,data/test/NORMAL/NORMAL2-IM-0287-0001.jpeg,1785,1585,L,test,NORMAL,1.1261829652996846
NORMAL2-IM-0288-0001.jpeg,data/test/NORMAL/NORMAL2-IM-0288-0001.jpeg,1348,812,L,test,NORMAL,1.6600985221674878
NORMAL2-IM-0289-0001.jpeg,data/test/NORMAL/NORMAL2-IM-0289-0001.jpeg,1894,1597,L,test,NORMAL,1.1859737006887914
NORMAL2-IM-0290-0001.jpeg,data/test/NORMAL/NORMAL2-IM-0290-0001.jpeg,1396,897,L,test,NORMAL,1.556298773690078
NORMAL2-IM-0292-0001.jpeg,data/test/NORMAL/NORMAL2-IM-0292-0001.jpeg,2380,2074,L,test,NORMAL,1.1475409836065573
NORMAL2-IM-0294-0001.jpeg,data/test/NORMAL/NORMAL2-IM-0294-0001.jpeg,1530,994,L,test,NORMAL,1.539235412474849
NORMAL2-IM-0297-0001.jpeg,data/test/NORMAL/NORMAL2-IM-0297-0001.jpeg,1890,1334,L,test,NORMAL,1.416791604197901
NORMAL2-IM-0300-0001.jpeg,data/test/NORMAL/NORMAL2-IM-0300-0001.jpeg,1508,1260,L,test,NORMAL,1.1968253968253968
NORMAL2-IM-0301-0001.jpeg,data/test/NORMAL/NORMAL2-IM-0301-0001.jpeg,1816,1157,L,test,NORMAL,1.5695764909248056
NORMAL2-IM-0302-0001.jpeg,data/test/NORMAL/NORMAL2-IM-0302-0001.jpeg,1596,1087,L,test,NORMAL,1.468261269549218
NORMAL2-IM-0303-0001.jpeg,data/test/NORMAL/NORMAL2-IM-0303-0001.jpeg,1504,948,L,test,NORMAL,1.5864978902953586
NORMAL2-IM-0304-0001.jpeg,data/test/NORMAL/NORMAL2-IM-0304-0001.jpeg,1532,986,L,test,NORMAL,1.5537525354969575
NORMAL2-IM-0305-0001.jpeg,data/test/NORMAL/NORMAL2-IM-0305-0001.jpeg,1612,1179,L,test,NORMAL,1.3672603901611535
NORMAL2-IM-0307-0001.jpeg,data/test/NORMAL/NORMAL2-IM-0307-0001.jpeg,1816,1435,L,test,NORMAL,1.2655052264808362
NORMAL2-IM-0309-0001.jpeg,data/test/NORMAL/NORMAL2-IM-0309-0001.jpeg,1724,1442,L,test,NORMAL,1.1955617198335644
NORMAL2-IM-0310-0001.jpeg,data/test/NORMAL/NORMAL2-IM-0310-0001.jpeg,1646,1346,L,test,NORMAL,1.222882615156018
NORMAL2-IM-0311-0001.jpeg,data/test/NORMAL/NORMAL2-IM-0311-0001.jpeg,1844,1504,L,test,NORMAL,1.226063829787234
NORMAL2-IM-0312-0001.jpeg,data/test/NORMAL/NORMAL2-IM-0312-0001.jpeg,2028,1538,L,test,NORMAL,1.318595578673602
NORMAL2-IM-0313-0001.jpeg,data/test/NORMAL/NORMAL2-IM-0313-0001.jpeg,1620,1110,L,test,NORMAL,1.4594594594594594
NORMAL2-IM-0315-0001.jpeg,data/test/NORMAL/NORMAL2-IM-0315-0001.jpeg,1442,770,L,test,NORMAL,1.8727272727272728
NORMAL2-IM-0316-0001.jpeg,data/test/NORMAL/NORMAL2-IM-0316-0001.jpeg,1464,925,L,test,NORMAL,1.5827027027027027
NORMAL2-IM-0317-0001.jpeg,data/test/NORMAL/NORMAL2-IM-0317-0001.jpeg,1624,1187,L,test,NORMAL,1.3681550126368998
NORMAL2-IM-0319-0001.jpeg,data/test/NORMAL/NORMAL2-IM-0319-0001.jpeg,1678,1195,L,test,NORMAL,1.4041841004184101
NORMAL2-IM-0321-0001.jpeg,data/test/NORMAL/NORMAL2-IM-0321-0001.jpeg,2026,1412,L,test,NORMAL,1.434844192634561
NORMAL2-IM-0322-0001.jpeg,data/test/NORMAL/NORMAL2-IM-0322-0001.jpeg,1256,813,L,test,NORMAL,1.5448954489544895
NORMAL2-IM-0323-0001.jpeg,data/test/NORMAL/NORMAL2-IM-0323-0001.jpeg,1796,1372,L,test,NORMAL,1.3090379008746356
NORMAL2-IM-0325-0001.jpeg,data/test/NORMAL/NORMAL2-IM-0325-0001.jpeg,1612,1164,L,test,NORMAL,1.3848797250859106
NORMAL2-IM-0326-0001.jpeg,data/test/NORMAL/NORMAL2-IM-0326-0001.jpeg,1522,1183,L,test,NORMAL,1.286559594251902
NORMAL2-IM-0327-0001.jpeg,data/test/NORMAL/NORMAL2-IM-0327-0001.jpeg,1384,824,L,test,NORMAL,1.6796116504854368
NORMAL2-IM-0328-0001.jpeg,data/test/NORMAL/NORMAL2-IM-0328-0001.jpeg,1338,967,L,test,NORMAL,1.3836608066184075
NORMAL2-IM-0329-0001.jpeg,data/test/NORMAL/NORMAL2-IM-0329-0001.jpeg,2216,1953,L,test,NORMAL,1.1346646185355862
NORMAL2-IM-0330-0001.jpeg,data/test/NORMAL/NORMAL2-IM-0330-0001.jpeg,1226,747,L,test,NORMAL,1.641231593038822
NORMAL2-IM-0331-0001.jpeg,data/test/NORMAL/NORMAL2-IM-0331-0001.jpeg,1674,1064,L,test,NORMAL,1.5733082706766917
NORMAL2-IM-0332-0001.jpeg,data/test/NORMAL/NORMAL2-IM-0332-0001.jpeg,1802,1226,L,test,NORMAL,1.469820554649266
NORMAL2-IM-0333-0001.jpeg,data/test/NORMAL/NORMAL2-IM-0333-0001.jpeg,2226,1731,L,test,NORMAL,1.2859618717504333
NORMAL2-IM-0335-0001.jpeg,data/test/NORMAL/NORMAL2-IM-0335-0001.jpeg,1300,821,L,test,NORMAL,1.5834348355663825
NORMAL2-IM-0336-0001.jpeg,data/test/NORMAL/NORMAL2-IM-0336-0001.jpeg,1612,941,L,test,NORMAL,1.7130712008501594
NORMAL2-IM-0337-0001.jpeg,data/test/NORMAL/NORMAL2-IM-0337-0001.jpeg,1766,1349,L,test,NORMAL,1.3091178650852484
NORMAL2-IM-0338-0001.jpeg,data/test/NORMAL/NORMAL2-IM-0338-0001.jpeg,1450,890,L,test,NORMAL,1.6292134831460674
NORMAL2-IM-0339-0001.jpeg,data/test/NORMAL/NORMAL2-IM-0339-0001.jpeg,1898,1403,L,test,NORMAL,1.3528153955808981
NORMAL2-IM-0340-0001.jpeg,data/test/NORMAL/NORMAL2-IM-0340-0001.jpeg,1292,751,L,test,NORMAL,1.7203728362183754
NORMAL2-IM-0341-0001.jpeg,data/test/NORMAL/NORMAL2-IM-0341-0001.jpeg,1670,1319,L,test,NORMAL,1.2661106899166035
NORMAL2-IM-0343-0001.jpeg,data/test/NORMAL/NORMAL2-IM-0343-0001.jpeg,1778,1168,L,test,NORMAL,1.5222602739726028
NORMAL2-IM-0345-0001.jpeg,data/test/NORMAL/NORMAL2-IM-0345-0001.jpeg,1538,1202,L,test,NORMAL,1.2795341098169717
NORMAL2-IM-0346-0001.jpeg,data/test/NORMAL/NORMAL2-IM-0346-0001.jpeg,1288,917,L,test,NORMAL,1.4045801526717556
NORMAL2-IM-0347-0001.jpeg,data/test/NORMAL/NORMAL2-IM-0347-0001.jpeg,1542,963,L,test,NORMAL,1.601246105919003
NORMAL2-IM-0348-0001.jpeg,data/test/NORMAL/NORMAL2-IM-0348-0001.jpeg,1762,1249,L,test,NORMAL,1.410728582866293
NORMAL2-IM-0349-0001.jpeg,data/test/NORMAL/NORMAL2-IM-0349-0001.jpeg,1214,662,L,test,NORMAL,1.8338368580060422
NORMAL2-IM-0350-0001.jpeg,data/test/NORMAL/NORMAL2-IM-0350-0001.jpeg,1570,1164,L,test,NORMAL,1.3487972508591066
NORMAL2-IM-0351-0001.jpeg,data/test/NORMAL/NORMAL2-IM-0351-0001.jpeg,1550,1033,L,test,NORMAL,1.500484027105518
NORMAL2-IM-0352-0001.jpeg,data/test/NORMAL/NORMAL2-IM-0352-0001.jpeg,1638,1323,L,test,NORMAL,1.2380952380952381
NORMAL2-IM-0353-0001.jpeg,data/test/NORMAL/NORMAL2-IM-0353-0001.jpeg,1782,1434,L,test,NORMAL,1.2426778242677825
NORMAL2-IM-0354-0001.jpeg,data/test/NORMAL/NORMAL2-IM-0354-0001.jpeg,1470,1072,L,test,NORMAL,1.3712686567164178
NORMAL2-IM-0357-0001.jpeg,data/test/NORMAL/NORMAL2-IM-0357-0001.jpeg,1936,1554,L,test,NORMAL,1.2458172458172458
NORMAL2-IM-0359-0001.jpeg,data/test/NORMAL/NORMAL2-IM-0359-0001.jpeg,1450,1149,L,test,NORMAL,1.2619669277632724
NORMAL2-IM-0360-0001.jpeg,data/test/NORMAL/NORMAL2-IM-0360-0001.jpeg,1094,898,L,test,NORMAL,1.21826280623608
NORMAL2-IM-0361-0001.jpeg,data/test/NORMAL/NORMAL2-IM-0361-0001.jpeg,1778,1337,L,test,NORMAL,1.3298429319371727
NORMAL2-IM-0362-0001.jpeg,data/test/NORMAL/NORMAL2-IM-0362-0001.jpeg,1592,921,L,test,NORMAL,1.728555917480999
NORMAL2-IM-0364-0001.jpeg,data/test/NORMAL/NORMAL2-IM-0364-0001.jpeg,1472,921,L,test,NORMAL,1.5982627578718784
NORMAL2-IM-0366-0001.jpeg,data/test/NORMAL/NORMAL2-IM-0366-0001.jpeg,1298,747,L,test,NORMAL,1.7376171352074967
NORMAL2-IM-0368-0001.jpeg,data/test/NORMAL/NORMAL2-IM-0368-0001.jpeg,1686,1122,L,test,NORMAL,1.5026737967914439
NORMAL2-IM-0369-0001.jpeg,data/test/NORMAL/NORMAL2-IM-0369-0001.jpeg,1434,906,L,test,NORMAL,1.5827814569536425
NORMAL2-IM-0370-0001.jpeg,data/test/NORMAL/NORMAL2-IM-0370-0001.jpeg,1742,1392,L,test,NORMAL,1.2514367816091954
NORMAL2-IM-0372-0001.jpeg,data/test/NORMAL/NORMAL2-IM-0372-0001.jpeg,2198,1485,L,test,NORMAL,1.4801346801346802
NORMAL2-IM-0373-0001.jpeg,data/test/NORMAL/NORMAL2-IM-0373-0001.jpeg,1454,979,L,test,NORMAL,1.4851889683350357
NORMAL2-IM-0374-0001-0001.jpeg,data/test/NORMAL/NORMAL2-IM-0374-0001-0001.jpeg,1968,1484,L,test,NORMAL,1.326145552560647
NORMAL2-IM-0374-0001-0002.jpeg,data/test/NORMAL/NORMAL2-IM-0374-0001-0002.jpeg,1516,982,L,test,NORMAL,1.5437881873727088
NORMAL2-IM-0374-0001.jpeg,data/test/NORMAL/NORMAL2-IM-0374-0001.jpeg,2148,1600,L,test,NORMAL,1.3425
NORMAL2-IM-0376-0001.jpeg,data/test/NORMAL/NORMAL2-IM-0376-0001.jpeg,1124,716,L,test,NORMAL,1.5698324022346368
NORMAL2-IM-0378-0001.jpeg,data/test/NORMAL/NORMAL2-IM-0378-0001.jpeg,1586,1048,L,test,NORMAL,1.5133587786259541
NORMAL2-IM-0380-0001.jpeg,data/test/NORMAL/NORMAL2-IM-0380-0001.jpeg,1940,1489,L,test,NORMAL,1.3028878441907321
NORMAL2-IM-0381-0001.jpeg,data/test/NORMAL/NORMAL2-IM-0381-0001.jpeg,2010,1705,L,test,NORMAL,1.1788856304985338
person100_bacteria_475.jpeg,data/test/PNEUMONIA/person100_bacteria_475.jpeg,1106,762,L,test,PNEUMONIA,1.4514435695538057
person100_bacteria_477.jpeg,data/test/PNEUMONIA/person100_bacteria_477.jpeg,1024,680,L,test,PNEUMONIA,1.5058823529411764
person100_bacteria_478.jpeg,data/test/PNEUMONIA/person100_bacteria_478.jpeg,1128,624,L,test,PNEUMONIA,1.8076923076923077
person100_bacteria_479.jpeg,data/test/PNEUMONIA/person100_bacteria_479.jpeg,904,552,L,test,PNEUMONIA,1.6376811594202898
person100_bacteria_480.jpeg,data/test/PNEUMONIA/person100_bacteria_480.jpeg,880,536,L,test,PNEUMONIA,1.6417910447761195
person100_bacteria_481.jpeg,data/test/PNEUMONIA/person100_bacteria_481.jpeg,952,624,L,test,PNEUMONIA,1.5256410256410255
person100_bacteria_482.jpeg,data/test/PNEUMONIA/person100_bacteria_482.jpeg,1040,696,L,test,PNEUMONIA,1.4942528735632183
person101_bacteria_483.jpeg,data/test/PNEUMONIA/person101_bacteria_483.jpeg,1064,720,L,test,PNEUMONIA,1.4777777777777779
person101_bacteria_484.jpeg,data/test/PNEUMONIA/person101_bacteria_484.jpeg,1064,840,L,test,PNEUMONIA,1.2666666666666666
person101_bacteria_485.jpeg,data/test/PNEUMONIA/person101_bacteria_485.jpeg,1032,752,L,test,PNEUMONIA,1.372340425531915
person101_bacteria_486.jpeg,data/test/PNEUMONIA/person101_bacteria_486.jpeg,1136,680,L,test,PNEUMONIA,1.6705882352941177
person102_bacteria_487.jpeg,data/test/PNEUMONIA/person102_bacteria_487.jpeg,1240,936,L,test,PNEUMONIA,1.3247863247863247
person103_bacteria_488.jpeg,data/test/PNEUMONIA/person103_bacteria_488.jpeg,904,656,L,test,PNEUMONIA,1.3780487804878048
person103_bacteria_489.jpeg,data/test/PNEUMONIA/person103_bacteria_489.jpeg,1000,744,L,test,PNEUMONIA,1.3440860215053763
person103_bacteria_490.jpeg,data/test/PNEUMONIA/person103_bacteria_490.jpeg,1206,871,L,test,PNEUMONIA,1.3846153846153846
person104_bacteria_491.jpeg,data/test/PNEUMONIA/person104_bacteria_491.jpeg,1144,784,L,test,PNEUMONIA,1.4591836734693877
person104_bacteria_492.jpeg,data/test/PNEUMONIA/person104_bacteria_492.jpeg,992,592,L,test,PNEUMONIA,1.6756756756756757
person108_bacteria_504.jpeg,data/test/PNEUMONIA/person108_bacteria_504.jpeg,1336,1040,L,test,PNEUMONIA,1.2846153846153847
person108_bacteria_506.jpeg,data/test/PNEUMONIA/person108_bacteria_506.jpeg,1184,1032,L,test,PNEUMONIA,1.1472868217054264
person108_bacteria_507.jpeg,data/test/PNEUMONIA/person108_bacteria_507.jpeg,1176,1032,L,test,PNEUMONIA,1.1395348837209303
person108_bacteria_511.jpeg,data/test/PNEUMONIA/person108_bacteria_511.jpeg,1438,1260,L,test,PNEUMONIA,1.1412698412698412
person109_bacteria_512.jpeg,data/test/PNEUMONIA/person109_bacteria_512.jpeg,1256,808,L,test,PNEUMONIA,1.5544554455445545
person109_bacteria_513.jpeg,data/test/PNEUMONIA/person109_bacteria_513.jpeg,976,696,L,test,PNEUMONIA,1.4022988505747127
person109_bacteria_517.jpeg,data/test/PNEUMONIA/person109_bacteria_517.jpeg,1024,752,L,test,PNEUMONIA,1.3617021276595744
person109_bacteria_519.jpeg,data/test/PNEUMONIA/person109_bacteria_519.jpeg,1080,776,L,test,PNEUMONIA,1.3917525773195876
person109_bacteria_522.jpeg,data/test/PNEUMONIA/person109_bacteria_522.jpeg,1112,736,L,test,PNEUMONIA,1.5108695652173914
person109_bacteria_523.jpeg,data/test/PNEUMONIA/person109_bacteria_523.jpeg,952,640,L,test,PNEUMONIA,1.4875
person109_bacteria_526.jpeg,data/test/PNEUMONIA/person109_bacteria_526.jpeg,1088,576,L,test,PNEUMONIA,1.8888888888888888
person109_bacteria_527.jpeg,data/test/PNEUMONIA/person109_bacteria_527.jpeg,968,536,L,test,PNEUMONIA,1.8059701492537314
person109_bacteria_528.jpeg,data/test/PNEUMONIA/person109_bacteria_528.jpeg,1322,736,L,test,PNEUMONIA,1.796195652173913
person10_virus_35.jpeg,data/test/PNEUMONIA/person10_virus_35.jpeg,1488,1136,L,test,PNEUMONIA,1.3098591549295775
person110_bacteria_531.jpeg,data/test/PNEUMONIA/person110_bacteria_531.jpeg,1160,688,L,test,PNEUMONIA,1.686046511627907
person111_bacteria_533.jpeg,data/test/PNEUMONIA/person111_bacteria_533.jpeg,992,600,L,test,PNEUMONIA,1.6533333333333333
person111_bacteria_534.jpeg,data/test/PNEUMONIA/person111_bacteria_534.jpeg,976,712,L,test,PNEUMONIA,1.3707865168539326
person111_bacteria_535.jpeg,data/test/PNEUMONIA/person111_bacteria_535.jpeg,888,536,L,test,PNEUMONIA,1.6567164179104477
person111_bacteria_536.jpeg,data/test/PNEUMONIA/person111_bacteria_536.jpeg,1008,648,L,test,PNEUMONIA,1.5555555555555556
person111_bacteria_537.jpeg,data/test/PNEUMONIA/person111_bacteria_537.jpeg,1130,666,L,test,PNEUMONIA,1.6966966966966968
person112_bacteria_538.jpeg,data/test/PNEUMONIA/person112_bacteria_538.jpeg,952,640,L,test,PNEUMONIA,1.4875
person112_bacteria_539.jpeg,data/test/PNEUMONIA/person112_bacteria_539.jpeg,936,712,L,test,PNEUMONIA,1.3146067415730338
person113_bacteria_540.jpeg,data/test/PNEUMONIA/person113_bacteria_540.jpeg,1160,776,L,test,PNEUMONIA,1.4948453608247423
person113_bacteria_541.jpeg,data/test/PNEUMONIA/person113_bacteria_541.jpeg,1080,824,L,test,PNEUMONIA,1.3106796116504855
person113_bacteria_542.jpeg,data/test/PNEUMONIA/person113_bacteria_542.jpeg,1088,768,L,test,PNEUMONIA,1.4166666666666667
person113_bacteria_543.jpeg,data/test/PNEUMONIA/person113_bacteria_543.jpeg,1388,1013,L,test,PNEUMONIA,1.3701875616979269
person114_bacteria_544.jpeg,data/test/PNEUMONIA/person114_bacteria_544.jpeg,1144,672,L,test,PNEUMONIA,1.7023809523809523
person114_bacteria_545.jpeg,data/test/PNEUMONIA/person114_bacteria_545.jpeg,1328,920,L,test,PNEUMONIA,1.4434782608695653
person114_bacteria_546.jpeg,data/test/PNEUMONIA/person114_bacteria_546.jpeg,1080,696,L,test,PNEUMONIA,1.5517241379310345
person117_bacteria_553.jpeg,data/test/PNEUMONIA/person117_bacteria_553.jpeg,952,624,L,test,PNEUMONIA,1.5256410256410255
person117_bacteria_556.jpeg,data/test/PNEUMONIA/person117_bacteria_556.jpeg,904,648,L,test,PNEUMONIA,1.3950617283950617
person117_bacteria_557.jpeg,data/test/PNEUMONIA/person117_bacteria_557.jpeg,1086,739,L,test,PNEUMONIA,1.469553450608931
person118_bacteria_559.jpeg,data/test/PNEUMONIA/person118_bacteria_559.jpeg,952,680,L,test,PNEUMONIA,1.4
person118_bacteria_560.jpeg,data/test/PNEUMONIA/person118_bacteria_560.jpeg,1088,600,L,test,PNEUMONIA,1.8133333333333332
person119_bacteria_565.jpeg,data/test/PNEUMONIA/person119_bacteria_565.jpeg,1072,608,L,test,PNEUMONIA,1.763157894736842
person119_bacteria_566.jpeg,data/test/PNEUMONIA/person119_bacteria_566.jpeg,1088,784,L,test,PNEUMONIA,1.3877551020408163
person119_bacteria_567.jpeg,data/test/PNEUMONIA/person119_bacteria_567.jpeg,1210,859,L,test,PNEUMONIA,1.4086146682188592
person119_bacteria_568.jpeg,data/test/PNEUMONIA/person119_bacteria_568.jpeg,1222,878,L,test,PNEUMONIA,1.3917995444191344
person11_virus_38.jpeg,data/test/PNEUMONIA/person11_virus_38.jpeg,1496,960,L,test,PNEUMONIA,1.5583333333333333
person120_bacteria_570.jpeg,data/test/PNEUMONIA/person120_bacteria_570.jpeg,1112,736,L,test,PNEUMONIA,1.5108695652173914
person120_bacteria_571.jpeg,data/test/PNEUMONIA/person120_bacteria_571.jpeg,1120,592,L,test,PNEUMONIA,1.8918918918918919
person120_bacteria_572.jpeg,data/test/PNEUMONIA/person120_bacteria_572.jpeg,1024,688,L,test,PNEUMONIA,1.4883720930232558
person120_bacteria_573.jpeg,data/test/PNEUMONIA/person120_bacteria_573.jpeg,1272,813,L,test,PNEUMONIA,1.5645756457564575
person121_bacteria_575.jpeg,data/test/PNEUMONIA/person121_bacteria_575.jpeg,1072,632,L,test,PNEUMONIA,1.6962025316455696
person121_bacteria_576.jpeg,data/test/PNEUMONIA/person121_bacteria_576.jpeg,1088,584,L,test,PNEUMONIA,1.8630136986301369
person121_bacteria_578.jpeg,data/test/PNEUMONIA/person121_bacteria_578.jpeg,1032,520,L,test,PNEUMONIA,1.9846153846153847
person121_bacteria_579.jpeg,data/test/PNEUMONIA/person121_bacteria_579.jpeg,1112,600,L,test,PNEUMONIA,1.8533333333333333
person121_bacteria_580.jpeg,data/test/PNEUMONIA/person121_bacteria_580.jpeg,1198,701,L,test,PNEUMONIA,1.708987161198288
person122_bacteria_581.jpeg,data/test/PNEUMONIA/person122_bacteria_581.jpeg,1206,875,L,test,PNEUMONIA,1.3782857142857143
person122_bacteria_582.jpeg,data/test/PNEUMONIA/person122_bacteria_582.jpeg,984,520,L,test,PNEUMONIA,1.8923076923076922
person122_bacteria_583.jpeg,data/test/PNEUMONIA/person122_bacteria_583.jpeg,936,632,L,test,PNEUMONIA,1.481012658227848
person122_bacteria_584.jpeg,data/test/PNEUMONIA/person122_bacteria_584.jpeg,832,640,L,test,PNEUMONIA,1.3
person122_bacteria_585.jpeg,data/test/PNEUMONIA/person122_bacteria_585.jpeg,928,624,L,test,PNEUMONIA,1.4871794871794872
person122_bacteria_586.jpeg,data/test/PNEUMONIA/person122_bacteria_586.jpeg,864,496,L,test,PNEUMONIA,1.7419354838709677
person123_bacteria_587.jpeg,data/test/PNEUMONIA/person123_bacteria_587.jpeg,1232,808,L,test,PNEUMONIA,1.5247524752475248
person124_bacteria_589.jpeg,data/test/PNEUMONIA/person124_bacteria_589.jpeg,976,608,L,test,PNEUMONIA,1.605263157894737
person124_bacteria_590.jpeg,data/test/PNEUMONIA/person124_bacteria_590.jpeg,992,696,L,test,PNEUMONIA,1.4252873563218391
person124_bacteria_591.jpeg,data/test/PNEUMONIA/person124_bacteria_591.jpeg,1072,696,L,test,PNEUMONIA,1.5402298850574712
person124_bacteria_592.jpeg,data/test/PNEUMONIA/person124_bacteria_592.jpeg,1094,709,L,test,PNEUMONIA,1.543018335684062
person125_bacteria_594.jpeg,data/test/PNEUMONIA/person125_bacteria_594.jpeg,1072,704,L,test,PNEUMONIA,1.5227272727272727
person125_bacteria_595.jpeg,data/test/PNEUMONIA/person125_bacteria_595.jpeg,1336,744,L,test,PNEUMONIA,1.7956989247311828
person126_bacteria_598.jpeg,data/test/PNEUMONIA/person126_bacteria_598.jpeg,912,648,L,test,PNEUMONIA,1.4074074074074074
person126_bacteria_599.jpeg,data/test/PNEUMONIA/person126_bacteria_599.jpeg,856,592,L,test,PNEUMONIA,1.445945945945946
person126_bacteria_600.jpeg,data/test/PNEUMONIA/person126_bacteria_600.jpeg,840,600,L,test,PNEUMONIA,1.4
person127_bacteria_602.jpeg,data/test/PNEUMONIA/person127_bacteria_602.jpeg,992,608,L,test,PNEUMONIA,1.631578947368421
person127_bacteria_603.jpeg,data/test/PNEUMONIA/person127_bacteria_603.jpeg,1032,648,L,test,PNEUMONIA,1.5925925925925926
person127_bacteria_604.jpeg,data/test/PNEUMONIA/person127_bacteria_604.jpeg,1300,812,L,test,PNEUMONIA,1.6009852216748768
person128_bacteria_605.jpeg,data/test/PNEUMONIA/person128_bacteria_605.jpeg,1000,600,L,test,PNEUMONIA,1.6666666666666667
person128_bacteria_606.jpeg,data/test/PNEUMONIA/person128_bacteria_606.jpeg,1160,736,L,test,PNEUMONIA,1.576086956521739
person128_bacteria_607.jpeg,data/test/PNEUMONIA/person128_bacteria_607.jpeg,1160,736,L,test,PNEUMONIA,1.576086956521739
person128_bacteria_608.jpeg,data/test/PNEUMONIA/person128_bacteria_608.jpeg,1086,874,L,test,PNEUMONIA,1.242562929061785
person130_bacteria_623.jpeg,data/test/PNEUMONIA/person130_bacteria_623.jpeg,1310,882,L,test,PNEUMONIA,1.4852607709750567
person130_bacteria_625.jpeg,data/test/PNEUMONIA/person130_bacteria_625.jpeg,1040,656,L,test,PNEUMONIA,1.5853658536585367
person130_bacteria_626.jpeg,data/test/PNEUMONIA/person130_bacteria_626.jpeg,1000,704,L,test,PNEUMONIA,1.4204545454545454
person130_bacteria_627.jpeg,data/test/PNEUMONIA/person130_bacteria_627.jpeg,1080,720,L,test,PNEUMONIA,1.5
person130_bacteria_628.jpeg,data/test/PNEUMONIA/person130_bacteria_628.jpeg,1330,797,L,test,PNEUMONIA,1.6687578419071518
person131_bacteria_629.jpeg,data/test/PNEUMONIA/person131_bacteria_629.jpeg,1184,648,L,test,PNEUMONIA,1.8271604938271604
person132_bacteria_632.jpeg,data/test/PNEUMONIA/person132_bacteria_632.jpeg,1120,704,L,test,PNEUMONIA,1.5909090909090908
person133_bacteria_633.jpeg,data/test/PNEUMONIA/person133_bacteria_633.jpeg,976,632,L,test,PNEUMONIA,1.5443037974683544
person133_bacteria_634.jpeg,data/test/PNEUMONIA/person133_bacteria_634.jpeg,936,696,L,test,PNEUMONIA,1.3448275862068966
person133_bacteria_635.jpeg,data/test/PNEUMONIA/person133_bacteria_635.jpeg,936,704,L,test,PNEUMONIA,1.3295454545454546
person133_bacteria_637.jpeg,data/test/PNEUMONIA/person133_bacteria_637.jpeg,992,640,L,test,PNEUMONIA,1.55
person133_bacteria_638.jpeg,data/test/PNEUMONIA/person133_bacteria_638.jpeg,944,616,L,test,PNEUMONIA,1.5324675324675325
person134_bacteria_640.jpeg,data/test/PNEUMONIA/person134_bacteria_640.jpeg,1256,856,L,test,PNEUMONIA,1.4672897196261683
person134_bacteria_641.jpeg,data/test/PNEUMONIA/person134_bacteria_641.jpeg,1280,872,L,test,PNEUMONIA,1.4678899082568808
person134_bacteria_642.jpeg,data/test/PNEUMONIA/person134_bacteria_642.jpeg,1280,848,L,test,PNEUMONIA,1.509433962264151
person134_bacteria_643.jpeg,data/test/PNEUMONIA/person134_bacteria_643.jpeg,1184,792,L,test,PNEUMONIA,1.494949494949495
person134_bacteria_644.jpeg,data/test/PNEUMONIA/person134_bacteria_644.jpeg,1184,792,L,test,PNEUMONIA,1.494949494949495
person135_bacteria_646.jpeg,data/test/PNEUMONIA/person135_bacteria_646.jpeg,1056,616,L,test,PNEUMONIA,1.7142857142857142
person135_bacteria_647.jpeg,data/test/PNEUMONIA/person135_bacteria_647.jpeg,1008,600,L,test,PNEUMONIA,1.68
person136_bacteria_648.jpeg,data/test/PNEUMONIA/person136_bacteria_648.jpeg,1068,720,L,test,PNEUMONIA,1.4833333333333334
person136_bacteria_649.jpeg,data/test/PNEUMONIA/person136_bacteria_649.jpeg,840,648,L,test,PNEUMONIA,1.2962962962962963
person136_bacteria_650.jpeg,data/test/PNEUMONIA/person136_bacteria_650.jpeg,936,528,L,test,PNEUMONIA,1.7727272727272727
person136_bacteria_652.jpeg,data/test/PNEUMONIA/person136_bacteria_652.jpeg,920,608,L,test,PNEUMONIA,1.513157894736842
person136_bacteria_654.jpeg,data/test/PNEUMONIA/person136_bacteria_654.jpeg,1082,720,L,test,PNEUMONIA,1.5027777777777778
person137_bacteria_655.jpeg,data/test/PNEUMONIA/person137_bacteria_655.jpeg,1168,712,L,test,PNEUMONIA,1.6404494382022472
person138_bacteria_657.jpeg,data/test/PNEUMONIA/person138_bacteria_657.jpeg,1296,888,L,test,PNEUMONIA,1.4594594594594594
person138_bacteria_658.jpeg,data/test/PNEUMONIA/person138_bacteria_658.jpeg,1200,944,L,test,PNEUMONIA,1.271186440677966
person138_bacteria_659.jpeg,data/test/PNEUMONIA/person138_bacteria_659.jpeg,1248,816,L,test,PNEUMONIA,1.5294117647058822
person139_bacteria_661.jpeg,data/test/PNEUMONIA/person139_bacteria_661.jpeg,1040,856,L,test,PNEUMONIA,1.2149532710280373
person139_bacteria_662.jpeg,data/test/PNEUMONIA/person139_bacteria_662.jpeg,1000,776,L,test,PNEUMONIA,1.288659793814433
person139_bacteria_663.jpeg,data/test/PNEUMONIA/person139_bacteria_663.jpeg,920,920,L,test,PNEUMONIA,1.0
person139_bacteria_664.jpeg,data/test/PNEUMONIA/person139_bacteria_664.jpeg,976,664,L,test,PNEUMONIA,1.4698795180722892
person139_bacteria_665.jpeg,data/test/PNEUMONIA/person139_bacteria_665.jpeg,928,736,L,test,PNEUMONIA,1.2608695652173914
person139_bacteria_666.jpeg,data/test/PNEUMONIA/person139_bacteria_666.jpeg,1260,1029,L,test,PNEUMONIA,1.2244897959183674
person140_bacteria_667.jpeg,data/test/PNEUMONIA/person140_bacteria_667.jpeg,992,792,L,test,PNEUMONIA,1.2525252525252526
person140_bacteria_668.jpeg,data/test/PNEUMONIA/person140_bacteria_668.jpeg,1344,824,L,test,PNEUMONIA,1.6310679611650485
person141_bacteria_670.jpeg,data/test/PNEUMONIA/person141_bacteria_670.jpeg,944,536,L,test,PNEUMONIA,1.7611940298507462
person141_bacteria_676.jpeg,data/test/PNEUMONIA/person141_bacteria_676.jpeg,920,568,L,test,PNEUMONIA,1.619718309859155
person141_bacteria_677.jpeg,data/test/PNEUMONIA/person141_bacteria_677.jpeg,848,632,L,test,PNEUMONIA,1.3417721518987342
person141_bacteria_678.jpeg,data/test/PNEUMONIA/person141_bacteria_678.jpeg,856,536,L,test,PNEUMONIA,1.5970149253731343
person141_bacteria_681.jpeg,data/test/PNEUMONIA/person141_bacteria_681.jpeg,920,624,L,test,PNEUMONIA,1.4743589743589745
person142_bacteria_682.jpeg,data/test/PNEUMONIA/person142_bacteria_682.jpeg,1088,776,L,test,PNEUMONIA,1.402061855670103
person142_bacteria_683.jpeg,data/test/PNEUMONIA/person142_bacteria_683.jpeg,904,576,L,test,PNEUMONIA,1.5694444444444444
person142_bacteria_684.jpeg,data/test/PNEUMONIA/person142_bacteria_684.jpeg,1096,712,L,test,PNEUMONIA,1.5393258426966292
person143_bacteria_687.jpeg,data/test/PNEUMONIA/person143_bacteria_687.jpeg,944,744,L,test,PNEUMONIA,1.2688172043010753
person143_bacteria_688.jpeg,data/test/PNEUMONIA/person143_bacteria_688.jpeg,872,696,L,test,PNEUMONIA,1.2528735632183907
person143_bacteria_689.jpeg,data/test/PNEUMONIA/person143_bacteria_689.jpeg,1190,925,L,test,PNEUMONIA,1.2864864864864864
person144_bacteria_690.jpeg,data/test/PNEUMONIA/person144_bacteria_690.jpeg,1016,648,L,test,PNEUMONIA,1.5679012345679013
person145_bacteria_696.jpeg,data/test/PNEUMONIA/person145_bacteria_696.jpeg,984,672,L,test,PNEUMONIA,1.4642857142857142
person146_bacteria_700.jpeg,data/test/PNEUMONIA/person146_bacteria_700.jpeg,1168,776,L,test,PNEUMONIA,1.5051546391752577
person146_bacteria_703.jpeg,data/test/PNEUMONIA/person146_bacteria_703.jpeg,976,616,L,test,PNEUMONIA,1.5844155844155845
person146_bacteria_704.jpeg,data/test/PNEUMONIA/person146_bacteria_704.jpeg,1410,720,L,test,PNEUMONIA,1.9583333333333333
person147_bacteria_705.jpeg,data/test/PNEUMONIA/person147_bacteria_705.jpeg,1008,704,L,test,PNEUMONIA,1.4318181818181819
person147_bacteria_706.jpeg,data/test/PNEUMONIA/person147_bacteria_706.jpeg,1120,808,L,test,PNEUMONIA,1.386138613861386
person147_bacteria_707.jpeg,data/test/PNEUMONIA/person147_bacteria_707.jpeg,1088,856,L,test,PNEUMONIA,1.2710280373831775
person147_bacteria_711.jpeg,data/test/PNEUMONIA/person147_bacteria_711.jpeg,1268,816,L,test,PNEUMONIA,1.553921568627451
person149_bacteria_713.jpeg,data/test/PNEUMONIA/person149_bacteria_713.jpeg,1224,1008,L,test,PNEUMONIA,1.2142857142857142
person14_virus_44.jpeg,data/test/PNEUMONIA/person14_virus_44.jpeg,1568,1184,L,test,PNEUMONIA,1.3243243243243243
person150_bacteria_715.jpeg,data/test/PNEUMONIA/person150_bacteria_715.jpeg,968,584,L,test,PNEUMONIA,1.6575342465753424
person150_bacteria_716.jpeg,data/test/PNEUMONIA/person150_bacteria_716.jpeg,992,608,L,test,PNEUMONIA,1.631578947368421
person150_bacteria_717.jpeg,data/test/PNEUMONIA/person150_bacteria_717.jpeg,1260,816,L,test,PNEUMONIA,1.5441176470588236
person151_bacteria_718.jpeg,data/test/PNEUMONIA/person151_bacteria_718.jpeg,824,424,L,test,PNEUMONIA,1.9433962264150944
person152_bacteria_720.jpeg,data/test/PNEUMONIA/person152_bacteria_720.jpeg,1192,760,L,test,PNEUMONIA,1.568421052631579
person152_bacteria_721.jpeg,data/test/PNEUMONIA/person152_bacteria_721.jpeg,1232,824,L,test,PNEUMONIA,1.4951456310679612
person152_bacteria_722.jpeg,data/test/PNEUMONIA/person152_bacteria_722.jpeg,1120,648,L,test,PNEUMONIA,1.728395061728395
person152_bacteria_723.jpeg,data/test/PNEUMONIA/person152_bacteria_723.jpeg,1136,752,L,test,PNEUMONIA,1.5106382978723405
person152_bacteria_724.jpeg,data/test/PNEUMONIA/person152_bacteria_724.jpeg,1350,936,L,test,PNEUMONIA,1.4423076923076923
person153_bacteria_725.jpeg,data/test/PNEUMONIA/person153_bacteria_725.jpeg,1464,808,L,test,PNEUMONIA,1.811881188118812
person153_bacteria_726.jpeg,data/test/PNEUMONIA/person153_bacteria_726.jpeg,1720,1095,L,test,PNEUMONIA,1.5707762557077625
person154_bacteria_728.jpeg,data/test/PNEUMONIA/person154_bacteria_728.jpeg,1558,1218,L,test,PNEUMONIA,1.2791461412151068
person155_bacteria_729.jpeg,data/test/PNEUMONIA/person155_bacteria_729.jpeg,1224,976,L,test,PNEUMONIA,1.2540983606557377
person155_bacteria_730.jpeg,data/test/PNEUMONIA/person155_bacteria_730.jpeg,1184,1128,L,test,PNEUMONIA,1.049645390070922
person155_bacteria_731.jpeg,data/test/PNEUMONIA/person155_bacteria_731.jpeg,1312,792,L,test,PNEUMONIA,1.6565656565656566
person157_bacteria_735.jpeg,data/test/PNEUMONIA/person157_bacteria_735.jpeg,1008,728,L,test,PNEUMONIA,1.3846153846153846
person157_bacteria_739.jpeg,data/test/PNEUMONIA/person157_bacteria_739.jpeg,1232,792,L,test,PNEUMONIA,1.5555555555555556
person157_bacteria_740.jpeg,data/test/PNEUMONIA/person157_bacteria_740.jpeg,1152,832,L,test,PNEUMONIA,1.3846153846153846
person158_bacteria_742.jpeg,data/test/PNEUMONIA/person158_bacteria_742.jpeg,936,680,L,test,PNEUMONIA,1.3764705882352941
person158_bacteria_743.jpeg,data/test/PNEUMONIA/person158_bacteria_743.jpeg,992,784,L,test,PNEUMONIA,1.2653061224489797
person158_bacteria_744.jpeg,data/test/PNEUMONIA/person158_bacteria_744.jpeg,968,656,L,test,PNEUMONIA,1.475609756097561
person158_bacteria_745.jpeg,data/test/PNEUMONIA/person158_bacteria_745.jpeg,1406,913,L,test,PNEUMONIA,1.5399780941949617
person159_bacteria_746.jpeg,data/test/PNEUMONIA/person159_bacteria_746.jpeg,1032,648,L,test,PNEUMONIA,1.5925925925925926
person159_bacteria_747.jpeg,data/test/PNEUMONIA/person159_bacteria_747.jpeg,1144,704,L,test,PNEUMONIA,1.625
person15_virus_46.jpeg,data/test/PNEUMONIA/person15_virus_46.jpeg,1314,1145,L,test,PNEUMONIA,1.1475982532751092
person1608_virus_2786.jpeg,data/test/PNEUMONIA/person1608_virus_2786.jpeg,1072,800,L,test,PNEUMONIA,1.34
person1610_virus_2793.jpeg,data/test/PNEUMONIA/person1610_virus_2793.jpeg,1120,880,L,test,PNEUMONIA,1.2727272727272727
person1612_virus_2797.jpeg,data/test/PNEUMONIA/person1612_virus_2797.jpeg,832,448,L,test,PNEUMONIA,1.8571428571428572
person1612_virus_2798.jpeg,data/test/PNEUMONIA/person1612_virus_2798.jpeg,1040,576,L,test,PNEUMONIA,1.8055555555555556
person1613_virus_2799.jpeg,data/test/PNEUMONIA/person1613_virus_2799.jpeg,1112,600,L,test,PNEUMONIA,1.8533333333333333
person1614_virus_2800.jpeg,data/test/PNEUMONIA/person1614_virus_2800.jpeg,1216,936,L,test,PNEUMONIA,1.2991452991452992
person1615_virus_2801.jpeg,data/test/PNEUMONIA/person1615_virus_2801.jpeg,1400,1048,L,test,PNEUMONIA,1.3358778625954197
person1616_virus_2802.jpeg,data/test/PNEUMONIA/person1616_virus_2802.jpeg,1288,920,L,test,PNEUMONIA,1.4
person1618_virus_2805.jpeg,data/test/PNEUMONIA/person1618_virus_2805.jpeg,1072,640,L,test,PNEUMONIA,1.675
person1619_virus_2806.jpeg,data/test/PNEUMONIA/person1619_virus_2806.jpeg,1304,816,L,test,PNEUMONIA,1.5980392156862746
person161_bacteria_757.jpeg,data/test/PNEUMONIA/person161_bacteria_757.jpeg,856,696,L,test,PNEUMONIA,1.2298850574712643
person161_bacteria_759.jpeg,data/test/PNEUMONIA/person161_bacteria_759.jpeg,856,480,L,test,PNEUMONIA,1.7833333333333334
person161_bacteria_762.jpeg,data/test/PNEUMONIA/person161_bacteria_762.jpeg,1164,801,L,test,PNEUMONIA,1.453183520599251
person1620_virus_2807.jpeg,data/test/PNEUMONIA/person1620_virus_2807.jpeg,1112,736,L,test,PNEUMONIA,1.5108695652173914
person1622_virus_2810.jpeg,data/test/PNEUMONIA/person1622_virus_2810.jpeg,1184,648,L,test,PNEUMONIA,1.8271604938271604
person1623_virus_2813.jpeg,data/test/PNEUMONIA/person1623_virus_2813.jpeg,1344,1152,L,test,PNEUMONIA,1.1666666666666667
person1625_virus_2817.jpeg,data/test/PNEUMONIA/person1625_virus_2817.jpeg,1112,704,L,test,PNEUMONIA,1.5795454545454546
person1626_virus_2818.jpeg,data/test/PNEUMONIA/person1626_virus_2818.jpeg,1344,968,L,test,PNEUMONIA,1.3884297520661157
person1627_virus_2819.jpeg,data/test/PNEUMONIA/person1627_virus_2819.jpeg,1000,448,L,test,PNEUMONIA,2.232142857142857
person1628_virus_2821.jpeg,data/test/PNEUMONIA/person1628_virus_2821.jpeg,1024,608,L,test,PNEUMONIA,1.6842105263157894
person1628_virus_2822.jpeg,data/test/PNEUMONIA/person1628_virus_2822.jpeg,1096,472,L,test,PNEUMONIA,2.3220338983050848
person1629_virus_2823.jpeg,data/test/PNEUMONIA/person1629_virus_2823.jpeg,1072,616,L,test,PNEUMONIA,1.7402597402597402
person1631_virus_2826.jpeg,data/test/PNEUMONIA/person1631_virus_2826.jpeg,1120,784,L,test,PNEUMONIA,1.4285714285714286
person1632_virus_2827.jpeg,data/test/PNEUMONIA/person1632_virus_2827.jpeg,1592,1000,L,test,PNEUMONIA,1.592
person1633_virus_2829.jpeg,data/test/PNEUMONIA/person1633_virus_2829.jpeg,1120,528,L,test,PNEUMONIA,2.121212121212121
person1634_virus_2830.jpeg,data/test/PNEUMONIA/person1634_virus_2830.jpeg,1336,1024,L,test,PNEUMONIA,1.3046875
person1635_virus_2831.jpeg,data/test/PNEUMONIA/person1635_virus_2831.jpeg,1056,840,L,test,PNEUMONIA,1.2571428571428571
person1637_virus_2834.jpeg,data/test/PNEUMONIA/person1637_virus_2834.jpeg,1080,672,L,test,PNEUMONIA,1.6071428571428572
person1640_virus_2839.jpeg,data/test/PNEUMONIA/person1640_virus_2839.jpeg,1248,768,L,test,PNEUMONIA,1.625
person1641_virus_2840.jpeg,data/test/PNEUMONIA/person1641_virus_2840.jpeg,1088,712,L,test,PNEUMONIA,1.5280898876404494
person1642_virus_2842.jpeg,data/test/PNEUMONIA/person1642_virus_2842.jpeg,1312,1000,L,test,PNEUMONIA,1.312
person1643_virus_2843.jpeg,data/test/PNEUMONIA/person1643_virus_2843.jpeg,1432,1288,L,test,PNEUMONIA,1.1118012422360248
person1644_virus_2844.jpeg,data/test/PNEUMONIA/person1644_virus_2844.jpeg,1400,1048,L,test,PNEUMONIA,1.3358778625954197
person1645_virus_2845.jpeg,data/test/PNEUMONIA/person1645_virus_2845.jpeg,1144,680,L,test,PNEUMONIA,1.6823529411764706
person1647_virus_2848.jpeg,data/test/PNEUMONIA/person1647_virus_2848.jpeg,1168,768,L,test,PNEUMONIA,1.5208333333333333
person1649_virus_2850.jpeg,data/test/PNEUMONIA/person1649_virus_2850.jpeg,1360,920,L,test,PNEUMONIA,1.4782608695652173
person1650_virus_2852.jpeg,data/test/PNEUMONIA/person1650_virus_2852.jpeg,1120,784,L,test,PNEUMONIA,1.4285714285714286
person1650_virus_2854.jpeg,data/test/PNEUMONIA/person1650_virus_2854.jpeg,1120,680,L,test,PNEUMONIA,1.6470588235294117
person1651_virus_2855.jpeg,data/test/PNEUMONIA/person1651_virus_2855.jpeg,888,464,L,test,PNEUMONIA,1.9137931034482758
person1653_virus_2858.jpeg,data/test/PNEUMONIA/person1653_virus_2858.jpeg,1008,592,L,test,PNEUMONIA,1.7027027027027026
person1653_virus_2859.jpeg,data/test/PNEUMONIA/person1653_virus_2859.jpeg,1096,760,L,test,PNEUMONIA,1.4421052631578948
person1655_virus_2861.jpeg,data/test/PNEUMONIA/person1655_virus_2861.jpeg,1544,1264,L,test,PNEUMONIA,1.2215189873417722
person1656_virus_2862.jpeg,data/test/PNEUMONIA/person1656_virus_2862.jpeg,1160,960,L,test,PNEUMONIA,1.2083333333333333
person1657_virus_2864.jpeg,data/test/PNEUMONIA/person1657_virus_2864.jpeg,1624,1288,L,test,PNEUMONIA,1.2608695652173914
person1659_virus_2867.jpeg,data/test/PNEUMONIA/person1659_virus_2867.jpeg,1264,744,L,test,PNEUMONIA,1.6989247311827957
person1660_virus_2869.jpeg,data/test/PNEUMONIA/person1660_virus_2869.jpeg,1024,568,L,test,PNEUMONIA,1.8028169014084507
person1661_virus_2872.jpeg,data/test/PNEUMONIA/person1661_virus_2872.jpeg,1600,992,L,test,PNEUMONIA,1.6129032258064515
person1661_virus_2873.jpeg,data/test/PNEUMONIA/person1661_virus_2873.jpeg,1600,992,L,test,PNEUMONIA,1.6129032258064515
person1662_virus_2875.jpeg,data/test/PNEUMONIA/person1662_virus_2875.jpeg,1160,672,L,test,PNEUMONIA,1.7261904761904763
person1663_virus_2876.jpeg,data/test/PNEUMONIA/person1663_virus_2876.jpeg,944,528,L,test,PNEUMONIA,1.7878787878787878
person1664_virus_2877.jpeg,data/test/PNEUMONIA/person1664_virus_2877.jpeg,1280,984,L,test,PNEUMONIA,1.3008130081300813
person1665_virus_2878.jpeg,data/test/PNEUMONIA/person1665_virus_2878.jpeg,1432,1024,L,test,PNEUMONIA,1.3984375
person1667_virus_2881.jpeg,data/test/PNEUMONIA/person1667_virus_2881.jpeg,952,664,L,test,PNEUMONIA,1.4337349397590362
person1668_virus_2882.jpeg,data/test/PNEUMONIA/person1668_virus_2882.jpeg,1168,728,L,test,PNEUMONIA,1.6043956043956045
person1669_virus_2884.jpeg,data/test/PNEUMONIA/person1669_virus_2884.jpeg,1288,736,L,test,PNEUMONIA,1.75
person1669_virus_2885.jpeg,data/test/PNEUMONIA/person1669_virus_2885.jpeg,1248,728,L,test,PNEUMONIA,1.7142857142857142
person1670_virus_2886.jpeg,data/test/PNEUMONIA/person1670_virus_2886.jpeg,1120,552,L,test,PNEUMONIA,2.028985507246377
person1671_virus_2887.jpeg,data/test/PNEUMONIA/person1671_virus_2887.jpeg,1512,888,L,test,PNEUMONIA,1.7027027027027026
person1672_virus_2888.jpeg,data/test/PNEUMONIA/person1672_virus_2888.jpeg,1456,1080,L,test,PNEUMONIA,1.348148148148148
person1673_virus_2889.jpeg,data/test/PNEUMONIA/person1673_virus_2889.jpeg,1168,840,L,test,PNEUMONIA,1.3904761904761904
person1674_virus_2890.jpeg,data/test/PNEUMONIA/person1674_virus_2890.jpeg,1960,1416,L,test,PNEUMONIA,1.384180790960452
person1675_virus_2891.jpeg,data/test/PNEUMONIA/person1675_virus_2891.jpeg,952,520,L,test,PNEUMONIA,1.8307692307692307
person1676_virus_2892.jpeg,data/test/PNEUMONIA/person1676_virus_2892.jpeg,1624,1104,L,test,PNEUMONIA,1.4710144927536233
person1678_virus_2895.jpeg,data/test/PNEUMONIA/person1678_virus_2895.jpeg,1408,840,L,test,PNEUMONIA,1.6761904761904762
person1679_virus_2896.jpeg,data/test/PNEUMONIA/person1679_virus_2896.jpeg,1248,840,L,test,PNEUMONIA,1.4857142857142858
person1680_virus_2897.jpeg,data/test/PNEUMONIA/person1680_virus_2897.jpeg,1624,968,L,test,PNEUMONIA,1.677685950413223
person1682_virus_2899.jpeg,data/test/PNEUMONIA/person1682_virus_2899.jpeg,1712,1392,L,test,PNEUMONIA,1.2298850574712643
person1685_virus_2903.jpeg,data/test/PNEUMONIA/person1685_virus_2903.jpeg,792,560,L,test,PNEUMONIA,1.4142857142857144
person16_virus_47.jpeg,data/test/PNEUMONIA/person16_virus_47.jpeg,1582,1333,L,test,PNEUMONIA,1.1867966991747938
person171_bacteria_826.jpeg,data/test/PNEUMONIA/person171_bacteria_826.jpeg,1088,672,L,test,PNEUMONIA,1.619047619047619
person172_bacteria_827.jpeg,data/test/PNEUMONIA/person172_bacteria_827.jpeg,1088,752,L,test,PNEUMONIA,1.446808510638298
person172_bacteria_828.jpeg,data/test/PNEUMONIA/person172_bacteria_828.jpeg,1458,990,L,test,PNEUMONIA,1.4727272727272727
person173_bacteria_829.jpeg,data/test/PNEUMONIA/person173_bacteria_829.jpeg,1192,992,L,test,PNEUMONIA,1.2016129032258065
person173_bacteria_830.jpeg,data/test/PNEUMONIA/person173_bacteria_830.jpeg,1208,792,L,test,PNEUMONIA,1.5252525252525253
person173_bacteria_831.jpeg,data/test/PNEUMONIA/person173_bacteria_831.jpeg,1368,1002,L,test,PNEUMONIA,1.3652694610778444
person174_bacteria_832.jpeg,data/test/PNEUMONIA/person174_bacteria_832.jpeg,1365,1118,L,test,PNEUMONIA,1.2209302325581395
person175_bacteria_833.jpeg,data/test/PNEUMONIA/person175_bacteria_833.jpeg,1096,880,L,test,PNEUMONIA,1.2454545454545454
person175_bacteria_834.jpeg,data/test/PNEUMONIA/person175_bacteria_834.jpeg,1184,960,L,test,PNEUMONIA,1.2333333333333334
person175_bacteria_835.jpeg,data/test/PNEUMONIA/person175_bacteria_835.jpeg,1208,640,L,test,PNEUMONIA,1.8875
person17_virus_48.jpeg,data/test/PNEUMONIA/person17_virus_48.jpeg,1224,856,L,test,PNEUMONIA,1.4299065420560748
person18_virus_49.jpeg,data/test/PNEUMONIA/person18_virus_49.jpeg,1198,654,L,test,PNEUMONIA,1.8318042813455657
person19_virus_50.jpeg,data/test/PNEUMONIA/person19_virus_50.jpeg,1462,1010,L,test,PNEUMONIA,1.4475247524752475
person1_virus_11.jpeg,data/test/PNEUMONIA/person1_virus_11.jpeg,872,560,L,test,PNEUMONIA,1.5571428571428572
person1_virus_12.jpeg,data/test/PNEUMONIA/person1_virus_12.jpeg,1080,624,L,test,PNEUMONIA,1.7307692307692308
person1_virus_13.jpeg,data/test/PNEUMONIA/person1_virus_13.jpeg,1136,654,L,test,PNEUMONIA,1.7370030581039755
person1_virus_6.jpeg,data/test/PNEUMONIA/person1_virus_6.jpeg,944,640,L,test,PNEUMONIA,1.475
person1_virus_7.jpeg,data/test/PNEUMONIA/person1_virus_7.jpeg,1000,544,L,test,PNEUMONIA,1.838235294117647
person1_virus_8.jpeg,data/test/PNEUMONIA/person1_virus_8.jpeg,960,544,L,test,PNEUMONIA,1.7647058823529411
person1_virus_9.jpeg,data/test/PNEUMONIA/person1_virus_9.jpeg,856,552,L,test,PNEUMONIA,1.5507246376811594
person20_virus_51.jpeg,data/test/PNEUMONIA/person20_virus_51.jpeg,1320,1208,L,test,PNEUMONIA,1.0927152317880795
person21_virus_52.jpeg,data/test/PNEUMONIA/person21_virus_52.jpeg,1952,1296,L,test,PNEUMONIA,1.5061728395061729
person21_virus_53.jpeg,data/test/PNEUMONIA/person21_virus_53.jpeg,2000,1456,L,test,PNEUMONIA,1.3736263736263736
person22_virus_54.jpeg,data/test/PNEUMONIA/person22_virus_54.jpeg,1216,584,L,test,PNEUMONIA,2.0821917808219177
person22_virus_55.jpeg,data/test/PNEUMONIA/person22_virus_55.jpeg,1096,712,L,test,PNEUMONIA,1.5393258426966292
person23_virus_56.jpeg,data/test/PNEUMONIA/person23_virus_56.jpeg,1520,872,L,test,PNEUMONIA,1.7431192660550459
person24_virus_58.jpeg,data/test/PNEUMONIA/person24_virus_58.jpeg,1352,792,L,test,PNEUMONIA,1.707070707070707
person25_virus_59.jpeg,data/test/PNEUMONIA/person25_virus_59.jpeg,960,616,L,test,PNEUMONIA,1.5584415584415585
person26_virus_60.jpeg,data/test/PNEUMONIA/person26_virus_60.jpeg,1152,720,L,test,PNEUMONIA,1.6
person28_virus_62.jpeg,data/test/PNEUMONIA/person28_virus_62.jpeg,1216,872,L,test,PNEUMONIA,1.3944954128440368
person28_virus_63.jpeg,data/test/PNEUMONIA/person28_virus_63.jpeg,1232,864,L,test,PNEUMONIA,1.4259259259259258
person29_virus_64.jpeg,data/test/PNEUMONIA/person29_virus_64.jpeg,1024,600,L,test,PNEUMONIA,1.7066666666666668
person30_virus_69.jpeg,data/test/PNEUMONIA/person30_virus_69.jpeg,1576,1216,L,test,PNEUMONIA,1.2960526315789473
person31_virus_70.jpeg,data/test/PNEUMONIA/person31_virus_70.jpeg,896,544,L,test,PNEUMONIA,1.6470588235294117
person32_virus_71.jpeg,data/test/PNEUMONIA/person32_virus_71.jpeg,1288,952,L,test,PNEUMONIA,1.3529411764705883
person33_virus_72.jpeg,data/test/PNEUMONIA/person33_virus_72.jpeg,1024,552,L,test,PNEUMONIA,1.855072463768116
person34_virus_76.jpeg,data/test/PNEUMONIA/person34_virus_76.jpeg,1648,1400,L,test,PNEUMONIA,1.177142857142857
person35_virus_80.jpeg,data/test/PNEUMONIA/person35_virus_80.jpeg,1552,1016,L,test,PNEUMONIA,1.5275590551181102
person36_virus_81.jpeg,data/test/PNEUMONIA/person36_virus_81.jpeg,1264,824,L,test,PNEUMONIA,1.5339805825242718
person37_virus_82.jpeg,data/test/PNEUMONIA/person37_virus_82.jpeg,1080,752,L,test,PNEUMONIA,1.4361702127659575
person38_virus_83.jpeg,data/test/PNEUMONIA/person38_virus_83.jpeg,1400,1136,L,test,PNEUMONIA,1.232394366197183
person38_virus_84.jpeg,data/test/PNEUMONIA/person38_virus_84.jpeg,1488,976,L,test,PNEUMONIA,1.5245901639344261
person39_virus_85.jpeg,data/test/PNEUMONIA/person39_virus_85.jpeg,1120,696,L,test,PNEUMONIA,1.6091954022988506
person3_virus_15.jpeg,data/test/PNEUMONIA/person3_virus_15.jpeg,1304,968,L,test,PNEUMONIA,1.3471074380165289
person3_virus_16.jpeg,data/test/PNEUMONIA/person3_virus_16.jpeg,1256,848,L,test,PNEUMONIA,1.4811320754716981
person3_virus_17.jpeg,data/test/PNEUMONIA/person3_virus_17.jpeg,1344,1120,L,test,PNEUMONIA,1.2
person40_virus_87.jpeg,data/test/PNEUMONIA/person40_virus_87.jpeg,1040,768,L,test,PNEUMONIA,1.3541666666666667
person41_virus_88.jpeg,data/test/PNEUMONIA/person41_virus_88.jpeg,1328,984,L,test,PNEUMONIA,1.3495934959349594
person42_virus_89.jpeg,data/test/PNEUMONIA/person42_virus_89.jpeg,1016,616,L,test,PNEUMONIA,1.6493506493506493
person43_virus_92.jpeg,data/test/PNEUMONIA/person43_virus_92.jpeg,1192,752,L,test,PNEUMONIA,1.5851063829787233
person44_virus_93.jpeg,data/test/PNEUMONIA/person44_virus_93.jpeg,1192,920,L,test,PNEUMONIA,1.2956521739130435
person44_virus_94.jpeg,data/test/PNEUMONIA/person44_virus_94.jpeg,1392,1008,L,test,PNEUMONIA,1.380952380952381
person45_virus_95.jpeg,data/test/PNEUMONIA/person45_virus_95.jpeg,1376,912,L,test,PNEUMONIA,1.5087719298245614
person46_virus_96.jpeg,data/test/PNEUMONIA/person46_virus_96.jpeg,1192,872,L,test,PNEUMONIA,1.3669724770642202
person47_virus_99.jpeg,data/test/PNEUMONIA/person47_virus_99.jpeg,1344,864,L,test,PNEUMONIA,1.5555555555555556
person48_virus_100.jpeg,data/test/PNEUMONIA/person48_virus_100.jpeg,1352,1064,L,test,PNEUMONIA,1.2706766917293233
person49_virus_101.jpeg,data/test/PNEUMONIA/person49_virus_101.jpeg,1336,1032,L,test,PNEUMONIA,1.2945736434108528
person50_virus_102.jpeg,data/test/PNEUMONIA/person50_virus_102.jpeg,1280,760,L,test,PNEUMONIA,1.6842105263157894
person51_virus_105.jpeg,data/test/PNEUMONIA/person51_virus_105.jpeg,1160,696,L,test,PNEUMONIA,1.6666666666666667
person52_virus_106.jpeg,data/test/PNEUMONIA/person52_virus_106.jpeg,1048,688,L,test,PNEUMONIA,1.5232558139534884
person53_virus_107.jpeg,data/test/PNEUMONIA/person53_virus_107.jpeg,1168,712,L,test,PNEUMONIA,1.6404494382022472
person53_virus_108.jpeg,data/test/PNEUMONIA/person53_virus_108.jpeg,1152,728,L,test,PNEUMONIA,1.5824175824175823
person54_virus_109.jpeg,data/test/PNEUMONIA/person54_virus_109.jpeg,1184,816,L,test,PNEUMONIA,1.4509803921568627
person55_virus_110.jpeg,data/test/PNEUMONIA/person55_virus_110.jpeg,1464,744,L,test,PNEUMONIA,1.967741935483871
person56_virus_112.jpeg,data/test/PNEUMONIA/person56_virus_112.jpeg,1088,576,L,test,PNEUMONIA,1.8888888888888888
person57_virus_113.jpeg,data/test/PNEUMONIA/person57_virus_113.jpeg,1192,856,L,test,PNEUMONIA,1.3925233644859814
person59_virus_116.jpeg,data/test/PNEUMONIA/person59_virus_116.jpeg,1072,616,L,test,PNEUMONIA,1.7402597402597402
person60_virus_117.jpeg,data/test/PNEUMONIA/person60_virus_117.jpeg,1072,880,L,test,PNEUMONIA,1.2181818181818183
person61_virus_118.jpeg,data/test/PNEUMONIA/person61_virus_118.jpeg,1088,696,L,test,PNEUMONIA,1.5632183908045978
person62_virus_119.jpeg,data/test/PNEUMONIA/person62_virus_119.jpeg,1544,872,L,test,PNEUMONIA,1.7706422018348624
person63_virus_121.jpeg,data/test/PNEUMONIA/person63_virus_121.jpeg,1504,1032,L,test,PNEUMONIA,1.4573643410852712
person64_virus_122.jpeg,data/test/PNEUMONIA/person64_virus_122.jpeg,1112,592,L,test,PNEUMONIA,1.8783783783783783
person65_virus_123.jpeg,data/test/PNEUMONIA/person65_virus_123.jpeg,1320,768,L,test,PNEUMONIA,1.71875
person66_virus_125.jpeg,data/test/PNEUMONIA/person66_virus_125.jpeg,1432,976,L,test,PNEUMONIA,1.4672131147540983
person67_virus_126.jpeg,data/test/PNEUMONIA/person67_virus_126.jpeg,1296,880,L,test,PNEUMONIA,1.4727272727272727
person69_virus_129.jpeg,data/test/PNEUMONIA/person69_virus_129.jpeg,1048,440,L,test,PNEUMONIA,2.381818181818182
person70_virus_130.jpeg,data/test/PNEUMONIA/person70_virus_130.jpeg,1160,624,L,test,PNEUMONIA,1.858974358974359
person71_virus_131.jpeg,data/test/PNEUMONIA/person71_virus_131.jpeg,1232,888,L,test,PNEUMONIA,1.3873873873873874
person71_virus_132.jpeg,data/test/PNEUMONIA/person71_virus_132.jpeg,1368,904,L,test,PNEUMONIA,1.5132743362831858
person72_virus_133.jpeg,data/test/PNEUMONIA/person72_virus_133.jpeg,1528,968,L,test,PNEUMONIA,1.578512396694215
person74_virus_135.jpeg,data/test/PNEUMONIA/person74_virus_135.jpeg,840,560,L,test,PNEUMONIA,1.5
person75_virus_136.jpeg,data/test/PNEUMONIA/person75_virus_136.jpeg,960,576,L,test,PNEUMONIA,1.6666666666666667
person76_virus_138.jpeg,data/test/PNEUMONIA/person76_virus_138.jpeg,1224,744,L,test,PNEUMONIA,1.6451612903225807
person77_virus_139.jpeg,data/test/PNEUMONIA/person77_virus_139.jpeg,1240,784,L,test,PNEUMONIA,1.5816326530612246
person78_bacteria_378.jpeg,data/test/PNEUMONIA/person78_bacteria_378.jpeg,728,368,L,test,PNEUMONIA,1.9782608695652173
person78_bacteria_380.jpeg,data/test/PNEUMONIA/person78_bacteria_380.jpeg,864,464,L,test,PNEUMONIA,1.8620689655172413
person78_bacteria_381.jpeg,data/test/PNEUMONIA/person78_bacteria_381.jpeg,824,536,L,test,PNEUMONIA,1.537313432835821
person78_bacteria_382.jpeg,data/test/PNEUMONIA/person78_bacteria_382.jpeg,1016,544,L,test,PNEUMONIA,1.8676470588235294
person78_bacteria_384.jpeg,data/test/PNEUMONIA/person78_bacteria_384.jpeg,744,424,L,test,PNEUMONIA,1.7547169811320755
person78_bacteria_385.jpeg,data/test/PNEUMONIA/person78_bacteria_385.jpeg,936,568,L,test,PNEUMONIA,1.647887323943662
person78_bacteria_386.jpeg,data/test/PNEUMONIA/person78_bacteria_386.jpeg,744,416,L,test,PNEUMONIA,1.7884615384615385
person78_bacteria_387.jpeg,data/test/PNEUMONIA/person78_bacteria_387.jpeg,1022,643,L,test,PNEUMONIA,1.5894245723172629
person78_virus_140.jpeg,data/test/PNEUMONIA/person78_virus_140.jpeg,1592,1144,L,test,PNEUMONIA,1.3916083916083917
person79_virus_148.jpeg,data/test/PNEUMONIA/person79_virus_148.jpeg,1632,1312,L,test,PNEUMONIA,1.2439024390243902
person80_bacteria_389.jpeg,data/test/PNEUMONIA/person80_bacteria_389.jpeg,1144,824,L,test,PNEUMONIA,1.3883495145631068
person80_bacteria_390.jpeg,data/test/PNEUMONIA/person80_bacteria_390.jpeg,1104,640,L,test,PNEUMONIA,1.725
person80_bacteria_391.jpeg,data/test/PNEUMONIA/person80_bacteria_391.jpeg,1032,744,L,test,PNEUMONIA,1.3870967741935485
person80_bacteria_392.jpeg,data/test/PNEUMONIA/person80_bacteria_392.jpeg,1152,832,L,test,PNEUMONIA,1.3846153846153846
person80_bacteria_393.jpeg,data/test/PNEUMONIA/person80_bacteria_393.jpeg,1310,844,L,test,PNEUMONIA,1.552132701421801
person81_bacteria_395.jpeg,data/test/PNEUMONIA/person81_bacteria_395.jpeg,912,584,L,test,PNEUMONIA,1.5616438356164384
person81_bacteria_396.jpeg,data/test/PNEUMONIA/person81_bacteria_396.jpeg,1048,480,L,test,PNEUMONIA,2.183333333333333
person81_bacteria_397.jpeg,data/test/PNEUMONIA/person81_bacteria_397.jpeg,888,344,L,test,PNEUMONIA,2.5813953488372094
person81_bacteria_398.jpeg,data/test/PNEUMONIA/person81_bacteria_398.jpeg,848,600,L,test,PNEUMONIA,1.4133333333333333
person82_bacteria_402.jpeg,data/test/PNEUMONIA/person82_bacteria_402.jpeg,928,536,L,test,PNEUMONIA,1.7313432835820894
person82_bacteria_403.jpeg,data/test/PNEUMONIA/person82_bacteria_403.jpeg,936,496,L,test,PNEUMONIA,1.8870967741935485
person82_bacteria_404.jpeg,data/test/PNEUMONIA/person82_bacteria_404.jpeg,840,464,L,test,PNEUMONIA,1.8103448275862069
person82_bacteria_405.jpeg,data/test/PNEUMONIA/person82_bacteria_405.jpeg,952,568,L,test,PNEUMONIA,1.676056338028169
person83_bacteria_407.jpeg,data/test/PNEUMONIA/person83_bacteria_407.jpeg,1148,897,L,test,PNEUMONIA,1.2798216276477146
person83_bacteria_409.jpeg,data/test/PNEUMONIA/person83_bacteria_409.jpeg,968,712,L,test,PNEUMONIA,1.3595505617977528
person83_bacteria_410.jpeg,data/test/PNEUMONIA/person83_bacteria_410.jpeg,912,648,L,test,PNEUMONIA,1.4074074074074074
person83_bacteria_411.jpeg,data/test/PNEUMONIA/person83_bacteria_411.jpeg,1016,832,L,test,PNEUMONIA,1.2211538461538463
person83_bacteria_412.jpeg,data/test/PNEUMONIA/person83_bacteria_412.jpeg,864,560,L,test,PNEUMONIA,1.542857142857143
person83_bacteria_414.jpeg,data/test/PNEUMONIA/person83_bacteria_414.jpeg,1010,717,L,test,PNEUMONIA,1.408647140864714
person85_bacteria_417.jpeg,data/test/PNEUMONIA/person85_bacteria_417.jpeg,1048,568,L,test,PNEUMONIA,1.8450704225352113
person85_bacteria_419.jpeg,data/test/PNEUMONIA/person85_bacteria_419.jpeg,952,672,L,test,PNEUMONIA,1.4166666666666667
person85_bacteria_421.jpeg,data/test/PNEUMONIA/person85_bacteria_421.jpeg,952,632,L,test,PNEUMONIA,1.5063291139240507
person85_bacteria_422.jpeg,data/test/PNEUMONIA/person85_bacteria_422.jpeg,904,480,L,test,PNEUMONIA,1.8833333333333333
person85_bacteria_423.jpeg,data/test/PNEUMONIA/person85_bacteria_423.jpeg,872,504,L,test,PNEUMONIA,1.7301587301587302
person85_bacteria_424.jpeg,data/test/PNEUMONIA/person85_bacteria_424.jpeg,1032,632,L,test,PNEUMONIA,1.6329113924050633
person86_bacteria_428.jpeg,data/test/PNEUMONIA/person86_bacteria_428.jpeg,832,552,L,test,PNEUMONIA,1.5072463768115942
person86_bacteria_429.jpeg,data/test/PNEUMONIA/person86_bacteria_429.jpeg,784,552,L,test,PNEUMONIA,1.4202898550724639
person87_bacteria_433.jpeg,data/test/PNEUMONIA/person87_bacteria_433.jpeg,1064,808,L,test,PNEUMONIA,1.316831683168317
person87_bacteria_434.jpeg,data/test/PNEUMONIA/person87_bacteria_434.jpeg,1032,760,L,test,PNEUMONIA,1.3578947368421053
person88_bacteria_437.jpeg,data/test/PNEUMONIA/person88_bacteria_437.jpeg,1144,848,L,test,PNEUMONIA,1.349056603773585
person88_bacteria_438.jpeg,data/test/PNEUMONIA/person88_bacteria_438.jpeg,1144,760,L,test,PNEUMONIA,1.5052631578947369
person88_bacteria_439.jpeg,data/test/PNEUMONIA/person88_bacteria_439.jpeg,1512,991,L,test,PNEUMONIA,1.525731584258325
person89_bacteria_440.jpeg,data/test/PNEUMONIA/person89_bacteria_440.jpeg,1280,1000,L,test,PNEUMONIA,1.28
person8_virus_27.jpeg,data/test/PNEUMONIA/person8_virus_27.jpeg,1008,696,L,test,PNEUMONIA,1.4482758620689655
person8_virus_28.jpeg,data/test/PNEUMONIA/person8_virus_28.jpeg,992,688,L,test,PNEUMONIA,1.441860465116279
person90_bacteria_442.jpeg,data/test/PNEUMONIA/person90_bacteria_442.jpeg,1232,888,L,test,PNEUMONIA,1.3873873873873874
person90_bacteria_443.jpeg,data/test/PNEUMONIA/person90_bacteria_443.jpeg,904,664,L,test,PNEUMONIA,1.3614457831325302
person91_bacteria_445.jpeg,data/test/PNEUMONIA/person91_bacteria_445.jpeg,1110,870,L,test,PNEUMONIA,1.2758620689655173
person91_bacteria_446.jpeg,data/test/PNEUMONIA/person91_bacteria_446.jpeg,864,664,L,test,PNEUMONIA,1.3012048192771084
person91_bacteria_447.jpeg,data/test/PNEUMONIA/person91_bacteria_447.jpeg,936,656,L,test,PNEUMONIA,1.4268292682926829
person91_bacteria_448.jpeg,data/test/PNEUMONIA/person91_bacteria_448.jpeg,1128,817,L,test,PNEUMONIA,1.3806609547123623
person91_bacteria_449.jpeg,data/test/PNEUMONIA/person91_bacteria_449.jpeg,1006,740,L,test,PNEUMONIA,1.3594594594594596
person92_bacteria_450.jpeg,data/test/PNEUMONIA/person92_bacteria_450.jpeg,1072,560,L,test,PNEUMONIA,1.9142857142857144
person92_bacteria_451.jpeg,data/test/PNEUMONIA/person92_bacteria_451.jpeg,1040,568,L,test,PNEUMONIA,1.8309859154929577
person93_bacteria_453.jpeg,data/test/PNEUMONIA/person93_bacteria_453.jpeg,952,656,L,test,PNEUMONIA,1.451219512195122
person93_bacteria_454.jpeg,data/test/PNEUMONIA/person93_bacteria_454.jpeg,1056,592,L,test,PNEUMONIA,1.7837837837837838
person94_bacteria_456.jpeg,data/test/PNEUMONIA/person94_bacteria_456.jpeg,1008,704,L,test,PNEUMONIA,1.4318181818181819
person94_bacteria_457.jpeg,data/test/PNEUMONIA/person94_bacteria_457.jpeg,1016,688,L,test,PNEUMONIA,1.4767441860465116
person94_bacteria_458.jpeg,data/test/PNEUMONIA/person94_bacteria_458.jpeg,952,560,L,test,PNEUMONIA,1.7
person95_bacteria_463.jpeg,data/test/PNEUMONIA/person95_bacteria_463.jpeg,1000,704,L,test,PNEUMONIA,1.4204545454545454
person96_bacteria_464.jpeg,data/test/PNEUMONIA/person96_bacteria_464.jpeg,936,800,L,test,PNEUMONIA,1.17
person96_bacteria_465.jpeg,data/test/PNEUMONIA/person96_bacteria_465.jpeg,1120,856,L,test,PNEUMONIA,1.308411214953271
person96_bacteria_466.jpeg,data/test/PNEUMONIA/person96_bacteria_466.jpeg,1064,856,L,test,PNEUMONIA,1.2429906542056075
person97_bacteria_468.jpeg,data/test/PNEUMONIA/person97_bacteria_468.jpeg,1400,1024,L,test,PNEUMONIA,1.3671875
person99_bacteria_473.jpeg,data/test/PNEUMONIA/person99_bacteria_473.jpeg,1264,1016,L,test,PNEUMONIA,1.2440944881889764
person99_bacteria_474.jpeg,data/test/PNEUMONIA/person99_bacteria_474.jpeg,1704,1122,L,test,PNEUMONIA,1.518716577540107
